country,year,iso_code,population,gdp,co2,co2_per_capita
Afghanistan,1950,AFG,7776180.0,9421400000.0,0.084,0.011
Afghanistan,1951,AFG,7879343.0,9692280000.0,0.092,0.012
Afghanistan,1952,AFG,7987784.0,10017325000.0,0.092,0.011
Afghanistan,1953,AFG,8096703.0,10630520000.0,0.106,0.013
Afghanistan,1954,AFG,8207954.0,10866360000.0,0.106,0.013
Afghanistan,1955,AFG,8326981.0,11078186000.0,0.154,0.018
Afghanistan,1956,AFG,8454303.0,11581236000.0,0.183,0.022
Afghanistan,1957,AFG,8588340.0,11578973000.0,0.293,0.034
Afghanistan,1958,AFG,8723412.0,12238842000.0,0.33,0.038
Afghanistan,1959,AFG,8869270.0,12579875000.0,0.385,0.043
Afghanistan,1960,AFG,9035048.0,13033254000.0,0.414,0.046
Afghanistan,1961,AFG,9214082.0,13146287000.0,0.491,0.053
Afghanistan,1962,AFG,9404410.0,13367634000.0,0.689,0.073
Afghanistan,1963,AFG,9604491.0,13630298000.0,0.707,0.074
Afghanistan,1964,AFG,9814317.0,13870504000.0,0.839,0.085
Afghanistan,1965,AFG,10036003.0,14187420000.0,1.007,0.1
Afghanistan,1966,AFG,10266397.0,14325264000.0,1.091,0.106
Afghanistan,1967,AFG,10505961.0,14734026000.0,1.282,0.122
Afghanistan,1968,AFG,10756924.0,15254250000.0,1.223,0.114
Afghanistan,1969,AFG,11017417.0,15493194000.0,0.941,0.085
Afghanistan,1970,AFG,11290134.0,15812232000.0,1.67,0.148
Afghanistan,1971,AFG,11567672.0,15770513000.0,1.894,0.164
Afghanistan,1972,AFG,11853698.0,13170553000.0,1.53,0.129
Afghanistan,1973,AFG,12158000.0,13568631000.0,1.635,0.135
Afghanistan,1974,AFG,12469127.0,14309108000.0,1.913,0.153
Afghanistan,1975,AFG,12773966.0,15177768000.0,2.121,0.166
Afghanistan,1976,AFG,13059861.0,16023605000.0,1.981,0.152
Afghanistan,1977,AFG,13340758.0,15207360000.0,2.384,0.179
Afghanistan,1978,AFG,13611444.0,16337830000.0,2.153,0.158
Afghanistan,1979,AFG,13655575.0,15913788000.0,2.233,0.164
Afghanistan,1980,AFG,13169313.0,15329836000.0,1.756,0.133
Afghanistan,1981,AFG,11937586.0,15645344000.0,1.978,0.166
Afghanistan,1982,AFG,10991380.0,15980410000.0,2.095,0.191
Afghanistan,1983,AFG,10917985.0,16755333000.0,2.52,0.231
Afghanistan,1984,AFG,11190222.0,17072153000.0,2.822,0.252
Afghanistan,1985,AFG,11426855.0,17108480000.0,3.501,0.306
Afghanistan,1986,AFG,11420074.0,17641344000.0,3.134,0.274
Afghanistan,1987,AFG,11387822.0,15810816000.0,3.114,0.273
Afghanistan,1988,AFG,11523299.0,14499069000.0,2.857,0.248
Afghanistan,1989,AFG,11874089.0,13489497000.0,2.765,0.233
Afghanistan,1990,AFG,12045664.0,13065984000.0,2.024,0.168
Afghanistan,1991,AFG,12238879.0,12047361847.0,1.914,0.156
Afghanistan,1992,AFG,13278983.0,12677539626.0,1.482,0.112
Afghanistan,1993,AFG,14943175.0,9834582315.0,1.487,0.1
Afghanistan,1994,AFG,16250800.0,7919856426.0,1.454,0.089
Afghanistan,1995,AFG,17065837.0,12307525468.0,1.417,0.083
Afghanistan,1996,AFG,17763266.0,12070125316.0,1.37,0.077
Afghanistan,1997,AFG,18452100.0,11850752863.0,1.304,0.071
Afghanistan,1998,AFG,19159996.0,11692171422.0,1.279,0.067
Afghanistan,1999,AFG,19887792.0,11517315926.0,1.092,0.055
Afghanistan,2000,AFG,20130334.0,11283794151.0,1.047,0.052
Afghanistan,2001,AFG,20284303.0,11021272927.0,1.069,0.053
Afghanistan,2002,AFG,21378123.0,18804871508.0,1.341,0.063
Afghanistan,2003,AFG,22733053.0,21074343420.0,1.56,0.069
Afghanistan,2004,AFG,23560656.0,22332570533.0,1.237,0.053
Afghanistan,2005,AFG,24404575.0,25397686814.0,1.89,0.077
Afghanistan,2006,AFG,25424100.0,28704399925.0,2.159,0.085
Afghanistan,2007,AFG,25909852.0,34507529735.0,2.8,0.108
Afghanistan,2008,AFG,26482631.0,36561043230.0,4.254,0.161
Afghanistan,2009,AFG,27466102.0,44358722212.0,6.388,0.233
Afghanistan,2010,AFG,28284088.0,47399425562.0,8.365,0.296
Afghanistan,2011,AFG,29347708.0,53326336000.0,11.41,0.389
Afghanistan,2012,AFG,30560036.0,59166900000.0,9.731,0.318
Afghanistan,2013,AFG,31622709.0,62993700000.0,8.891,0.281
Afghanistan,2014,AFG,32792528.0,64346106000.0,8.698,0.265
Afghanistan,2015,AFG,33831767.0,62783392000.0,9.384,0.277
Afghanistan,2016,AFG,34700613.0,64372217488.0,8.606,0.248
Afghanistan,2017,AFG,35688941.0,65169281649.0,9.311,0.261
Afghanistan,2018,AFG,36743040.0,65996738862.0,10.192,0.277
Afghanistan,2019,AFG,37856125.0,73085701943.0,10.4,0.275
Afghanistan,2020,AFG,39068977.0,71417706295.0,11.119,0.285
Afghanistan,2021,AFG,40000410.0,56638852656.0,9.869,0.247
Afghanistan,2022,AFG,40578847.0,53303471617.0,10.17,0.251
Afghanistan,2023,AFG,41454762.0,,10.516,0.254
Afghanistan,2024,AFG,42647502.0,,10.826,0.254
Africa,1950,,227776838.0,,94.751,0.416
Africa,1951,,232557370.0,,101.052,0.435
Africa,1952,,237539910.0,,110.274,0.465
Africa,1953,,242685417.0,,111.985,0.462
Africa,1954,,248006203.0,,117.518,0.474
Africa,1955,,253538234.0,,129.395,0.511
Africa,1956,,259271764.0,,135.095,0.522
Africa,1957,,265129059.0,,141.586,0.535
Africa,1958,,271042090.0,,148.671,0.549
Africa,1959,,277271946.0,,147.841,0.534
Africa,1960,,283922294.0,,156.571,0.552
Africa,1961,,290814089.0,,161.994,0.558
Africa,1962,,297959970.0,,166.335,0.559
Africa,1963,,305371364.0,,176.335,0.578
Africa,1964,,313056695.0,,193.639,0.619
Africa,1965,,320995365.0,,213.634,0.667
Africa,1966,,329207333.0,,221.082,0.673
Africa,1967,,337767952.0,,237.045,0.703
Africa,1968,,346674276.0,,257.271,0.743
Africa,1969,,355911162.0,,277.717,0.782
Africa,1970,,365456903.0,,302.41,0.829
Africa,1971,,375228323.0,,331.582,0.885
Africa,1972,,385211089.0,,351.615,0.914
Africa,1973,,395717739.0,,377.704,0.956
Africa,1974,,406762881.0,,388.046,0.955
Africa,1975,,418322666.0,,386.833,0.926
Africa,1976,,430382650.0,,419.685,0.977
Africa,1977,,442542565.0,,432.652,0.979
Africa,1978,,455417592.0,,462.046,1.016
Africa,1979,,469072946.0,,498.671,1.065
Africa,1980,,482922202.0,,535.707,1.111
Africa,1981,,497487390.0,,548.511,1.104
Africa,1982,,512805436.0,,571.423,1.116
Africa,1983,,528042881.0,,594.289,1.127
Africa,1984,,543411002.0,,648.849,1.196
Africa,1985,,559417482.0,,665.46,1.191
Africa,1986,,575715653.0,,689.135,1.199
Africa,1987,,592341398.0,,689.027,1.165
Africa,1988,,609119477.0,,723.893,1.19
Africa,1989,,626082685.0,,696.668,1.114
Africa,1990,,643490587.0,,655.809,1.021
Africa,1991,,660810865.0,,684.249,1.037
Africa,1992,,678257033.0,,663.713,0.98
Africa,1993,,696302246.0,,704.59,1.013
Africa,1994,,714183914.0,,788.762,1.106
Africa,1995,,732395090.0,,842.296,1.152
Africa,1996,,751187001.0,,870.785,1.161
Africa,1997,,770098458.0,,892.643,1.161
Africa,1998,,789672411.0,,911.159,1.156
Africa,1999,,809745318.0,,897.515,1.11
Africa,2000,,830226481.0,,927.86,1.119
Africa,2001,,851317075.0,,917.322,1.079
Africa,2002,,873025213.0,,896.956,1.029
Africa,2003,,895336412.0,,988.111,1.105
Africa,2004,,918363272.0,,1043.504,1.138
Africa,2005,,942115143.0,,1055.713,1.122
Africa,2006,,966491337.0,,1084.853,1.124
Africa,2007,,991615906.0,,1113.892,1.125
Africa,2008,,1017632831.0,,1166.199,1.148
Africa,2009,,1044356804.0,,1160.896,1.113
Africa,2010,,1071809929.0,,1216.281,1.136
Africa,2011,,1099732995.0,,1264.906,1.152
Africa,2012,,1128396676.0,,1263.516,1.121
Africa,2013,,1158293959.0,,1280.567,1.107
Africa,2014,,1188685762.0,,1360.819,1.146
Africa,2015,,1219484027.0,,1335.946,1.097
Africa,2016,,1250551239.0,,1367.232,1.095
Africa,2017,,1282169538.0,,1377.318,1.076
Africa,2018,,1314609397.0,,1391.187,1.06
Africa,2019,,1347162538.0,,1456.083,1.082
Africa,2020,,1379939686.0,,1369.249,0.993
Africa,2021,,1412811077.0,,1475.349,1.046
Africa,2022,,1445862695.0,,1459.114,1.01
Africa,2023,,1479690254.0,,1481.814,1.003
Africa,2024,,1514032368.0,,1502.099,0.993
Africa (GCP),1950,,,,94.751,
Africa (GCP),1951,,,,101.052,
Africa (GCP),1952,,,,110.274,
Africa (GCP),1953,,,,111.985,
Africa (GCP),1954,,,,117.518,
Africa (GCP),1955,,,,129.395,
Africa (GCP),1956,,,,135.095,
Africa (GCP),1957,,,,141.586,
Africa (GCP),1958,,,,148.671,
Africa (GCP),1959,,,,147.841,
Africa (GCP),1960,,,,156.571,
Africa (GCP),1961,,,,161.994,
Africa (GCP),1962,,,,166.335,
Africa (GCP),1963,,,,176.335,
Africa (GCP),1964,,,,193.639,
Africa (GCP),1965,,,,213.634,
Africa (GCP),1966,,,,221.082,
Africa (GCP),1967,,,,237.045,
Africa (GCP),1968,,,,257.268,
Africa (GCP),1969,,,,277.717,
Africa (GCP),1970,,,,302.41,
Africa (GCP),1971,,,,331.582,
Africa (GCP),1972,,,,351.615,
Africa (GCP),1973,,,,377.704,
Africa (GCP),1974,,,,388.046,
Africa (GCP),1975,,,,386.833,
Africa (GCP),1976,,,,419.685,
Africa (GCP),1977,,,,432.652,
Africa (GCP),1978,,,,462.046,
Africa (GCP),1979,,,,498.671,
Africa (GCP),1980,,,,535.707,
Africa (GCP),1981,,,,548.503,
Africa (GCP),1982,,,,571.419,
Africa (GCP),1983,,,,594.285,
Africa (GCP),1984,,,,648.845,
Africa (GCP),1985,,,,665.456,
Africa (GCP),1986,,,,689.131,
Africa (GCP),1987,,,,689.023,
Africa (GCP),1988,,,,723.886,
Africa (GCP),1989,,,,696.66,
Africa (GCP),1990,,,,655.802,
Africa (GCP),1991,,,,684.242,
Africa (GCP),1992,,,,663.705,
Africa (GCP),1993,,,,704.579,
Africa (GCP),1994,,,,788.751,
Africa (GCP),1995,,,,842.286,
Africa (GCP),1996,,,,870.774,
Africa (GCP),1997,,,,892.632,
Africa (GCP),1998,,,,911.148,
Africa (GCP),1999,,,,897.504,
Africa (GCP),2000,,,,927.849,
Africa (GCP),2001,,,,917.311,
Africa (GCP),2002,,,,896.945,
Africa (GCP),2003,,,,988.1,
Africa (GCP),2004,,,,1043.497,
Africa (GCP),2005,,,,1055.702,
Africa (GCP),2006,,,,1084.842,
Africa (GCP),2007,,,,1113.881,
Africa (GCP),2008,,,,1166.188,
Africa (GCP),2009,,,,1160.885,
Africa (GCP),2010,,,,1216.27,
Africa (GCP),2011,,,,1264.895,
Africa (GCP),2012,,,,1263.505,
Africa (GCP),2013,,,,1280.556,
Africa (GCP),2014,,,,1360.808,
Africa (GCP),2015,,,,1335.935,
Africa (GCP),2016,,,,1367.218,
Africa (GCP),2017,,,,1377.307,
Africa (GCP),2018,,,,1391.176,
Africa (GCP),2019,,,,1456.068,
Africa (GCP),2020,,,,1369.238,
Africa (GCP),2021,,,,1475.342,
Africa (GCP),2022,,,,1459.103,
Africa (GCP),2023,,,,1481.803,
Africa (GCP),2024,,,,1502.087,
Albania,1950,ALB,1247854.0,1958540985.0,0.297,0.238
Albania,1951,ALB,1276365.0,2089362284.0,0.403,0.316
Albania,1952,ALB,1308368.0,2138255934.0,0.374,0.286
Albania,1953,ALB,1343581.0,2282159543.0,0.414,0.308
Albania,1954,ALB,1381088.0,2415072969.0,0.502,0.363
Albania,1955,ALB,1418855.0,2620052535.0,0.663,0.467
Albania,1956,ALB,1456823.0,2728373260.0,0.839,0.576
Albania,1957,ALB,1497954.0,2986969624.0,1.506,1.005
Albania,1958,ALB,1543982.0,3216275521.0,1.201,0.778
Albania,1959,ALB,1595021.0,3458495083.0,1.443,0.905
Albania,1960,ALB,1649393.0,3754262713.0,2.022,1.226
Albania,1961,ALB,1698801.0,3909912842.0,2.279,1.341
Albania,1962,ALB,1743739.0,4163081943.0,2.462,1.412
Albania,1963,ALB,1791289.0,4433269979.0,2.081,1.162
Albania,1964,ALB,1841445.0,4719963732.0,2.015,1.094
Albania,1965,ALB,1894317.0,5029350780.0,2.172,1.147
Albania,1966,ALB,1950049.0,5354307545.0,2.55,1.307
Albania,1967,ALB,2008524.0,5706156728.0,2.677,1.333
Albania,1968,ALB,2068848.0,6073281336.0,3.069,1.484
Albania,1969,ALB,2126885.0,6468809853.0,3.241,1.524
Albania,1970,ALB,2181226.0,6888218921.0,3.739,1.714
Albania,1971,ALB,2234995.0,7337364498.0,4.348,1.945
Albania,1972,ALB,2289265.0,7811524698.0,5.638,2.463
Albania,1973,ALB,2344108.0,8317288195.0,5.286,2.255
Albania,1974,ALB,2399397.0,8539399850.0,4.342,1.809
Albania,1975,ALB,2454861.0,8761642764.0,4.591,1.87
Albania,1976,ALB,2510579.0,8996929866.0,4.947,1.971
Albania,1977,ALB,2566603.0,9235806040.0,5.717,2.228
Albania,1978,ALB,2624620.0,9474237609.0,6.491,2.473
Albania,1979,ALB,2681393.0,9727294997.0,7.584,2.828
Albania,1980,ALB,2735424.0,9993752701.0,5.171,1.89
Albania,1981,ALB,2790413.0,10248711161.0,7.343,2.632
Albania,1982,ALB,2846910.0,10517106662.0,7.308,2.567
Albania,1983,ALB,2905128.0,10795983352.0,7.631,2.627
Albania,1984,ALB,2964961.0,11080088527.0,7.826,2.639
Albania,1985,ALB,3026245.0,11371456744.0,7.882,2.604
Albania,1986,ALB,3087658.0,11669745014.0,8.058,2.61
Albania,1987,ALB,3148843.0,11975300148.0,7.447,2.365
Albania,1988,ALB,3212924.0,12296424628.0,7.329,2.281
Albania,1989,ALB,3260369.0,12617018592.0,8.986,2.756
Albania,1990,ALB,3277965.0,12947849077.0,5.521,1.684
Albania,1991,ALB,3282608.0,9375856841.0,4.29,1.307
Albania,1992,ALB,3282506.0,8745674435.0,2.517,0.767
Albania,1993,ALB,3277831.0,9636341649.0,2.338,0.713
Albania,1994,ALB,3269417.0,10596114842.0,1.924,0.588
Albania,1995,ALB,3258573.0,11600732968.0,2.089,0.641
Albania,1996,ALB,3245680.0,12468867839.0,2.018,0.622
Albania,1997,ALB,3229665.0,11020137102.0,1.543,0.478
Albania,1998,ALB,3210134.0,12026242682.0,1.755,0.547
Albania,1999,ALB,3188598.0,13673692880.0,2.986,0.937
Albania,2000,ALB,3166147.0,14736835655.0,3.025,0.955
Albania,2001,ALB,3147943.0,16103903904.0,3.221,1.023
Albania,2002,ALB,3134095.0,17037279441.0,3.748,1.196
Albania,2003,ALB,3118093.0,18171076149.0,4.303,1.38
Albania,2004,ALB,3098662.0,19346601376.0,4.177,1.348
Albania,2005,ALB,3076156.0,20562850324.0,4.261,1.385
Albania,2006,ALB,3050805.0,21889974405.0,3.911,1.282
Albania,2007,ALB,3022887.0,23259283502.0,4.004,1.324
Albania,2008,ALB,2992933.0,25006230217.0,4.448,1.486
Albania,2009,ALB,2961487.0,25821550979.0,4.37,1.476
Albania,2010,ALB,2928731.0,26747818608.0,4.817,1.645
Albania,2011,ALB,2911499.0,27431048326.0,5.175,1.778
Albania,2012,ALB,2910003.0,27819814441.0,4.93,1.694
Albania,2013,ALB,2907571.0,28098562696.0,5.346,1.839
Albania,2014,ALB,2903748.0,28597169040.0,6.072,2.091
Albania,2015,ALB,2898634.0,29231663899.0,4.712,1.626
Albania,2016,ALB,2897868.0,30200694449.0,4.555,1.572
Albania,2017,ALB,2898245.0,31348975722.0,5.344,1.844
Albania,2018,ALB,2894229.0,32609000823.0,5.195,1.795
Albania,2019,ALB,2885011.0,33289747424.0,4.941,1.712
Albania,2020,ALB,2871950.0,32130726850.0,4.865,1.694
Albania,2021,ALB,2849641.0,34866976278.0,5.137,1.803
Albania,2022,ALB,2827614.0,36171005594.0,4.498,1.591
Albania,2023,ALB,2811660.0,,4.417,1.571
Albania,2024,ALB,2791756.0,,4.444,1.592
Algeria,1950,DZA,9018423.0,19350553875.0,3.784,0.42
Algeria,1951,DZA,9269870.0,19480383067.0,4.131,0.446
Algeria,1952,DZA,9521212.0,20349999181.0,3.889,0.408
Algeria,1953,DZA,9772644.0,20798191134.0,3.999,0.409
Algeria,1954,DZA,10014393.0,22019013543.0,4.152,0.415
Algeria,1955,DZA,10247429.0,22665781899.0,4.607,0.45
Algeria,1956,DZA,10482183.0,24891403710.0,4.995,0.477
Algeria,1957,DZA,10717503.0,27721041545.0,5.537,0.517
Algeria,1958,DZA,10953641.0,28728693964.0,5.214,0.476
Algeria,1959,DZA,11189621.0,33993148027.0,5.657,0.506
Algeria,1960,DZA,11424930.0,36306130250.0,6.151,0.538
Algeria,1961,DZA,11628877.0,31896876515.0,6.056,0.521
Algeria,1962,DZA,11800768.0,25126165785.0,5.661,0.48
Algeria,1963,DZA,11982121.0,31766970005.0,5.419,0.452
Algeria,1964,DZA,12179807.0,33433419329.0,5.643,0.463
Algeria,1965,DZA,12365979.0,35661973735.0,6.589,0.533
Algeria,1966,DZA,12590068.0,33932634033.0,8.421,0.669
Algeria,1967,DZA,12876115.0,37094770661.0,8.432,0.655
Algeria,1968,DZA,13172615.0,41423886061.0,9.05,0.687
Algeria,1969,DZA,13475959.0,45387458950.0,11.263,0.836
Algeria,1970,DZA,13783722.0,49945666845.0,15.059,1.093
Algeria,1971,DZA,14098937.0,45701215972.0,18.642,1.322
Algeria,1972,DZA,14427075.0,55293908511.0,28.308,1.962
Algeria,1973,DZA,14771150.0,57097847688.0,38.254,2.59
Algeria,1974,DZA,15133508.0,60577884755.0,31.847,2.104
Algeria,1975,DZA,15678603.0,64883812851.0,31.964,2.039
Algeria,1976,DZA,16409171.0,69150103648.0,39.068,2.381
Algeria,1977,DZA,17015988.0,75438035015.0,41.753,2.454
Algeria,1978,DZA,17506977.0,85103913585.0,62.299,3.559
Algeria,1979,DZA,18036655.0,92753892187.0,45.303,2.512
Algeria,1980,DZA,18607175.0,94481648187.0,66.124,3.554
Algeria,1981,DZA,19220708.0,96860512464.0,45.999,2.393
Algeria,1982,DZA,19872353.0,103073663847.0,38.808,1.953
Algeria,1983,DZA,20558120.0,108430390837.0,52.074,2.533
Algeria,1984,DZA,21271969.0,114406671796.0,70.417,3.31
Algeria,1985,DZA,22008542.0,120364208777.0,71.988,3.271
Algeria,1986,DZA,22745501.0,119145030269.0,75.382,3.314
Algeria,1987,DZA,23443627.0,118321211437.0,83.02,3.541
Algeria,1988,DZA,24109538.0,115821713281.0,82.839,3.436
Algeria,1989,DZA,24754488.0,119762433617.0,78.942,3.189
Algeria,1990,DZA,25375815.0,117843179781.0,75.892,2.991
Algeria,1991,DZA,25987937.0,121105141795.0,77.976,3.0
Algeria,1992,DZA,26628570.0,127982696018.0,79.284,2.977
Algeria,1993,DZA,27277042.0,130275774703.0,81.306,2.981
Algeria,1994,DZA,27887277.0,134279859768.0,87.848,3.15
Algeria,1995,DZA,28470194.0,145054664533.0,95.906,3.369
Algeria,1996,DZA,29033045.0,156579113896.0,99.56,3.429
Algeria,1997,DZA,29579299.0,164644463404.0,87.517,2.959
Algeria,1998,DZA,30054135.0,179962887740.0,105.74,3.518
Algeria,1999,DZA,30474360.0,193179776879.0,90.613,2.973
Algeria,2000,DZA,30903894.0,208554150552.0,84.552,2.736
Algeria,2001,DZA,31331226.0,223420294027.0,86.019,2.745
Algeria,2002,DZA,31750832.0,245360923720.0,89.658,2.824
Algeria,2003,DZA,32175813.0,273568638765.0,94.078,2.924
Algeria,2004,DZA,32628286.0,296773569597.0,90.853,2.784
Algeria,2005,DZA,33109258.0,326854481030.0,109.564,3.309
Algeria,2006,DZA,33623505.0,345705309468.0,103.798,3.087
Algeria,2007,DZA,34189420.0,371665260161.0,107.549,3.146
Algeria,2008,DZA,34816963.0,395658515586.0,108.596,3.119
Algeria,2009,DZA,35490442.0,418247711085.0,116.328,3.278
Algeria,2010,DZA,36188237.0,450705801593.0,117.847,3.257
Algeria,2011,DZA,36903374.0,482028679734.0,124.715,3.38
Algeria,2012,DZA,37646165.0,498417638719.0,135.593,3.602
Algeria,2013,DZA,38414176.0,512373332647.0,141.534,3.684
Algeria,2014,DZA,39205035.0,531843509827.0,152.435,3.888
Algeria,2015,DZA,40019528.0,551521739825.0,160.322,4.006
Algeria,2016,DZA,40850719.0,569170418715.0,158.308,3.875
Algeria,2017,DZA,41689302.0,577138830559.0,165.252,3.964
Algeria,2018,DZA,42505033.0,584064441740.0,174.461,4.104
Algeria,2019,DZA,43294551.0,589905104177.0,182.425,4.214
Algeria,2020,DZA,44042094.0,559819958223.0,171.139,3.886
Algeria,2021,DZA,44761099.0,578853830170.0,182.036,4.067
Algeria,2022,DZA,45477391.0,595820067103.0,192.779,4.239
Algeria,2023,DZA,46164222.0,,202.847,4.394
Algeria,2024,DZA,46814302.0,,198.203,4.234
Andorra,1950,AND,6018.0,,,
Andorra,1951,AND,5843.0,,,
Andorra,1952,AND,5474.0,,,
Andorra,1953,AND,5346.0,,,
Andorra,1954,AND,5623.0,,,
Andorra,1955,AND,6187.0,,,
Andorra,1956,AND,6788.0,,,
Andorra,1957,AND,7420.0,,,
Andorra,1958,AND,8090.0,,,
Andorra,1959,AND,8794.0,,,
Andorra,1960,AND,9532.0,,,
Andorra,1961,AND,10307.0,,,
Andorra,1962,AND,11107.0,,,
Andorra,1963,AND,11936.0,,,
Andorra,1964,AND,12787.0,,,
Andorra,1965,AND,13656.0,,,
Andorra,1966,AND,14649.0,,,
Andorra,1967,AND,15860.0,,,
Andorra,1968,AND,17201.0,,,
Andorra,1969,AND,18581.0,,,
Andorra,1970,AND,19999.0,,,
Andorra,1971,AND,21466.0,,,
Andorra,1972,AND,22978.0,,,
Andorra,1973,AND,24544.0,,,
Andorra,1974,AND,26153.0,,,
Andorra,1975,AND,27799.0,,,
Andorra,1976,AND,29457.0,,,
Andorra,1977,AND,31125.0,,,
Andorra,1978,AND,32758.0,,,
Andorra,1979,AND,34326.0,,,
Andorra,1980,AND,35802.0,,,
Andorra,1981,AND,37194.0,,,
Andorra,1982,AND,38785.0,,,
Andorra,1983,AND,40586.0,,,
Andorra,1984,AND,42291.0,,,
Andorra,1985,AND,43845.0,,,
Andorra,1986,AND,45758.0,,,
Andorra,1987,AND,47677.0,,,
Andorra,1988,AND,49441.0,,,
Andorra,1989,AND,50638.0,,,
Andorra,1990,AND,52616.0,,0.403,7.66
Andorra,1991,AND,56691.0,,0.403,7.109
Andorra,1992,AND,60217.0,,0.403,6.693
Andorra,1993,AND,63293.0,,0.407,6.426
Andorra,1994,AND,64631.0,,0.403,6.236
Andorra,1995,AND,63936.0,,0.425,6.648
Andorra,1996,AND,64006.0,,0.454,7.098
Andorra,1997,AND,64722.0,,0.465,7.19
Andorra,1998,AND,65400.0,,0.491,7.507
Andorra,1999,AND,65732.0,,0.513,7.804
Andorra,2000,AND,65703.0,,0.524,7.975
Andorra,2001,AND,65874.0,,0.524,7.954
Andorra,2002,AND,66528.0,,0.531,7.986
Andorra,2003,AND,69507.0,,0.535,7.696
Andorra,2004,AND,74342.0,,0.564,7.59
Andorra,2005,AND,77436.0,,0.579,7.476
Andorra,2006,AND,79609.0,,0.546,6.858
Andorra,2007,AND,81901.0,,0.539,6.576
Andorra,2008,AND,83513.0,,0.539,6.449
Andorra,2009,AND,83907.0,,0.517,6.157
Andorra,2010,AND,80727.0,,0.517,6.4
Andorra,2011,AND,77801.0,,0.491,6.311
Andorra,2012,AND,76858.0,,0.487,6.34
Andorra,2013,AND,75220.0,,0.476,6.332
Andorra,2014,AND,73755.0,,0.462,6.259
Andorra,2015,AND,72195.0,,0.465,6.445
Andorra,2016,AND,72197.0,,0.473,6.547
Andorra,2017,AND,73780.0,,0.473,6.406
Andorra,2018,AND,75181.0,,0.498,6.628
Andorra,2019,AND,76492.0,,0.491,6.419
Andorra,2020,AND,77397.0,,0.377,4.876
Andorra,2021,AND,78379.0,,0.414,5.282
Andorra,2022,AND,79722.0,,0.423,5.311
Andorra,2023,AND,80869.0,,0.418,5.17
Andorra,2024,AND,81955.0,,0.425,5.182
Angola,1950,AGO,4551869.0,6905244023.0,0.187,0.041
Angola,1951,AGO,4602567.0,7156858293.0,0.249,0.054
Angola,1952,AGO,4651693.0,7427327102.0,0.311,0.067
Angola,1953,AGO,4706357.0,7707442519.0,0.275,0.058
Angola,1954,AGO,4766716.0,7494946191.0,0.348,0.073
Angola,1955,AGO,4832775.0,8094498354.0,0.414,0.086
Angola,1956,AGO,4904275.0,7944565179.0,0.502,0.102
Angola,1957,AGO,4980650.0,8703076482.0,0.619,0.124
Angola,1958,AGO,5061137.0,9169780066.0,0.593,0.117
Angola,1959,AGO,5145107.0,9207761800.0,0.619,0.12
Angola,1960,AGO,5231664.0,9580296443.0,0.549,0.105
Angola,1961,AGO,5301584.0,10574287512.0,0.454,0.086
Angola,1962,AGO,5354315.0,10269760210.0,1.179,0.22
Angola,1963,AGO,5408334.0,10823089062.0,1.15,0.213
Angola,1964,AGO,5464186.0,12097687776.0,1.223,0.224
Angola,1965,AGO,5521982.0,13062976664.0,1.186,0.215
Angola,1966,AGO,5581391.0,13762507500.0,1.552,0.278
Angola,1967,AGO,5641810.0,14446282812.0,0.992,0.176
Angola,1968,AGO,5702706.0,14258772797.0,1.67,0.293
Angola,1969,AGO,5763693.0,14746072800.0,2.783,0.483
Angola,1970,AGO,5852790.0,15796654001.0,3.578,0.611
Angola,1971,AGO,5991114.0,15843643664.0,3.405,0.568
Angola,1972,AGO,6174269.0,16088033313.0,4.501,0.729
Angola,1973,AGO,6388534.0,17187186685.0,4.874,0.763
Angola,1974,AGO,6613368.0,16327891195.0,4.866,0.736
Angola,1975,AGO,6842952.0,10064128183.0,4.409,0.644
Angola,1976,AGO,7074668.0,9040011512.0,3.28,0.464
Angola,1977,AGO,7317837.0,9245570800.0,3.528,0.482
Angola,1978,AGO,7576742.0,9619385668.0,5.4,0.713
Angola,1979,AGO,7847207.0,9853037586.0,5.489,0.7
Angola,1980,AGO,8133867.0,10330398679.0,5.334,0.656
Angola,1981,AGO,8435605.0,10119853675.0,5.267,0.624
Angola,1982,AGO,8751653.0,9643454557.0,4.635,0.53
Angola,1983,AGO,9082985.0,9325809281.0,5.101,0.562
Angola,1984,AGO,9425921.0,9370042336.0,4.986,0.529
Angola,1985,AGO,9779125.0,9420208558.0,4.676,0.478
Angola,1986,AGO,10139459.0,8569986810.0,4.634,0.457
Angola,1987,AGO,10497863.0,9540737551.0,5.786,0.551
Angola,1988,AGO,10861299.0,10911810585.0,5.049,0.465
Angola,1989,AGO,11238562.0,11089228164.0,4.923,0.438
Angola,1990,AGO,11626361.0,11482503320.0,5.09,0.438
Angola,1991,AGO,12023532.0,12341156472.0,5.064,0.421
Angola,1992,AGO,12423717.0,12363420423.0,5.164,0.416
Angola,1993,AGO,12827136.0,9985477687.0,5.748,0.448
Angola,1994,AGO,13249763.0,10760814258.0,11.353,0.857
Angola,1995,AGO,13699780.0,13143769844.0,12.617,0.921
Angola,1996,AGO,14170973.0,15819838004.0,15.249,1.076
Angola,1997,AGO,14660419.0,17972296931.0,15.884,1.083
Angola,1998,AGO,15159378.0,19905045075.0,16.513,1.089
Angola,1999,AGO,15667235.0,21527478033.0,17.261,1.102
Angola,2000,AGO,16194873.0,23512184116.0,15.995,0.988
Angola,2001,AGO,16747204.0,26015021059.0,15.908,0.95
Angola,2002,AGO,17327701.0,31389808151.0,16.08,0.928
Angola,2003,AGO,17943718.0,35081368421.0,17.484,0.974
Angola,2004,AGO,18600426.0,41307235678.0,17.016,0.915
Angola,2005,AGO,19291160.0,51967661783.0,15.387,0.798
Angola,2006,AGO,20015281.0,66749579296.0,17.145,0.857
Angola,2007,AGO,20778570.0,87086353818.0,17.588,0.846
Angola,2008,AGO,21578656.0,105593132748.0,18.75,0.869
Angola,2009,AGO,22414775.0,115247846475.0,20.668,0.922
Angola,2010,AGO,23294822.0,126984175354.0,22.983,0.987
Angola,2011,AGO,24218358.0,140477268750.0,23.397,0.966
Angola,2012,AGO,25177398.0,152476849129.0,25.941,1.03
Angola,2013,AGO,26165616.0,160032073258.0,25.71,0.983
Angola,2014,AGO,27160767.0,167750415635.0,26.092,0.961
Angola,2015,AGO,28157802.0,169333972139.0,27.505,0.977
Angola,2016,AGO,29183072.0,164965166058.0,25.466,0.873
Angola,2017,AGO,30234836.0,164717711409.0,23.601,0.781
Angola,2018,AGO,31297160.0,162550037080.0,23.278,0.744
Angola,2019,AGO,32375633.0,161408924528.0,22.21,0.686
Angola,2020,AGO,33451139.0,152308692850.0,16.549,0.495
Angola,2021,AGO,34532427.0,153971902307.0,19.219,0.557
Angola,2022,AGO,35635028.0,158346237030.0,21.089,0.592
Angola,2023,AGO,36749909.0,,21.675,0.59
Angola,2024,AGO,37885854.0,,22.334,0.589
Anguilla,1950,AIA,5022.0,,,
Anguilla,1951,AIA,5229.0,,,
Anguilla,1952,AIA,5389.0,,,
Anguilla,1953,AIA,5522.0,,,
Anguilla,1954,AIA,5668.0,,,
Anguilla,1955,AIA,5763.0,,,
Anguilla,1956,AIA,5802.0,,,
Anguilla,1957,AIA,5823.0,,,
Anguilla,1958,AIA,5819.0,,,
Anguilla,1959,AIA,5800.0,,,
Anguilla,1960,AIA,5801.0,,,
Anguilla,1961,AIA,5846.0,,,
Anguilla,1962,AIA,5899.0,,,
Anguilla,1963,AIA,5943.0,,,
Anguilla,1964,AIA,5994.0,,,
Anguilla,1965,AIA,6040.0,,,
Anguilla,1966,AIA,6095.0,,,
Anguilla,1967,AIA,6150.0,,,
Anguilla,1968,AIA,6207.0,,,
Anguilla,1969,AIA,6257.0,,,
Anguilla,1970,AIA,6324.0,,,
Anguilla,1971,AIA,6376.0,,,
Anguilla,1972,AIA,6427.0,,,
Anguilla,1973,AIA,6466.0,,,
Anguilla,1974,AIA,6502.0,,,
Anguilla,1975,AIA,6519.0,,,
Anguilla,1976,AIA,6545.0,,,
Anguilla,1977,AIA,6567.0,,,
Anguilla,1978,AIA,6587.0,,,
Anguilla,1979,AIA,6602.0,,,
Anguilla,1980,AIA,6612.0,,,
Anguilla,1981,AIA,6628.0,,,
Anguilla,1982,AIA,6653.0,,,
Anguilla,1983,AIA,6672.0,,,
Anguilla,1984,AIA,6764.0,,,
Anguilla,1985,AIA,6978.0,,,
Anguilla,1986,AIA,7245.0,,,
Anguilla,1987,AIA,7519.0,,,
Anguilla,1988,AIA,7807.0,,,
Anguilla,1989,AIA,8116.0,,,
Anguilla,1990,AIA,8422.0,,0.044,5.221
Anguilla,1991,AIA,8728.0,,0.044,5.038
Anguilla,1992,AIA,9005.0,,0.048,5.29
Anguilla,1993,AIA,9252.0,,0.055,5.94
Anguilla,1994,AIA,9489.0,,0.055,5.792
Anguilla,1995,AIA,9738.0,,0.055,5.644
Anguilla,1996,AIA,10000.0,,0.059,5.862
Anguilla,1997,AIA,10278.0,,0.059,5.704
Anguilla,1998,AIA,10557.0,,0.066,6.247
Anguilla,1999,AIA,10864.0,,0.07,6.408
Anguilla,2000,AIA,11196.0,,0.081,7.2
Anguilla,2001,AIA,11497.0,,0.084,7.33
Anguilla,2002,AIA,11714.0,,0.084,7.194
Anguilla,2003,AIA,11903.0,,0.088,7.388
Anguilla,2004,AIA,12092.0,,0.099,8.181
Anguilla,2005,AIA,12290.0,,0.11,8.944
Anguilla,2006,AIA,12493.0,,0.121,9.678
Anguilla,2007,AIA,12697.0,,0.125,9.811
Anguilla,2008,AIA,12911.0,,0.125,9.649
Anguilla,2009,AIA,13138.0,,0.125,9.482
Anguilla,2010,AIA,13372.0,,0.128,9.59
Anguilla,2011,AIA,13593.0,,0.125,9.165
Anguilla,2012,AIA,13401.0,,0.121,9.023
Anguilla,2013,AIA,13272.0,,0.114,8.558
Anguilla,2014,AIA,13748.0,,0.121,8.795
Anguilla,2015,AIA,14235.0,,0.136,9.524
Anguilla,2016,AIA,14344.0,,0.139,9.707
Anguilla,2017,AIA,14450.0,,0.128,8.875
Anguilla,2018,AIA,14747.0,,0.132,8.944
Anguilla,2019,AIA,14845.0,,0.143,9.626
Anguilla,2020,AIA,14864.0,,0.136,9.121
Anguilla,2021,AIA,14503.0,,0.139,9.6
Anguilla,2022,AIA,14202.0,,0.143,10.062
Anguilla,2023,AIA,14435.0,,0.143,9.879
Anguilla,2024,AIA,14623.0,,0.148,10.127
Antarctica,1950,ATA,,,,
Antarctica,1951,ATA,,,,
Antarctica,1952,ATA,,,,
Antarctica,1953,ATA,,,,
Antarctica,1954,ATA,,,,
Antarctica,1955,ATA,,,,
Antarctica,1956,ATA,,,,
Antarctica,1957,ATA,,,,
Antarctica,1958,ATA,,,,
Antarctica,1959,ATA,,,,
Antarctica,1960,ATA,,,,
Antarctica,1961,ATA,,,,
Antarctica,1962,ATA,,,,
Antarctica,1963,ATA,,,,
Antarctica,1964,ATA,,,,
Antarctica,1965,ATA,,,,
Antarctica,1966,ATA,,,,
Antarctica,1967,ATA,,,,
Antarctica,1968,ATA,,,,
Antarctica,1969,ATA,,,,
Antarctica,1970,ATA,,,,
Antarctica,1971,ATA,,,,
Antarctica,1972,ATA,,,,
Antarctica,1973,ATA,,,,
Antarctica,1974,ATA,,,,
Antarctica,1975,ATA,,,,
Antarctica,1976,ATA,,,,
Antarctica,1977,ATA,,,,
Antarctica,1978,ATA,,,,
Antarctica,1979,ATA,,,,
Antarctica,1980,ATA,,,,
Antarctica,1981,ATA,,,,
Antarctica,1982,ATA,,,,
Antarctica,1983,ATA,,,,
Antarctica,1984,ATA,,,,
Antarctica,1985,ATA,,,,
Antarctica,1986,ATA,,,,
Antarctica,1987,ATA,,,0.004,
Antarctica,1988,ATA,,,0.007,
Antarctica,1989,ATA,,,0.007,
Antarctica,1990,ATA,,,0.011,
Antarctica,1991,ATA,,,0.015,
Antarctica,1992,ATA,,,0.015,
Antarctica,1993,ATA,,,0.015,
Antarctica,1994,ATA,,,0.015,
Antarctica,1995,ATA,,,0.004,
Antarctica,1996,ATA,,,0.004,
Antarctica,1997,ATA,,,0.004,
Antarctica,1998,ATA,,,0.004,
Antarctica,1999,ATA,,,0.004,
Antarctica,2000,ATA,,,0.004,
Antarctica,2001,ATA,,,0.004,
Antarctica,2002,ATA,,,0.004,
Antarctica,2003,ATA,,,0.004,
Antarctica,2004,ATA,,,0.007,
Antarctica,2005,ATA,,,0.007,
Antarctica,2006,ATA,,,0.007,
Antarctica,2007,ATA,,,0.011,
Antarctica,2008,ATA,,,0.0,
Antarctica,2009,ATA,,,0.0,
Antarctica,2010,ATA,,,0.0,
Antarctica,2011,ATA,,,0.0,
Antarctica,2012,ATA,,,0.0,
Antarctica,2013,ATA,,,0.0,
Antarctica,2014,ATA,,,0.0,
Antarctica,2015,ATA,,,0.0,
Antarctica,2016,ATA,,,0.0,
Antarctica,2017,ATA,,,0.0,
Antarctica,2018,ATA,,,0.0,
Antarctica,2019,ATA,,,0.0,
Antarctica,2020,ATA,,,0.0,
Antarctica,2021,ATA,,,0.0,
Antarctica,2022,ATA,,,0.0,
Antarctica,2023,ATA,,,0.0,
Antarctica,2024,ATA,,,0.0,
Antigua and Barbuda,1950,ATG,45462.0,,0.012,0.269
Antigua and Barbuda,1951,ATG,46444.0,,0.02,0.421
Antigua and Barbuda,1952,ATG,47416.0,,0.015,0.309
Antigua and Barbuda,1953,ATG,48400.0,,0.017,0.353
Antigua and Barbuda,1954,ATG,49392.0,,0.012,0.247
Antigua and Barbuda,1955,ATG,50395.0,,0.022,0.436
Antigua and Barbuda,1956,ATG,51400.0,,0.022,0.428
Antigua and Barbuda,1957,ATG,52426.0,,0.022,0.419
Antigua and Barbuda,1958,ATG,53473.0,,0.029,0.548
Antigua and Barbuda,1959,ATG,54549.0,,0.029,0.537
Antigua and Barbuda,1960,ATG,55621.0,,0.037,0.659
Antigua and Barbuda,1961,ATG,56554.0,,0.048,0.842
Antigua and Barbuda,1962,ATG,57351.0,,0.103,1.789
Antigua and Barbuda,1963,ATG,58157.0,,0.084,1.449
Antigua and Barbuda,1964,ATG,59035.0,,0.092,1.552
Antigua and Barbuda,1965,ATG,59987.0,,0.15,2.504
Antigua and Barbuda,1966,ATG,60911.0,,0.348,5.715
Antigua and Barbuda,1967,ATG,61857.0,,0.564,9.122
Antigua and Barbuda,1968,ATG,62832.0,,0.989,15.745
Antigua and Barbuda,1969,ATG,63832.0,,1.257,19.688
Antigua and Barbuda,1970,ATG,64549.0,,0.462,7.152
Antigua and Barbuda,1971,ATG,64747.0,,0.425,6.564
Antigua and Barbuda,1972,ATG,64631.0,,0.374,5.782
Antigua and Barbuda,1973,ATG,64362.0,,0.33,5.124
Antigua and Barbuda,1974,ATG,64074.0,,0.429,6.691
Antigua and Barbuda,1975,ATG,63856.0,,0.707,11.074
Antigua and Barbuda,1976,ATG,63779.0,,0.403,6.319
Antigua and Barbuda,1977,ATG,63882.0,,0.465,7.284
Antigua and Barbuda,1978,ATG,64055.0,,0.491,7.665
Antigua and Barbuda,1979,ATG,64297.0,,0.407,6.325
Antigua and Barbuda,1980,ATG,64531.0,,0.143,2.214
Antigua and Barbuda,1981,ATG,64686.0,,0.106,1.643
Antigua and Barbuda,1982,ATG,64802.0,,0.293,4.523
Antigua and Barbuda,1983,ATG,64952.0,,0.084,1.297
Antigua and Barbuda,1984,ATG,64899.0,,0.147,2.258
Antigua and Barbuda,1985,ATG,64606.0,,0.249,3.856
Antigua and Barbuda,1986,ATG,64292.0,,0.249,3.875
Antigua and Barbuda,1987,ATG,63964.0,,0.275,4.296
Antigua and Barbuda,1988,ATG,63641.0,,0.286,4.491
Antigua and Barbuda,1989,ATG,63346.0,,0.286,4.512
Antigua and Barbuda,1990,ATG,63087.0,,0.242,3.833
Antigua and Barbuda,1991,ATG,63406.0,,0.249,3.929
Antigua and Barbuda,1992,ATG,64422.0,,0.249,3.867
Antigua and Barbuda,1993,ATG,65601.0,,0.256,3.91
Antigua and Barbuda,1994,ATG,66860.0,,0.267,4.0
Antigua and Barbuda,1995,ATG,68210.0,,0.271,3.975
Antigua and Barbuda,1996,ATG,69629.0,,0.286,4.104
Antigua and Barbuda,1997,ATG,71071.0,,0.308,4.331
Antigua and Barbuda,1998,ATG,72430.0,,0.322,4.452
Antigua and Barbuda,1999,ATG,73681.0,,0.344,4.674
Antigua and Barbuda,2000,ATG,74929.0,,0.355,4.743
Antigua and Barbuda,2001,ATG,76082.0,,0.374,4.912
Antigua and Barbuda,2002,ATG,77049.0,,0.403,5.231
Antigua and Barbuda,2003,ATG,77896.0,,0.432,5.55
Antigua and Barbuda,2004,ATG,78734.0,,0.451,5.724
Antigua and Barbuda,2005,ATG,79628.0,,0.48,6.028
Antigua and Barbuda,2006,ATG,80619.0,,0.517,6.408
Antigua and Barbuda,2007,ATG,81716.0,,0.535,6.546
Antigua and Barbuda,2008,ATG,82926.0,,0.539,6.495
Antigua and Barbuda,2009,ATG,84193.0,,0.557,6.615
Antigua and Barbuda,2010,ATG,85337.0,,0.55,6.44
Antigua and Barbuda,2011,ATG,86350.0,,0.546,6.322
Antigua and Barbuda,2012,ATG,87275.0,,0.557,6.381
Antigua and Barbuda,2013,ATG,88074.0,,0.557,6.323
Antigua and Barbuda,2014,ATG,88784.0,,0.568,6.397
Antigua and Barbuda,2015,ATG,89421.0,,0.579,6.474
Antigua and Barbuda,2016,ATG,89980.0,,0.594,6.597
Antigua and Barbuda,2017,ATG,90483.0,,0.601,6.641
Antigua and Barbuda,2018,ATG,90942.0,,0.616,6.769
Antigua and Barbuda,2019,ATG,91377.0,,0.638,6.977
Antigua and Barbuda,2020,ATG,91864.0,,0.616,6.701
Antigua and Barbuda,2021,ATG,92358.0,,0.634,6.863
Antigua and Barbuda,2022,ATG,92850.0,,0.642,6.913
Antigua and Barbuda,2023,ATG,93331.0,,0.641,6.863
Antigua and Barbuda,2024,ATG,93782.0,,0.665,7.092
Argentina,1950,ARG,17018032.0,136328020367.0,29.921,1.758
Argentina,1951,ARG,17356467.0,141645225769.0,34.963,2.014
Argentina,1952,ARG,17698882.0,134416825232.0,36.099,2.04
Argentina,1953,ARG,18041299.0,141635212660.0,35.135,1.947
Argentina,1954,ARG,18381211.0,147492474117.0,36.75,1.999
Argentina,1955,ARG,18716036.0,158009443968.0,39.56,2.114
Argentina,1956,ARG,19049973.0,162343214718.0,44.297,2.325
Argentina,1957,ARG,19383045.0,170709725537.0,47.608,2.456
Argentina,1958,ARG,19714264.0,181174414304.0,44.193,2.242
Argentina,1959,ARG,20049604.0,169428730363.0,48.949,2.441
Argentina,1960,ARG,20386055.0,182678462533.0,48.764,2.392
Argentina,1961,ARG,20726280.0,195762238500.0,51.127,2.467
Argentina,1962,ARG,21072543.0,192596954205.0,53.64,2.545
Argentina,1963,ARG,21421702.0,187954618378.0,50.033,2.336
Argentina,1964,ARG,21769451.0,207332560152.0,55.67,2.557
Argentina,1965,ARG,22112634.0,226284876533.0,58.805,2.659
Argentina,1966,ARG,22453898.0,227834517023.0,63.073,2.809
Argentina,1967,ARG,22799063.0,233929091015.0,65.476,2.872
Argentina,1968,ARG,23150580.0,243886485849.0,69.009,2.981
Argentina,1969,ARG,23508716.0,264721484806.0,77.249,3.286
Argentina,1970,ARG,23878330.0,278897355187.0,82.648,3.461
Argentina,1971,ARG,24257212.0,292438888324.0,88.85,3.663
Argentina,1972,ARG,24644332.0,301570151738.0,90.073,3.655
Argentina,1973,ARG,25046007.0,319937928734.0,93.984,3.752
Argentina,1974,ARG,25461352.0,340686393609.0,95.492,3.75
Argentina,1975,ARG,25874106.0,337656029605.0,94.86,3.666
Argentina,1976,ARG,26282282.0,336841121953.0,99.718,3.794
Argentina,1977,ARG,26701815.0,357157949062.0,100.729,3.772
Argentina,1978,ARG,27132162.0,341466738351.0,102.583,3.781
Argentina,1979,ARG,27568894.0,365906443800.0,110.649,4.014
Argentina,1980,ARG,28011597.0,371076968671.0,108.695,3.88
Argentina,1981,ARG,28463956.0,349782000000.0,102.009,3.584
Argentina,1982,ARG,28924268.0,338761500000.0,103.388,3.574
Argentina,1983,ARG,29391334.0,350706600000.0,105.182,3.579
Argentina,1984,ARG,29863090.0,357844347000.0,106.492,3.566
Argentina,1985,ARG,30336448.0,334171440000.0,100.569,3.315
Argentina,1986,ARG,30811982.0,358634675000.0,104.199,3.382
Argentina,1987,ARG,31291764.0,367893625000.0,114.936,3.673
Argentina,1988,ARG,31780534.0,360921156000.0,121.464,3.822
Argentina,1989,ARG,32270958.0,338520796000.0,117.067,3.628
Argentina,1990,ARG,32755907.0,338751144000.0,112.188,3.425
Argentina,1991,ARG,33230293.0,376057930424.0,117.727,3.543
Argentina,1992,ARG,33693532.0,416679827242.0,121.514,3.606
Argentina,1993,ARG,34152719.0,444780261628.0,118.021,3.456
Argentina,1994,ARG,34613492.0,472926751991.0,118.507,3.424
Argentina,1995,ARG,35070016.0,461601030169.0,125.415,3.576
Argentina,1996,ARG,35513795.0,489406483416.0,131.446,3.701
Argentina,1997,ARG,35947790.0,531526379817.0,136.617,3.8
Argentina,1998,ARG,36372862.0,554567078807.0,139.505,3.835
Argentina,1999,ARG,36794687.0,538270560194.0,148.345,4.032
Argentina,2000,ARG,37213986.0,536480965694.0,143.355,3.852
Argentina,2001,ARG,37624817.0,514867255248.0,135.004,3.588
Argentina,2002,ARG,38029345.0,460558541367.0,124.93,3.285
Argentina,2003,ARG,38424283.0,503104157615.0,134.421,3.498
Argentina,2004,ARG,38815915.0,550306327169.0,157.235,4.051
Argentina,2005,ARG,39216786.0,601050418142.0,161.728,4.124
Argentina,2006,ARG,39622113.0,652296814311.0,174.342,4.4
Argentina,2007,ARG,40016767.0,714725198062.0,173.764,4.342
Argentina,2008,ARG,40424151.0,747157417513.0,187.596,4.641
Argentina,2009,ARG,40854832.0,705920838368.0,178.378,4.366
Argentina,2010,ARG,41288694.0,785785170150.0,186.121,4.508
Argentina,2011,ARG,41730655.0,837742673804.0,189.884,4.55
Argentina,2012,ARG,42161718.0,829147409948.0,191.715,4.547
Argentina,2013,ARG,42582453.0,849088398588.0,189.525,4.451
Argentina,2014,ARG,43024071.0,827750786191.0,188.539,4.382
Argentina,2015,ARG,43477011.0,850356641236.0,191.809,4.412
Argentina,2016,ARG,43900312.0,832669278245.0,190.02,4.328
Argentina,2017,ARG,44288898.0,856142153676.0,187.068,4.224
Argentina,2018,ARG,44654876.0,833736983405.0,182.483,4.087
Argentina,2019,ARG,44973469.0,817053926667.0,180.428,4.012
Argentina,2020,ARG,45191960.0,735814250460.0,164.613,3.643
Argentina,2021,ARG,45312282.0,812324184006.0,190.197,4.197
Argentina,2022,ARG,45407904.0,854914363923.0,183.768,4.047
Argentina,2023,ARG,45538402.0,,178.407,3.918
Argentina,2024,ARG,45696153.0,,171.059,3.743
Armenia,1950,ARM,1382896.0,,1.483,1.072
Armenia,1951,ARM,1417286.0,,1.606,1.133
Armenia,1952,ARM,1454108.0,,1.719,1.182
Armenia,1953,ARM,1493580.0,,1.818,1.217
Armenia,1954,ARM,1535981.0,,1.984,1.291
Armenia,1955,ARM,1581511.0,,2.249,1.422
Armenia,1956,ARM,1630823.0,,2.468,1.514
Armenia,1957,ARM,1684147.0,,2.702,1.604
Armenia,1958,ARM,1740888.0,,2.886,1.658
Armenia,1959,ARM,1801014.0,,3.034,1.685
Armenia,1960,ARM,1863710.0,,3.16,1.695
Armenia,1961,ARM,1927488.0,,3.262,1.692
Armenia,1962,ARM,1991686.0,,3.429,1.722
Armenia,1963,ARM,2056024.0,,3.682,1.791
Armenia,1964,ARM,2120135.0,,3.92,1.849
Armenia,1965,ARM,2183635.0,,4.161,1.905
Armenia,1966,ARM,2246162.0,,4.396,1.957
Armenia,1967,ARM,2307497.0,,4.601,1.994
Armenia,1968,ARM,2367326.0,,4.736,2.001
Armenia,1969,ARM,2424034.0,,4.936,2.036
Armenia,1970,ARM,2475628.0,,5.191,2.097
Armenia,1971,ARM,2525348.0,,5.519,2.185
Armenia,1972,ARM,2577081.0,,5.813,2.256
Armenia,1973,ARM,2630860.0,26603649271.0,6.067,2.306
Armenia,1974,ARM,2686442.0,,6.308,2.348
Armenia,1975,ARM,2743665.0,,6.638,2.419
Armenia,1976,ARM,2818168.0,,6.895,2.447
Armenia,1977,ARM,2912833.0,,7.133,2.449
Armenia,1978,ARM,3012808.0,,7.383,2.45
Armenia,1979,ARM,3078505.0,,7.444,2.418
Armenia,1980,ARM,3107418.0,28944150679.0,7.735,2.489
Armenia,1981,ARM,3135354.0,30229902752.0,7.6,2.424
Armenia,1982,ARM,3163145.0,31572139214.0,7.745,2.449
Armenia,1983,ARM,3191549.0,32260060096.0,7.861,2.463
Armenia,1984,ARM,3224549.0,33825293751.0,7.935,2.461
Armenia,1985,ARM,3260438.0,35371482835.0,8.551,2.623
Armenia,1986,ARM,3294857.0,35568039616.0,8.143,2.471
Armenia,1987,ARM,3328525.0,33956640522.0,8.169,2.454
Armenia,1988,ARM,3355123.0,32698725941.0,9.299,2.771
Armenia,1989,ARM,3443095.0,35006065203.0,9.418,2.735
Armenia,1990,ARM,3552130.0,32650114430.0,9.003,2.535
Armenia,1991,ARM,3613978.0,27959799817.0,7.383,2.043
Armenia,1992,ARM,3571870.0,15777768492.0,5.724,1.602
Armenia,1993,ARM,3453339.0,13153115049.0,2.51,0.727
Armenia,1994,ARM,3364620.0,13441640358.0,2.685,0.798
Armenia,1995,ARM,3307586.0,14085547383.0,3.363,1.017
Armenia,1996,ARM,3278738.0,14363162631.0,2.5,0.763
Armenia,1997,ARM,3246292.0,14402224399.0,3.253,1.002
Armenia,1998,ARM,3208399.0,14841976252.0,3.419,1.066
Armenia,1999,ARM,3167282.0,14850694858.0,3.04,0.96
Armenia,2000,ARM,3125630.0,15244825874.0,3.491,1.117
Armenia,2001,ARM,3084350.0,16184137401.0,3.533,1.145
Armenia,2002,ARM,3055636.0,18018113990.0,3.077,1.007
Armenia,2003,ARM,3038976.0,19928773567.0,3.456,1.137
Armenia,2004,ARM,3022544.0,21350959248.0,3.691,1.221
Armenia,2005,ARM,3006360.0,23626538545.0,4.376,1.456
Armenia,2006,ARM,2990371.0,25937834265.0,4.402,1.472
Armenia,2007,ARM,2974825.0,28610365796.0,5.1,1.714
Armenia,2008,ARM,2959996.0,29672467967.0,5.575,1.883
Armenia,2009,ARM,2945518.0,24704739187.0,4.364,1.481
Armenia,2010,ARM,2931083.0,24485670654.0,4.256,1.452
Armenia,2011,ARM,2923269.0,24860520809.0,4.969,1.7
Armenia,2012,ARM,2922529.0,26634064691.0,5.748,1.967
Armenia,2013,ARM,2922526.0,27542825799.0,5.535,1.894
Armenia,2014,ARM,2922433.0,28536291283.0,5.604,1.918
Armenia,2015,ARM,2921179.0,29464863299.0,5.469,1.872
Armenia,2016,ARM,2918796.0,29522321034.0,5.207,1.784
Armenia,2017,ARM,2914966.0,31741802974.0,5.537,1.899
Armenia,2018,ARM,2909971.0,33400320594.0,5.822,2.001
Armenia,2019,ARM,2903975.0,35949092334.0,6.284,2.164
Armenia,2020,ARM,2890893.0,33378378959.0,6.795,2.351
Armenia,2021,ARM,2870339.0,35275596129.0,7.351,2.561
Armenia,2022,ARM,2880880.0,39721734780.0,7.699,2.672
Armenia,2023,ARM,2943398.0,,7.43,2.524
Armenia,2024,ARM,2973843.0,,7.431,2.499
Aruba,1950,ABW,42763.0,,0.41,9.578
Aruba,1951,ABW,43880.0,,0.646,14.721
Aruba,1952,ABW,45052.0,,0.373,8.279
Aruba,1953,ABW,46269.0,,0.432,9.329
Aruba,1954,ABW,47516.0,,0.873,18.376
Aruba,1955,ABW,48786.0,,0.722,14.804
Aruba,1956,ABW,50084.0,,0.934,18.65
Aruba,1957,ABW,51383.0,,0.638,12.416
Aruba,1958,ABW,52687.0,,0.559,10.607
Aruba,1959,ABW,54003.0,,0.719,13.321
Aruba,1960,ABW,54938.0,,0.619,11.259
Aruba,1961,ABW,55599.0,,0.646,11.611
Aruba,1962,ABW,56337.0,,0.709,12.584
Aruba,1963,ABW,57019.0,,0.679,11.91
Aruba,1964,ABW,57637.0,,0.66,11.456
Aruba,1965,ABW,58208.0,,0.592,10.177
Aruba,1966,ABW,58709.0,,0.554,9.435
Aruba,1967,ABW,59012.0,,0.682,11.563
Aruba,1968,ABW,59086.0,,0.635,10.739
Aruba,1969,ABW,59070.0,,0.83,14.058
Aruba,1970,ABW,58967.0,,0.929,15.751
Aruba,1971,ABW,58798.0,,0.808,13.747
Aruba,1972,ABW,58913.0,,0.784,13.304
Aruba,1973,ABW,59456.0,,0.869,14.624
Aruba,1974,ABW,60144.0,,0.788,13.103
Aruba,1975,ABW,60825.0,,0.571,9.383
Aruba,1976,ABW,61292.0,,1.219,19.89
Aruba,1977,ABW,61532.0,,0.637,10.348
Aruba,1978,ABW,61733.0,,0.542,8.784
Aruba,1979,ABW,61914.0,,0.569,9.188
Aruba,1980,ABW,62051.0,,0.585,9.435
Aruba,1981,ABW,62279.0,,0.558,8.954
Aruba,1982,ABW,62676.0,,0.623,9.947
Aruba,1983,ABW,63114.0,,0.32,5.077
Aruba,1984,ABW,63484.0,,0.8,12.604
Aruba,1985,ABW,63674.0,,0.937,14.708
Aruba,1986,ABW,63640.0,,0.18,2.821
Aruba,1987,ABW,63419.0,,0.447,7.048
Aruba,1988,ABW,63221.0,,0.612,9.679
Aruba,1989,ABW,63413.0,,0.649,10.227
Aruba,1990,ABW,64452.0,,0.487,7.561
Aruba,1991,ABW,66564.0,,0.531,7.981
Aruba,1992,ABW,68889.0,,0.539,7.818
Aruba,1993,ABW,71091.0,,0.649,9.123
Aruba,1994,ABW,73475.0,,0.66,8.976
Aruba,1995,ABW,75930.0,,0.711,9.361
Aruba,1996,ABW,78497.0,,0.722,9.195
Aruba,1997,ABW,81123.0,,0.758,9.349
Aruba,1998,ABW,83788.0,,0.806,9.62
Aruba,1999,ABW,86483.0,,0.81,9.363
Aruba,2000,ABW,88772.0,,2.378,26.787
Aruba,2001,ABW,90320.0,,2.407,26.652
Aruba,2002,ABW,91393.0,,2.437,26.66
Aruba,2003,ABW,92324.0,,2.561,27.741
Aruba,2004,ABW,93223.0,,2.616,28.063
Aruba,2005,ABW,94239.0,,2.715,28.81
Aruba,2006,ABW,95403.0,,2.711,28.42
Aruba,2007,ABW,96604.0,,2.821,29.205
Aruba,2008,ABW,97815.0,,2.656,27.157
Aruba,2009,ABW,99040.0,,2.627,26.526
Aruba,2010,ABW,100127.0,,2.506,25.03
Aruba,2011,ABW,100995.0,,2.495,24.706
Aruba,2012,ABW,101774.0,,1.345,13.212
Aruba,2013,ABW,102570.0,,0.861,8.395
Aruba,2014,ABW,103381.0,,0.872,8.435
Aruba,2015,ABW,104200.0,,0.898,8.615
Aruba,2016,ABW,104989.0,,0.883,8.411
Aruba,2017,ABW,105737.0,,0.89,8.42
Aruba,2018,ABW,106447.0,,0.868,8.158
Aruba,2019,ABW,107089.0,,0.832,7.767
Aruba,2020,ABW,107411.0,,0.821,7.641
Aruba,2021,ABW,107565.0,,0.861,8.005
Aruba,2022,ABW,107792.0,,0.888,8.242
Aruba,2023,ABW,107946.0,,0.887,8.213
Aruba,2024,ABW,108076.0,,0.921,8.518
Asia,1950,,1367581793.0,,400.21,0.293
Asia,1951,,1394310207.0,,454.439,0.326
Asia,1952,,1423932566.0,,504.145,0.354
Asia,1953,,1455634309.0,,539.902,0.371
Asia,1954,,1488418592.0,,591.67,0.398
Asia,1955,,1523146415.0,,674.382,0.443
Asia,1956,,1558262821.0,,748.93,0.481
Asia,1957,,1594675233.0,,843.198,0.529
Asia,1958,,1631866795.0,,1137.608,0.697
Asia,1959,,1664697447.0,,1373.324,0.825
Asia,1960,,1691762696.0,,1538.123,0.909
Asia,1961,,1718156557.0,,1392.969,0.811
Asia,1962,,1753318905.0,,1342.04,0.765
Asia,1963,,1799305125.0,,1422.531,0.791
Asia,1964,,1847441778.0,,1506.772,0.816
Asia,1965,,1894030104.0,,1649.181,0.871
Asia,1966,,1940186408.0,,1796.336,0.926
Asia,1967,,1986308215.0,,1824.344,0.918
Asia,1968,,2034769710.0,,2015.224,0.99
Asia,1969,,2085428639.0,,2288.607,1.097
Asia,1970,,2136911807.0,,2696.906,1.262
Asia,1971,,2187672732.0,,2952.501,1.35
Asia,1972,,2237825630.0,,3128.201,1.398
Asia,1973,,2288852583.0,,3350.604,1.464
Asia,1974,,2339398095.0,,3410.21,1.458
Asia,1975,,2388510805.0,,3576.883,1.498
Asia,1976,,2436467535.0,,3802.953,1.561
Asia,1977,,2484229185.0,,4047.53,1.629
Asia,1978,,2531837746.0,,4229.859,1.671
Asia,1979,,2580755587.0,,4404.124,1.707
Asia,1980,,2631643580.0,,4398.616,1.671
Asia,1981,,2683999130.0,,4372.236,1.629
Asia,1982,,2738669570.0,,4516.32,1.649
Asia,1983,,2794057018.0,,4697.412,1.681
Asia,1984,,2849479886.0,,4971.183,1.745
Asia,1985,,2906232641.0,,5260.703,1.81
Asia,1986,,2964898217.0,,5486.271,1.85
Asia,1987,,3025641753.0,,5722.182,1.891
Asia,1988,,3086642989.0,,6182.026,2.003
Asia,1989,,3147693773.0,,6396.979,2.032
Asia,1990,,3209094423.0,,6582.485,2.051
Asia,1991,,3268207608.0,,7373.495,2.256
Asia,1992,,3324812378.0,,7206.709,2.168
Asia,1993,,3380039932.0,,7533.513,2.229
Asia,1994,,3433680236.0,,7885.157,2.296
Asia,1995,,3486817949.0,,8256.111,2.368
Asia,1996,,3539849816.0,,8596.897,2.429
Asia,1997,,3592367920.0,,8721.442,2.428
Asia,1998,,3644341780.0,,8473.977,2.325
Asia,1999,,3695620583.0,,8965.377,2.426
Asia,2000,,3746832777.0,,9330.988,2.49
Asia,2001,,3797954107.0,,9518.094,2.506
Asia,2002,,3847359674.0,,10033.99,2.608
Asia,2003,,3895799439.0,,11036.212,2.833
Asia,2004,,3944378395.0,,11688.357,2.963
Asia,2005,,3992890580.0,,12547.688,3.143
Asia,2006,,4041771416.0,,13390.617,3.313
Asia,2007,,4090564345.0,,14118.133,3.451
Asia,2008,,4139267468.0,,14843.06,3.586
Asia,2009,,4188829464.0,,15377.568,3.671
Asia,2010,,4238694946.0,,16536.467,3.901
Asia,2011,,4288350005.0,,17768.818,4.144
Asia,2012,,4338443538.0,,18438.48,4.25
Asia,2013,,4387757369.0,,18685.477,4.259
Asia,2014,,4435744576.0,,18961.438,4.275
Asia,2015,,4482088489.0,,19070.406,4.255
Asia,2016,,4527178153.0,,19202.404,4.242
Asia,2017,,4571224645.0,,19775.838,4.326
Asia,2018,,4612352852.0,,20366.35,4.416
Asia,2019,,4651098724.0,,20926.584,4.499
Asia,2020,,4686811214.0,,20691.949,4.415
Asia,2021,,4716999164.0,,21520.502,4.562
Asia,2022,,4746329727.0,,22237.812,4.685
Asia,2023,,4776659631.0,,22997.092,4.814
Asia,2024,,4805539800.0,,23392.488,4.868
Asia (GCP),1950,,,,368.443,
Asia (GCP),1951,,,,428.335,
Asia (GCP),1952,,,,480.661,
Asia (GCP),1953,,,,512.755,
Asia (GCP),1954,,,,559.029,
Asia (GCP),1955,,,,624.252,
Asia (GCP),1956,,,,689.799,
Asia (GCP),1957,,,,781.574,
Asia (GCP),1958,,,,1070.589,
Asia (GCP),1959,,,,1302.717,
Asia (GCP),1960,,,,1448.027,
Asia (GCP),1961,,,,1298.687,
Asia (GCP),1962,,,,1232.943,
Asia (GCP),1963,,,,1299.194,
Asia (GCP),1964,,,,1362.267,
Asia (GCP),1965,,,,1476.741,
Asia (GCP),1966,,,,1597.787,
Asia (GCP),1967,,,,1619.313,
Asia (GCP),1968,,,,1779.167,
Asia (GCP),1969,,,,2020.828,
Asia (GCP),1970,,,,2412.296,
Asia (GCP),1971,,,,2618.93,
Asia (GCP),1972,,,,2768.66,
Asia (GCP),1973,,,,2923.351,
Asia (GCP),1974,,,,2967.92,
Asia (GCP),1975,,,,3143.782,
Asia (GCP),1976,,,,3296.27,
Asia (GCP),1977,,,,3514.515,
Asia (GCP),1978,,,,3694.783,
Asia (GCP),1979,,,,3836.061,
Asia (GCP),1980,,,,3845.441,
Asia (GCP),1981,,,,3821.237,
Asia (GCP),1982,,,,3953.197,
Asia (GCP),1983,,,,4103.815,
Asia (GCP),1984,,,,4349.275,
Asia (GCP),1985,,,,4590.286,
Asia (GCP),1986,,,,4772.83,
Asia (GCP),1987,,,,4992.786,
Asia (GCP),1988,,,,5404.823,
Asia (GCP),1989,,,,5574.634,
Asia (GCP),1990,,,,5761.38,
Asia (GCP),1991,,,,6004.44,
Asia (GCP),1992,,,,6223.938,
Asia (GCP),1993,,,,6465.919,
Asia (GCP),1994,,,,6758.348,
Asia (GCP),1995,,,,7118.254,
Asia (GCP),1996,,,,7440.22,
Asia (GCP),1997,,,,7581.172,
Asia (GCP),1998,,,,7294.443,
Asia (GCP),1999,,,,7695.168,
Asia (GCP),2000,,,,7927.166,
Asia (GCP),2001,,,,8079.179,
Asia (GCP),2002,,,,8583.849,
Asia (GCP),2003,,,,9491.552,
Asia (GCP),2004,,,,10037.268,
Asia (GCP),2005,,,,10828.094,
Asia (GCP),2006,,,,11564.241,
Asia (GCP),2007,,,,12281.686,
Asia (GCP),2008,,,,12864.319,
Asia (GCP),2009,,,,13317.202,
Asia (GCP),2010,,,,14362.529,
Asia (GCP),2011,,,,15542.228,
Asia (GCP),2012,,,,16061.427,
Asia (GCP),2013,,,,16345.718,
Asia (GCP),2014,,,,16580.381,
Asia (GCP),2015,,,,16605.201,
Asia (GCP),2016,,,,16688.727,
Asia (GCP),2017,,,,17182.279,
Asia (GCP),2018,,,,17777.24,
Asia (GCP),2019,,,,18223.221,
Asia (GCP),2020,,,,18046.271,
Asia (GCP),2021,,,,18740.865,
Asia (GCP),2022,,,,19455.877,
Asia (GCP),2023,,,,20111.111,
Asia (GCP),2024,,,,20432.227,
Asia (excl. China and India),1950,,,,260.432,0.546
Asia (excl. China and India),1951,,,,288.518,0.593
Asia (excl. China and India),1952,,,,308.892,0.622
Asia (excl. China and India),1953,,,,337.508,0.664
Asia (excl. China and India),1954,,,,358.483,0.69
Asia (excl. China and India),1955,,,,405.167,0.762
Asia (excl. China and India),1956,,,,451.483,0.829
Asia (excl. China and India),1957,,,,495.792,0.888
Asia (excl. China and India),1958,,,,517.182,0.904
Asia (excl. China and India),1959,,,,551.725,0.941
Asia (excl. China and India),1960,,,,627.992,1.045
Asia (excl. China and India),1961,,,,701.929,1.14
Asia (excl. China and India),1962,,,,749.835,1.188
Asia (excl. China and India),1963,,,,823.305,1.273
Asia (excl. China and India),1964,,,,906.645,1.367
Asia (excl. China and India),1965,,,,995.191,1.462
Asia (excl. China and India),1966,,,,1087.498,1.56
Asia (excl. China and India),1967,,,,1204.553,1.688
Asia (excl. China and India),1968,,,,1345.639,1.841
Asia (excl. China and India),1969,,,,1503.501,2.006
Asia (excl. China and India),1970,,,,1707.218,2.224
Asia (excl. China and India),1971,,,,1851.327,2.357
Asia (excl. China and India),1972,,,,1956.528,2.435
Asia (excl. China and India),1973,,,,2133.24,2.593
Asia (excl. China and India),1974,,,,2166.293,2.573
Asia (excl. China and India),1975,,,,2159.52,2.508
Asia (excl. China and India),1976,,,,2331.864,2.649
Asia (excl. China and India),1977,,,,2447.853,2.72
Asia (excl. China and India),1978,,,,2474.192,2.689
Asia (excl. China and India),1979,,,,2602.422,2.768
Asia (excl. China and India),1980,,,,2612.604,2.718
Asia (excl. China and India),1981,,,,2580.987,2.627
Asia (excl. China and India),1982,,,,2584.698,2.572
Asia (excl. China and India),1983,,,,2651.461,2.58
Asia (excl. China and India),1984,,,,2765.402,2.632
Asia (excl. China and India),1985,,,,2865.908,2.669
Asia (excl. China and India),1986,,,,2956.522,2.695
Asia (excl. China and India),1987,,,,3010.198,2.686
Asia (excl. China and India),1988,,,,3265.882,2.855
Asia (excl. China and India),1989,,,,3394.168,2.907
Asia (excl. China and India),1990,,,,3520.964,2.957
Asia (excl. China and India),1991,,,,4138.964,3.411
Asia (excl. China and India),1992,,,,3819.995,3.087
Asia (excl. China and India),1993,,,,3941.966,3.127
Asia (excl. China and India),1994,,,,4077.223,3.177
Asia (excl. China and India),1995,,,,4144.434,3.172
Asia (excl. China and India),1996,,,,4273.985,3.215
Asia (excl. China and India),1997,,,,4351.117,3.218
Asia (excl. China and India),1998,,,,4242.858,3.086
Asia (excl. China and India),1999,,,,4454.234,3.188
Asia (excl. China and India),2000,,,,4700.113,3.312
Asia (excl. China and India),2001,,,,4792.781,3.325
Asia (excl. China and India),2002,,,,4903.06,3.352
Asia (excl. China and India),2003,,,,5132.562,3.457
Asia (excl. China and India),2004,,,,5342.785,3.547
Asia (excl. China and India),2005,,,,5470.304,3.58
Asia (excl. China and India),2006,,,,5611.112,3.618
Asia (excl. China and India),2007,,,,5749.984,3.653
Asia (excl. China and India),2008,,,,5860.288,3.668
Asia (excl. China and India),2009,,,,5882.75,3.63
Asia (excl. China and India),2010,,,,6247.89,3.801
Asia (excl. China and India),2011,,,,6482.97,3.889
Asia (excl. China and India),2012,,,,6744.184,3.99
Asia (excl. China and India),2013,,,,6747.768,3.939
Asia (excl. China and India),2014,,,,6837.358,3.94
Asia (excl. China and India),2015,,,,6980.549,3.971
Asia (excl. China and India),2016,,,,7101.688,3.992
Asia (excl. China and India),2017,,,,7350.104,4.085
Asia (excl. China and India),2018,,,,7424.333,4.082
Asia (excl. China and India),2019,,,,7601.896,4.135
Asia (excl. China and India),2020,,,,7372.697,3.968
Asia (excl. China and India),2021,,,,7560.324,4.029
Asia (excl. China and India),2022,,,,7694.873,4.059
Asia (excl. China and India),2023,,,,7762.328,4.051
Asia (excl. China and India),2024,,,,7909.973,4.087
Australia,1950,AUS,8176751.0,97678585639.0,55.636,6.804
Australia,1951,AUS,8418616.0,101837834925.0,61.051,7.252
Australia,1952,AUS,8630707.0,102764889671.0,62.406,7.231
Australia,1953,AUS,8816085.0,105967342755.0,63.003,7.146
Australia,1954,AUS,8999384.0,112566022174.0,67.921,7.547
Australia,1955,AUS,9205189.0,118700327065.0,71.946,7.816
Australia,1956,AUS,9424660.0,122785837699.0,75.471,8.008
Australia,1957,AUS,9638773.0,125243581586.0,75.474,7.83
Australia,1958,AUS,9847636.0,131258299271.0,77.929,7.913
Australia,1959,AUS,10060033.0,139341662275.0,83.068,8.257
Australia,1960,AUS,10280815.0,145192524679.0,87.441,8.505
Australia,1961,AUS,10500441.0,146189447751.0,87.008,8.286
Australia,1962,AUS,10707235.0,155328791291.0,90.909,8.49
Australia,1963,AUS,10913270.0,164835225758.0,95.995,8.796
Australia,1964,AUS,11128257.0,176116149958.0,103.545,9.305
Australia,1965,AUS,11357479.0,185112108474.0,113.606,10.003
Australia,1966,AUS,11592485.0,190257575019.0,115.736,9.984
Australia,1967,AUS,11810521.0,203110686898.0,122.281,10.354
Australia,1968,AUS,12030009.0,215046500976.0,128.768,10.704
Australia,1969,AUS,12272387.0,228127284464.0,136.414,11.115
Australia,1970,AUS,12599414.0,242644629554.0,147.863,11.736
Australia,1971,AUS,12997963.0,253439751826.0,151.118,11.626
Australia,1972,AUS,13304897.0,260535644000.0,153.598,11.544
Australia,1973,AUS,13518689.0,274659478818.0,170.142,12.586
Australia,1974,AUS,13719499.0,281474163714.0,166.183,12.113
Australia,1975,AUS,13893988.0,289103008400.0,173.102,12.459
Australia,1976,AUS,14046758.0,300755701500.0,169.803,12.088
Australia,1977,AUS,14203511.0,303887958765.0,181.913,12.808
Australia,1978,AUS,14367099.0,312728264226.0,191.052,13.298
Australia,1979,AUS,14533034.0,329194298316.0,192.322,13.233
Australia,1980,AUS,14721345.0,335756463773.0,204.37,13.883
Australia,1981,AUS,14949210.0,348726734203.0,213.81,14.302
Australia,1982,AUS,15192484.0,348301464000.0,218.001,14.349
Australia,1983,AUS,15414891.0,348353556000.0,207.645,13.47
Australia,1984,AUS,15620653.0,372379590000.0,217.515,13.925
Australia,1985,AUS,15835743.0,391229265000.0,224.557,14.18
Australia,1986,AUS,16069631.0,399344400000.0,224.04,13.942
Australia,1987,AUS,16322272.0,419094027000.0,234.598,14.373
Australia,1988,AUS,16594104.0,437912800000.0,240.737,14.507
Australia,1989,AUS,16869362.0,457176167000.0,256.838,15.225
Australia,1990,AUS,17126304.0,464136588000.0,278.061,16.236
Australia,1991,AUS,17353191.0,461302112920.0,279.437,16.103
Australia,1992,AUS,17549286.0,478633731062.0,284.433,16.208
Australia,1993,AUS,17722905.0,501524767329.0,288.78,16.294
Australia,1994,AUS,17897433.0,527993237904.0,293.613,16.405
Australia,1995,AUS,18095340.0,549038744439.0,304.962,16.853
Australia,1996,AUS,18305305.0,574765618472.0,311.851,17.036
Australia,1997,AUS,18504911.0,601472798853.0,320.243,17.306
Australia,1998,AUS,18701710.0,634847053105.0,334.038,17.861
Australia,1999,AUS,18909980.0,664520698611.0,343.876,18.185
Australia,2000,AUS,19132472.0,692059312020.0,349.898,18.288
Australia,2001,AUS,19365438.0,713890072308.0,357.668,18.469
Australia,2002,AUS,19595356.0,747065694937.0,362.425,18.495
Australia,2003,AUS,19819449.0,774450991263.0,370.784,18.708
Australia,2004,AUS,20046679.0,809792445090.0,382.005,19.056
Australia,2005,AUS,20294490.0,840092380696.0,385.082,18.975
Australia,2006,AUS,20590566.0,866678665246.0,391.373,19.007
Australia,2007,AUS,20954545.0,911250727265.0,398.896,19.036
Australia,2008,AUS,21370595.0,937889628737.0,404.279,18.918
Australia,2009,AUS,21783014.0,963129933389.0,406.977,18.683
Australia,2010,AUS,22141583.0,993853968687.0,405.026,18.293
Australia,2011,AUS,22479779.0,1024000293343.0,403.874,17.966
Australia,2012,AUS,22852648.0,1062662906305.0,405.005,17.722
Australia,2013,AUS,23236271.0,1086068056518.0,397.85,17.122
Australia,2014,AUS,23595599.0,1113888062929.0,392.61,16.639
Australia,2015,AUS,23947997.0,1139303344945.0,400.589,16.727
Australia,2016,AUS,24329963.0,1169967279612.0,409.666,16.838
Australia,2017,AUS,24731044.0,1197832839959.0,413.408,16.716
Australia,2018,AUS,25119700.0,1231576952488.0,414.781,16.512
Australia,2019,AUS,25482714.0,1255505542015.0,414.925,16.283
Australia,2020,AUS,25743787.0,1232259790388.0,398.547,15.481
Australia,2021,AUS,25956417.0,1296705194119.0,388.472,14.966
Australia,2022,AUS,26200987.0,1344251444393.0,384.078,14.659
Australia,2023,AUS,26451126.0,,384.316,14.529
Australia,2024,AUS,26713206.0,,386.732,14.477
Austria,1950,AUT,6936455.0,40965636276.0,20.945,3.02
Austria,1951,AUT,6930487.0,43769632345.0,23.323,3.365
Austria,1952,AUT,6927254.0,43804302183.0,22.118,3.193
Austria,1953,AUT,6932083.0,45712792309.0,21.759,3.139
Austria,1954,AUT,6939893.0,50392857435.0,24.542,3.536
Austria,1955,AUT,6946659.0,55950209902.0,29.11,4.191
Austria,1956,AUT,6952266.0,59811143502.0,28.245,4.063
Austria,1957,AUT,6965838.0,63465949214.0,29.223,4.195
Austria,1958,AUT,6987345.0,65792962082.0,28.127,4.025
Austria,1959,AUT,7014270.0,67653223022.0,27.947,3.984
Austria,1960,AUT,7047274.0,73229917988.0,30.825,4.374
Austria,1961,AUT,7086060.0,77113103847.0,31.861,4.496
Austria,1962,AUT,7129581.0,78984630838.0,33.909,4.756
Austria,1963,AUT,7175502.0,82191739596.0,36.997,5.156
Austria,1964,AUT,7223392.0,87133485023.0,38.941,5.391
Austria,1965,AUT,7270413.0,89635521566.0,38.185,5.252
Austria,1966,AUT,7321524.0,94674312319.0,39.245,5.36
Austria,1967,AUT,7376293.0,97560799169.0,39.956,5.417
Austria,1968,AUT,7414627.0,101902465717.0,42.33,5.709
Austria,1969,AUT,7440306.0,108304558083.0,44.675,6.004
Austria,1970,AUT,7466320.0,116016114210.0,50.672,6.787
Austria,1971,AUT,7499635.0,121950335758.0,52.102,6.947
Austria,1972,AUT,7543263.0,129526389919.0,56.101,7.437
Austria,1973,AUT,7585107.0,135852151617.0,60.045,7.916
Austria,1974,AUT,7597963.0,141212924750.0,57.327,7.545
Austria,1975,AUT,7577833.0,140694752173.0,54.239,7.158
Austria,1976,AUT,7564457.0,147134328300.0,58.229,7.698
Austria,1977,AUT,7567332.0,154017554077.0,56.016,7.402
Austria,1978,AUT,7561203.0,153461858932.0,57.248,7.571
Austria,1979,AUT,7548345.0,161829470113.0,61.347,8.127
Austria,1980,AUT,7548407.0,165574166869.0,52.054,6.896
Austria,1981,AUT,7567550.0,165408175664.0,55.862,7.382
Austria,1982,AUT,7573078.0,168565433094.0,53.598,7.077
Austria,1983,AUT,7561166.0,173293645734.0,51.698,6.837
Austria,1984,AUT,7560715.0,173865898335.0,54.247,7.175
Austria,1985,AUT,7564310.0,177760570016.0,54.403,7.192
Austria,1986,AUT,7569397.0,181932973945.0,53.765,7.103
Austria,1987,AUT,7574314.0,184993439227.0,57.407,7.579
Austria,1988,AUT,7585346.0,190845951984.0,52.963,6.982
Austria,1989,AUT,7620405.0,198919354981.0,53.718,7.049
Austria,1990,AUT,7679627.0,207979127656.0,62.191,8.098
Austria,1991,AUT,7757140.0,215992683383.0,65.79,8.481
Austria,1992,AUT,7842715.0,221400873854.0,60.291,7.688
Austria,1993,AUT,7907492.0,223462931302.0,60.711,7.678
Austria,1994,AUT,7938157.0,229749328956.0,61.08,7.694
Austria,1995,AUT,7950322.0,236824462430.0,64.063,8.058
Austria,1996,AUT,7960917.0,243480734505.0,67.41,8.468
Austria,1997,AUT,7969804.0,249847313444.0,67.305,8.445
Austria,1998,AUT,7978465.0,259776337669.0,66.937,8.39
Austria,1999,AUT,7993894.0,270186173474.0,65.668,8.215
Austria,2000,AUT,8012929.0,280410163017.0,66.204,8.262
Austria,2001,AUT,8042233.0,285335695766.0,70.191,8.728
Austria,2002,AUT,8081640.0,291231427735.0,71.988,8.908
Austria,2003,AUT,8122604.0,294489280951.0,77.412,9.53
Austria,2004,AUT,8173496.0,303692479841.0,77.716,9.508
Austria,2005,AUT,8229204.0,311441138652.0,79.095,9.612
Austria,2006,AUT,8269901.0,323236897651.0,76.796,9.286
Austria,2007,AUT,8296948.0,336303973991.0,74.092,8.93
Austria,2008,AUT,8323250.0,342892519161.0,73.466,8.827
Austria,2009,AUT,8345073.0,331119036991.0,67.302,8.065
Austria,2010,AUT,8365087.0,338832243101.0,72.0,8.607
Austria,2011,AUT,8393272.0,349713455451.0,69.892,8.327
Austria,2012,AUT,8431599.0,352093108730.0,67.26,7.977
Austria,2013,AUT,8481411.0,352182904722.0,67.759,7.989
Austria,2014,AUT,8547812.0,354511819035.0,64.159,7.506
Austria,2015,AUT,8644037.0,358108266932.0,66.358,7.677
Austria,2016,AUT,8737920.0,365232738553.0,67.219,7.693
Austria,2017,AUT,8798779.0,373481694490.0,69.601,7.91
Austria,2018,AUT,8841653.0,382540042762.0,66.567,7.529
Austria,2019,AUT,8880876.0,388344674039.0,67.951,7.651
Austria,2020,AUT,8921402.0,363281092036.0,62.18,6.97
Austria,2021,AUT,8967053.0,379835198584.0,65.751,7.333
Austria,2022,AUT,9064678.0,398815419150.0,61.454,6.78
Austria,2023,AUT,9130434.0,,56.909,6.233
Austria,2024,AUT,9120815.0,,56.368,6.18
Azerbaijan,1950,AZE,3131979.0,,8.959,2.86
Azerbaijan,1951,AZE,3187157.0,,9.701,3.044
Azerbaijan,1952,AZE,3247007.0,,10.388,3.199
Azerbaijan,1953,AZE,3312610.0,,10.989,3.317
Azerbaijan,1954,AZE,3384707.0,,11.993,3.543
Azerbaijan,1955,AZE,3464090.0,,13.6,3.926
Azerbaijan,1956,AZE,3551389.0,,14.927,4.203
Azerbaijan,1957,AZE,3646865.0,,16.344,4.482
Azerbaijan,1958,AZE,3750701.0,,17.459,4.655
Azerbaijan,1959,AZE,3862828.0,,18.36,4.753
Azerbaijan,1960,AZE,3982711.0,,19.123,4.802
Azerbaijan,1961,AZE,4108981.0,,19.741,4.804
Azerbaijan,1962,AZE,4239411.0,,20.742,4.893
Azerbaijan,1963,AZE,4372047.0,,22.265,5.093
Azerbaijan,1964,AZE,4503659.0,,23.697,5.262
Azerbaijan,1965,AZE,4630315.0,,25.147,5.431
Azerbaijan,1966,AZE,4751910.0,,26.562,5.59
Azerbaijan,1967,AZE,4867309.0,,27.792,5.71
Azerbaijan,1968,AZE,4976488.0,,28.591,5.745
Azerbaijan,1969,AZE,5081769.0,,29.789,5.862
Azerbaijan,1970,AZE,5183827.0,,31.323,6.042
Azerbaijan,1971,AZE,5283502.0,,33.26,6.295
Azerbaijan,1972,AZE,5380920.0,,35.01,6.506
Azerbaijan,1973,AZE,5476614.0,38858266107.0,36.507,6.666
Azerbaijan,1974,AZE,5572229.0,,37.917,6.805
Azerbaijan,1975,AZE,5669260.0,,39.871,7.033
Azerbaijan,1976,AZE,5791042.0,,41.41,7.151
Azerbaijan,1977,AZE,5937643.0,,42.823,7.212
Azerbaijan,1978,AZE,6075081.0,,44.306,7.293
Azerbaijan,1979,AZE,6187137.0,,44.676,7.221
Azerbaijan,1980,AZE,6284707.0,44232130417.0,46.428,7.387
Azerbaijan,1981,AZE,6385607.0,46966275405.0,45.573,7.137
Azerbaijan,1982,AZE,6491433.0,49876679054.0,46.436,7.153
Azerbaijan,1983,AZE,6602330.0,51826909790.0,47.106,7.135
Azerbaijan,1984,AZE,6706289.0,54999611347.0,47.534,7.088
Azerbaijan,1985,AZE,6799823.0,57181877446.0,51.248,7.537
Azerbaijan,1986,AZE,6891349.0,58704586851.0,53.372,7.745
Azerbaijan,1987,AZE,6977658.0,61831432355.0,50.586,7.25
Azerbaijan,1988,AZE,7081404.0,65070242359.0,51.596,7.286
Azerbaijan,1989,AZE,7167583.0,59803709283.0,51.587,7.197
Azerbaijan,1990,AZE,7231084.0,53235601363.0,51.345,7.101
Azerbaijan,1991,AZE,7314317.0,53426621017.0,50.074,6.846
Azerbaijan,1992,AZE,7405781.0,41795295334.0,56.174,7.585
Azerbaijan,1993,AZE,7504119.0,32486438953.0,48.406,6.451
Azerbaijan,1994,AZE,7608894.0,26372096369.0,41.945,5.513
Azerbaijan,1995,AZE,7719283.0,23188276303.0,33.309,4.315
Azerbaijan,1996,AZE,7830981.0,24026379639.0,31.242,3.99
Azerbaijan,1997,AZE,7936220.0,26436933201.0,29.843,3.76
Azerbaijan,1998,AZE,8025808.0,28328460213.0,31.785,3.96
Azerbaijan,1999,AZE,8100472.0,31898574736.0,28.822,3.558
Azerbaijan,2000,AZE,8174784.0,34255707098.0,29.765,3.641
Azerbaijan,2001,AZE,8251776.0,36862177017.0,28.415,3.444
Azerbaijan,2002,AZE,8326141.0,40295217200.0,28.57,3.431
Azerbaijan,2003,AZE,8400528.0,44994637993.0,30.488,3.629
Azerbaijan,2004,AZE,8489874.0,50107477354.0,32.253,3.799
Azerbaijan,2005,AZE,8597248.0,64019175136.0,34.194,3.977
Azerbaijan,2006,AZE,8711380.0,87026407066.0,34.522,3.963
Azerbaijan,2007,AZE,8828313.0,109944254894.0,30.037,3.402
Azerbaijan,2008,AZE,8942637.0,123130002462.0,33.037,3.694
Azerbaijan,2009,AZE,9046336.0,136020226283.0,29.103,3.217
Azerbaijan,2010,AZE,9146852.0,144296577620.0,27.549,3.012
Azerbaijan,2011,AZE,9256156.0,145980469968.0,30.21,3.264
Azerbaijan,2012,AZE,9376179.0,149196415149.0,32.77,3.495
Azerbaijan,2013,AZE,9504417.0,157913964589.0,33.559,3.531
Azerbaijan,2014,AZE,9631136.0,162332395164.0,34.345,3.566
Azerbaijan,2015,AZE,9752859.0,164036906588.0,34.683,3.556
Azerbaijan,2016,AZE,9868434.0,159010796104.0,34.727,3.519
Azerbaijan,2017,AZE,9968510.0,159255674569.0,34.698,3.481
Azerbaijan,2018,AZE,10039782.0,161644514845.0,34.576,3.444
Azerbaijan,2019,AZE,10110483.0,165653307401.0,37.753,3.734
Azerbaijan,2020,AZE,10181736.0,158697520949.0,36.237,3.559
Azerbaijan,2021,AZE,10234372.0,167584576527.0,38.3,3.742
Azerbaijan,2022,AZE,10295307.0,175370552026.0,41.175,3.999
Azerbaijan,2023,AZE,10318209.0,,42.748,4.143
Azerbaijan,2024,AZE,10336577.0,,39.83,3.853
Bahamas,1950,BHS,83505.0,,0.055,0.658
Bahamas,1951,BHS,84603.0,,0.066,0.78
Bahamas,1952,BHS,86175.0,,0.077,0.893
Bahamas,1953,BHS,88255.0,,0.081,0.913
Bahamas,1954,BHS,90840.0,,0.084,0.928
Bahamas,1955,BHS,93933.0,,0.128,1.365
Bahamas,1956,BHS,97520.0,,0.139,1.428
Bahamas,1957,BHS,101549.0,,0.176,1.732
Bahamas,1958,BHS,106007.0,,0.18,1.694
Bahamas,1959,BHS,110929.0,,0.26,2.345
Bahamas,1960,BHS,116328.0,,0.41,3.528
Bahamas,1961,BHS,122211.0,,0.546,4.467
Bahamas,1962,BHS,128507.0,,0.725,5.645
Bahamas,1963,BHS,135099.0,,0.707,5.234
Bahamas,1964,BHS,141538.0,,1.085,7.663
Bahamas,1965,BHS,147969.0,,1.315,8.89
Bahamas,1966,BHS,154884.0,,1.092,7.05
Bahamas,1967,BHS,162279.0,,1.701,10.482
Bahamas,1968,BHS,170102.0,,1.628,9.569
Bahamas,1969,BHS,177993.0,,1.741,9.78
Bahamas,1970,BHS,184995.0,,2.569,13.886
Bahamas,1971,BHS,190869.0,,6.724,35.227
Bahamas,1972,BHS,196060.0,,6.481,33.058
Bahamas,1973,BHS,200800.0,,7.863,39.157
Bahamas,1974,BHS,205357.0,,7.38,35.936
Bahamas,1975,BHS,209897.0,,8.246,39.286
Bahamas,1976,BHS,214517.0,,6.457,30.101
Bahamas,1977,BHS,219169.0,,9.709,44.297
Bahamas,1978,BHS,223770.0,,6.597,29.48
Bahamas,1979,BHS,228244.0,,6.915,30.296
Bahamas,1980,BHS,232540.0,,7.971,34.279
Bahamas,1981,BHS,236626.0,,2.798,11.826
Bahamas,1982,BHS,240624.0,,2.258,9.385
Bahamas,1983,BHS,244718.0,,2.014,8.231
Bahamas,1984,BHS,248879.0,,1.854,7.449
Bahamas,1985,BHS,253169.0,,1.51,5.963
Bahamas,1986,BHS,257547.0,,1.411,5.477
Bahamas,1987,BHS,261947.0,,1.422,5.427
Bahamas,1988,BHS,266457.0,,1.539,5.775
Bahamas,1989,BHS,271187.0,,1.946,7.174
Bahamas,1990,BHS,275954.0,,2.023,7.329
Bahamas,1991,BHS,280745.0,,1.997,7.113
Bahamas,1992,BHS,285938.0,,1.869,6.535
Bahamas,1993,BHS,291350.0,,1.744,5.986
Bahamas,1994,BHS,296519.0,,1.77,5.968
Bahamas,1995,BHS,301471.0,,1.839,6.101
Bahamas,1996,BHS,306281.0,,1.814,5.922
Bahamas,1997,BHS,310914.0,,1.608,5.173
Bahamas,1998,BHS,315376.0,,1.99,6.309
Bahamas,1999,BHS,319623.0,,2.034,6.362
Bahamas,2000,BHS,323846.0,,2.026,6.257
Bahamas,2001,BHS,327847.0,,1.946,5.934
Bahamas,2002,BHS,331625.0,,2.034,6.132
Bahamas,2003,BHS,335625.0,,2.07,6.168
Bahamas,2004,BHS,339794.0,,2.048,6.028
Bahamas,2005,BHS,343905.0,,1.905,5.54
Bahamas,2006,BHS,348386.0,,1.854,5.322
Bahamas,2007,BHS,353343.0,,1.872,5.299
Bahamas,2008,BHS,358133.0,,1.92,5.361
Bahamas,2009,BHS,362806.0,,2.154,5.938
Bahamas,2010,BHS,367482.0,,2.231,6.072
Bahamas,2011,BHS,371738.0,,2.11,5.677
Bahamas,2012,BHS,375474.0,,2.048,5.455
Bahamas,2013,BHS,378957.0,,1.993,5.26
Bahamas,2014,BHS,382312.0,,2.063,5.396
Bahamas,2015,BHS,385355.0,,2.231,5.79
Bahamas,2016,BHS,388060.0,,2.246,5.788
Bahamas,2017,BHS,390496.0,,2.521,6.455
Bahamas,2018,BHS,392718.0,,2.455,6.251
Bahamas,2019,BHS,394684.0,,2.521,6.387
Bahamas,2020,BHS,395874.0,,2.052,5.183
Bahamas,2021,BHS,396381.0,,2.726,6.877
Bahamas,2022,BHS,397542.0,,2.962,7.451
Bahamas,2023,BHS,399452.0,,2.956,7.4
Bahamas,2024,BHS,401282.0,,3.07,7.65
Bahrain,1950,BHR,117275.0,385173347.0,1.381,11.779
Bahrain,1951,BHR,120764.0,409531146.0,1.176,9.739
Bahrain,1952,BHR,124466.0,435295452.0,1.286,10.333
Bahrain,1953,BHR,128386.0,462638349.0,0.997,7.763
Bahrain,1954,BHR,132575.0,492007164.0,1.044,7.877
Bahrain,1955,BHR,137080.0,522835566.0,1.403,10.237
Bahrain,1956,BHR,141931.0,555751190.0,1.055,7.435
Bahrain,1957,BHR,147163.0,590947604.0,0.755,5.129
Bahrain,1958,BHR,152823.0,627822086.0,1.29,8.439
Bahrain,1959,BHR,158935.0,667520420.0,1.312,8.253
Bahrain,1960,BHR,165490.0,709928713.0,0.575,3.476
Bahrain,1961,BHR,172358.0,754950394.0,1.77,10.268
Bahrain,1962,BHR,179361.0,802943966.0,1.59,8.866
Bahrain,1963,BHR,186512.0,854703384.0,1.194,6.404
Bahrain,1964,BHR,193830.0,909514489.0,1.598,8.242
Bahrain,1965,BHR,200877.0,967989954.0,1.227,6.11
Bahrain,1966,BHR,207550.0,1029362464.0,0.649,3.125
Bahrain,1967,BHR,214198.0,1096433023.0,1.004,4.687
Bahrain,1968,BHR,219347.0,1166027547.0,1.103,5.028
Bahrain,1969,BHR,222480.0,1241419911.0,1.271,5.715
Bahrain,1970,BHR,224817.0,1325600629.0,2.59,11.522
Bahrain,1971,BHR,230744.0,1430905875.0,3.037,13.164
Bahrain,1972,BHR,242129.0,1544513620.0,3.679,15.193
Bahrain,1973,BHR,255334.0,1666864609.0,5.518,21.611
Bahrain,1974,BHR,269047.0,1810668829.0,5.401,20.074
Bahrain,1975,BHR,283251.0,1617948837.0,5.749,20.296
Bahrain,1976,BHR,297871.0,1881419448.0,6.57,22.055
Bahrain,1977,BHR,312825.0,2106852465.0,7.464,23.859
Bahrain,1978,BHR,328059.0,2269678820.0,7.76,23.655
Bahrain,1979,BHR,343461.0,2261751149.0,8.127,23.661
Bahrain,1980,BHR,358990.0,2430890544.0,7.881,21.954
Bahrain,1981,BHR,373534.0,2498560638.0,8.519,22.806
Bahrain,1982,BHR,386992.0,2659375885.0,9.831,25.402
Bahrain,1983,BHR,400721.0,2845479302.0,8.222,20.518
Bahrain,1984,BHR,415164.0,2965760541.0,9.2,22.161
Bahrain,1985,BHR,430365.0,2955779485.0,10.186,23.668
Bahrain,1986,BHR,446290.0,3024145278.0,11.003,24.654
Bahrain,1987,BHR,462862.0,3084997028.0,11.421,24.674
Bahrain,1988,BHR,479931.0,3193430227.0,12.077,25.163
Bahrain,1989,BHR,497329.0,3272823940.0,11.652,23.428
Bahrain,1990,BHR,514799.0,3274114078.0,11.494,22.327
Bahrain,1991,BHR,531883.0,3651056951.0,11.329,21.3
Bahrain,1992,BHR,547753.0,4256667780.0,10.402,18.99
Bahrain,1993,BHR,562820.0,4978466441.0,16.748,29.758
Bahrain,1994,BHR,577960.0,5580193474.0,14.352,24.832
Bahrain,1995,BHR,593230.0,6161508997.0,14.744,24.854
Bahrain,1996,BHR,608593.0,6872042752.0,15.942,26.195
Bahrain,1997,BHR,624019.0,7574288621.0,17.221,27.597
Bahrain,1998,BHR,639391.0,8524455571.0,18.276,28.583
Bahrain,1999,BHR,654622.0,9667911784.0,18.254,27.885
Bahrain,2000,BHR,669589.0,11032289188.0,19.199,28.673
Bahrain,2001,BHR,699964.0,12074987722.0,19.679,28.115
Bahrain,2002,BHR,752205.0,13787453002.0,20.112,26.737
Bahrain,2003,BHR,811276.0,16535287306.0,20.976,25.856
Bahrain,2004,BHR,871446.0,19633464819.0,21.204,24.331
Bahrain,2005,BHR,932618.0,22873324996.0,24.487,26.256
Bahrain,2006,BHR,994626.0,26149797771.0,24.036,24.166
Bahrain,2007,BHR,1057419.0,30119518073.0,26.626,25.18
Bahrain,2008,BHR,1120718.0,33548850204.0,29.525,26.344
Bahrain,2009,BHR,1183616.0,35937223742.0,28.138,23.773
Bahrain,2010,BHR,1213248.0,39778047298.0,29.143,24.02
Bahrain,2011,BHR,1206733.0,43727144774.0,28.544,23.654
Bahrain,2012,BHR,1216307.0,45357290589.0,27.202,22.365
Bahrain,2013,BHR,1257206.0,47813841200.0,31.228,24.839
Bahrain,2014,BHR,1312857.0,49894227022.0,30.971,23.59
Bahrain,2015,BHR,1369656.0,51134096686.0,32.521,23.744
Bahrain,2016,BHR,1429609.0,52953446666.0,31.635,22.129
Bahrain,2017,BHR,1482003.0,55226208950.0,32.917,22.211
Bahrain,2018,BHR,1497634.0,56391482183.0,32.698,21.833
Bahrain,2019,BHR,1485675.0,57613480945.0,37.616,25.319
Bahrain,2020,BHR,1483081.0,54937336615.0,37.429,25.238
Bahrain,2021,BHR,1501762.0,56404169544.0,36.265,24.148
Bahrain,2022,BHR,1533460.0,58769760175.0,37.827,24.668
Bahrain,2023,BHR,1569674.0,,38.787,24.71
Bahrain,2024,BHR,1607059.0,,39.003,24.27
Bangladesh,1950,BGD,41206857.0,39301175730.0,0.993,0.024
Bangladesh,1951,BGD,42022311.0,39781161945.0,1.226,0.029
Bangladesh,1952,BGD,42893013.0,40974779234.0,1.295,0.03
Bangladesh,1953,BGD,43791390.0,41553351281.0,1.318,0.03
Bangladesh,1954,BGD,44741299.0,42373085781.0,1.339,0.03
Bangladesh,1955,BGD,45767686.0,40166605898.0,1.379,0.03
Bangladesh,1956,BGD,46854418.0,44305389062.0,1.634,0.035
Bangladesh,1957,BGD,48004664.0,43387749589.0,1.689,0.035
Bangladesh,1958,BGD,49184052.0,42582510527.0,1.896,0.039
Bangladesh,1959,BGD,50441766.0,44798769664.0,1.84,0.036
Bangladesh,1960,BGD,51828663.0,47441014886.0,2.212,0.043
Bangladesh,1961,BGD,53310344.0,50082289160.0,2.29,0.043
Bangladesh,1962,BGD,54881154.0,49816422843.0,2.517,0.046
Bangladesh,1963,BGD,56504406.0,55102219683.0,2.893,0.051
Bangladesh,1964,BGD,58178372.0,55737697523.0,2.975,0.051
Bangladesh,1965,BGD,59902522.0,58415453390.0,3.121,0.052
Bangladesh,1966,BGD,61669811.0,59220693140.0,3.176,0.052
Bangladesh,1967,BGD,63510933.0,57806946351.0,3.371,0.053
Bangladesh,1968,BGD,65408278.0,63239029300.0,3.866,0.059
Bangladesh,1969,BGD,67294130.0,64108445625.0,3.749,0.056
Bangladesh,1970,BGD,69058898.0,67600676968.0,3.803,0.055
Bangladesh,1971,BGD,70276757.0,64585771640.0,3.606,0.051
Bangladesh,1972,BGD,71641525.0,57036332695.0,3.506,0.049
Bangladesh,1973,BGD,73722297.0,57327094687.0,4.55,0.062
Bangladesh,1974,BGD,75839352.0,65037827062.0,4.653,0.061
Bangladesh,1975,BGD,77854352.0,64196583843.0,4.857,0.062
Bangladesh,1976,BGD,79855318.0,67082025250.0,5.556,0.07
Bangladesh,1977,BGD,81867267.0,67704293671.0,5.785,0.071
Bangladesh,1978,BGD,83889660.0,72709601359.0,5.984,0.071
Bangladesh,1979,BGD,85935070.0,76312880671.0,6.613,0.077
Bangladesh,1980,BGD,88016435.0,76945168945.0,7.597,0.086
Bangladesh,1981,BGD,90303104.0,79474316984.0,7.886,0.087
Bangladesh,1982,BGD,92814506.0,80492428500.0,8.552,0.092
Bangladesh,1983,BGD,95335162.0,84456198492.0,8.188,0.086
Bangladesh,1984,BGD,97814965.0,89004503531.0,9.077,0.093
Bangladesh,1985,BGD,100253825.0,91717608984.0,10.189,0.102
Bangladesh,1986,BGD,102635569.0,95757516250.0,11.406,0.111
Bangladesh,1987,BGD,104959291.0,99663037500.0,11.8,0.112
Bangladesh,1988,BGD,107216011.0,102457452156.0,13.478,0.126
Bangladesh,1989,BGD,109433805.0,105141756890.0,13.382,0.122
Bangladesh,1990,BGD,111633722.0,112105268328.0,14.082,0.126
Bangladesh,1991,BGD,113787112.0,117331560870.0,14.753,0.13
Bangladesh,1992,BGD,115952198.0,123425133934.0,15.391,0.133
Bangladesh,1993,BGD,118132363.0,129907345176.0,16.074,0.136
Bangladesh,1994,BGD,120343183.0,137432659561.0,17.553,0.146
Bangladesh,1995,BGD,122600372.0,145833067614.0,21.056,0.172
Bangladesh,1996,BGD,124862185.0,155028875281.0,21.507,0.172
Bangladesh,1997,BGD,127198070.0,165329622112.0,23.144,0.182
Bangladesh,1998,BGD,129622332.0,175900627375.0,23.216,0.179
Bangladesh,1999,BGD,132108065.0,187794887949.0,25.093,0.19
Bangladesh,2000,BGD,134544303.0,200824294390.0,26.539,0.197
Bangladesh,2001,BGD,136805810.0,213164797419.0,31.064,0.227
Bangladesh,2002,BGD,138933659.0,226285297151.0,32.007,0.23
Bangladesh,2003,BGD,140970355.0,242325893842.0,33.496,0.238
Bangladesh,2004,BGD,142902857.0,260372737862.0,35.978,0.252
Bangladesh,2005,BGD,144715789.0,280264340330.0,37.717,0.261
Bangladesh,2006,BGD,146405983.0,303255436424.0,41.726,0.285
Bangladesh,2007,BGD,147989282.0,327072515722.0,42.675,0.288
Bangladesh,2008,BGD,149474264.0,349461394439.0,45.341,0.303
Bangladesh,2009,BGD,150873716.0,372693237092.0,49.188,0.326
Bangladesh,2010,BGD,152201978.0,400087800634.0,54.036,0.355
Bangladesh,2011,BGD,153591074.0,431418704062.0,55.593,0.362
Bangladesh,2012,BGD,155070110.0,458456647637.0,59.704,0.385
Bangladesh,2013,BGD,156532134.0,486135250102.0,64.763,0.414
Bangladesh,2014,BGD,157964931.0,516793803718.0,67.552,0.428
Bangladesh,2015,BGD,159383179.0,552104723056.0,76.946,0.483
Bangladesh,2016,BGD,160811934.0,589932630231.0,81.761,0.508
Bangladesh,2017,BGD,162186146.0,630957812405.0,86.531,0.534
Bangladesh,2018,BGD,163523109.0,678912369102.0,86.608,0.53
Bangladesh,2019,BGD,164913060.0,717214595514.0,94.808,0.575
Bangladesh,2020,BGD,166298024.0,754358367084.0,95.729,0.576
Bangladesh,2021,BGD,167658855.0,807308397444.0,98.53,0.588
Bangladesh,2022,BGD,169384891.0,858143907016.0,102.147,0.603
Bangladesh,2023,BGD,171466986.0,,104.527,0.61
Bangladesh,2024,BGD,173562366.0,,108.318,0.624
Barbados,1950,BRB,209928.0,715290000.0,0.073,0.349
Barbados,1951,BRB,213410.0,755295000.0,0.11,0.515
Barbados,1952,BRB,216517.0,796790000.0,0.088,0.406
Barbados,1953,BRB,219244.0,840463000.0,0.11,0.501
Barbados,1954,BRB,221568.0,888075000.0,0.114,0.513
Barbados,1955,BRB,223296.0,938191000.0,0.128,0.574
Barbados,1956,BRB,224519.0,992140000.0,0.128,0.571
Barbados,1957,BRB,225803.0,1049996000.0,0.136,0.6
Barbados,1958,BRB,227266.0,1106940000.0,0.15,0.661
Barbados,1959,BRB,228789.0,1167243000.0,0.15,0.657
Barbados,1960,BRB,230901.0,1233312000.0,0.172,0.746
Barbados,1961,BRB,233155.0,1307090000.0,0.194,0.833
Barbados,1962,BRB,235236.0,1356367000.0,0.26,1.106
Barbados,1963,BRB,237566.0,1393623000.0,0.191,0.802
Barbados,1964,BRB,239969.0,1480715000.0,0.18,0.748
Barbados,1965,BRB,242421.0,1519980000.0,0.205,0.846
Barbados,1966,BRB,245010.0,1622028000.0,0.267,1.092
Barbados,1967,BRB,247099.0,1783096000.0,0.337,1.364
Barbados,1968,BRB,248554.0,2022960000.0,0.44,1.769
Barbados,1969,BRB,249447.0,2210033000.0,0.48,1.924
Barbados,1970,BRB,249398.0,2437083000.0,0.429,1.719
Barbados,1971,BRB,249177.0,2533874000.0,0.484,1.941
Barbados,1972,BRB,249666.0,2557214000.0,0.502,2.011
Barbados,1973,BRB,250330.0,2594940000.0,0.48,1.917
Barbados,1974,BRB,250786.0,2479680000.0,0.491,1.958
Barbados,1975,BRB,251188.0,2426775000.0,0.568,2.261
Barbados,1976,BRB,251454.0,2535056000.0,0.531,2.113
Barbados,1977,BRB,251630.0,2624709000.0,0.59,2.344
Barbados,1978,BRB,251566.0,2753500000.0,0.63,2.505
Barbados,1979,BRB,251277.0,2971087000.0,0.601,2.391
Barbados,1980,BRB,251533.0,3104136000.0,0.674,2.68
Barbados,1981,BRB,252274.0,3040380000.0,0.685,2.716
Barbados,1982,BRB,253098.0,2890272000.0,0.645,2.548
Barbados,1983,BRB,253993.0,2911845000.0,0.685,2.698
Barbados,1984,BRB,254930.0,3013632000.0,0.747,2.93
Barbados,1985,BRB,255831.0,3044936000.0,0.846,3.306
Barbados,1986,BRB,256628.0,3200232000.0,0.915,3.567
Barbados,1987,BRB,257288.0,3284897000.0,0.941,3.658
Barbados,1988,BRB,257768.0,3402620000.0,0.945,3.665
Barbados,1989,BRB,258113.0,3522978000.0,0.989,3.83
Barbados,1990,BRB,258583.0,3404428000.0,1.037,4.011
Barbados,1991,BRB,259382.0,3234507041.0,1.184,4.563
Barbados,1992,BRB,260272.0,3028225649.0,1.164,4.473
Barbados,1993,BRB,261036.0,3017396976.0,0.936,3.584
Barbados,1994,BRB,261625.0,3045284405.0,0.94,3.593
Barbados,1995,BRB,262046.0,3074994312.0,1.023,3.903
Barbados,1996,BRB,262290.0,3163661977.0,1.05,4.002
Barbados,1997,BRB,262405.0,3273617373.0,1.156,4.404
Barbados,1998,BRB,262434.0,3356270425.0,1.228,4.678
Barbados,1999,BRB,262521.0,3340959870.0,1.302,4.958
Barbados,2000,BRB,262071.0,3452406154.0,1.309,4.995
Barbados,2001,BRB,262429.0,3330849682.0,1.307,4.982
Barbados,2002,BRB,264155.0,3319030722.0,1.317,4.985
Barbados,2003,BRB,265789.0,3362359775.0,1.358,5.111
Barbados,2004,BRB,267297.0,3369967163.0,1.387,5.188
Barbados,2005,BRB,268717.0,3466246054.0,1.429,5.318
Barbados,2006,BRB,270011.0,3622055423.0,1.471,5.448
Barbados,2007,BRB,271298.0,3642717925.0,1.469,5.415
Barbados,2008,BRB,272719.0,3618468400.0,1.733,6.356
Barbados,2009,BRB,274137.0,3446882402.0,1.7,6.2
Barbados,2010,BRB,275251.0,3418936167.0,1.567,5.692
Barbados,2011,BRB,276150.0,3406690000.0,1.626,5.889
Barbados,2012,BRB,276949.0,3415680000.0,1.554,5.612
Barbados,2013,BRB,277669.0,3412801000.0,1.54,5.546
Barbados,2014,BRB,278355.0,3416200000.0,1.368,4.913
Barbados,2015,BRB,278999.0,3448059000.0,1.335,4.784
Barbados,2016,BRB,279604.0,3528285767.0,1.371,4.905
Barbados,2017,BRB,280177.0,3554020089.0,1.399,4.994
Barbados,2018,BRB,280719.0,3526291932.0,1.447,5.154
Barbados,2019,BRB,281216.0,3535586950.0,1.392,4.95
Barbados,2020,BRB,281706.0,3085224475.0,1.256,4.457
Barbados,2021,BRB,282157.0,3061072053.0,1.19,4.218
Barbados,2022,BRB,282324.0,3408005977.0,1.315,4.658
Barbados,2023,BRB,282347.0,,1.317,4.664
Barbados,2024,BRB,282476.0,,1.365,4.833
Belarus,1950,BLR,7127595.0,,18.87,2.647
Belarus,1951,BLR,7189431.0,,20.445,2.844
Belarus,1952,BLR,7264611.0,,21.896,3.014
Belarus,1953,BLR,7350643.0,,23.166,3.152
Belarus,1954,BLR,7448883.0,,25.296,3.396
Belarus,1955,BLR,7560678.0,,28.686,3.794
Belarus,1956,BLR,7682876.0,,31.466,4.096
Belarus,1957,BLR,7811337.0,,34.438,4.409
Belarus,1958,BLR,7944094.0,,36.768,4.628
Belarus,1959,BLR,8081319.0,,38.662,4.784
Belarus,1960,BLR,8208003.0,,40.263,4.905
Belarus,1961,BLR,8320428.0,,41.542,4.993
Belarus,1962,BLR,8424480.0,,43.63,5.179
Belarus,1963,BLR,8517706.0,,46.807,5.495
Belarus,1964,BLR,8602840.0,,49.79,5.788
Belarus,1965,BLR,8679938.0,,52.825,6.086
Belarus,1966,BLR,8752970.0,,55.796,6.375
Belarus,1967,BLR,8823252.0,,58.374,6.616
Belarus,1968,BLR,8891333.0,,60.044,6.753
Belarus,1969,BLR,8954603.0,,62.553,6.986
Belarus,1970,BLR,9014901.0,,65.814,7.301
Belarus,1971,BLR,9079747.0,,69.849,7.693
Belarus,1972,BLR,9144638.0,,73.511,8.039
Belarus,1973,BLR,9205707.0,77041353261.0,76.639,8.325
Belarus,1974,BLR,9265673.0,,79.583,8.589
Belarus,1975,BLR,9324290.0,,83.657,8.972
Belarus,1976,BLR,9380093.0,,86.839,9.258
Belarus,1977,BLR,9434946.0,,89.767,9.514
Belarus,1978,BLR,9485806.0,,92.85,9.788
Belarus,1979,BLR,9537697.0,,93.585,9.812
Belarus,1980,BLR,9603173.0,91489839340.0,97.226,10.124
Belarus,1981,BLR,9678048.0,95612416746.0,95.395,9.857
Belarus,1982,BLR,9748285.0,99909808031.0,97.167,9.968
Belarus,1983,BLR,9815555.0,105018469224.0,98.525,10.038
Belarus,1984,BLR,9881698.0,108630565652.0,99.364,10.055
Belarus,1985,BLR,9944184.0,109799185546.0,107.09,10.769
Belarus,1986,BLR,10004289.0,112796181757.0,121.533,12.148
Belarus,1987,BLR,10057608.0,114070850727.0,111.862,11.122
Belarus,1988,BLR,10107636.0,113655358587.0,114.893,11.367
Belarus,1989,BLR,10158779.0,121119310826.0,109.2,10.749
Belarus,1990,BLR,10186258.0,116974867000.0,108.459,10.648
Belarus,1991,BLR,10193889.0,114005544177.0,104.186,10.22
Belarus,1992,BLR,10217561.0,101880793628.0,93.597,9.16
Belarus,1993,BLR,10241320.0,93050209032.0,80.674,7.877
Belarus,1994,BLR,10230193.0,81212667307.0,67.99,6.646
Belarus,1995,BLR,10197466.0,71373341741.0,61.015,5.983
Belarus,1996,BLR,10164025.0,72504136402.0,61.844,6.085
Belarus,1997,BLR,10122365.0,79868071251.0,61.697,6.095
Belarus,1998,BLR,10080579.0,85602469015.0,60.184,5.97
Belarus,1999,BLR,10039221.0,87455010171.0,58.076,5.785
Belarus,2000,BLR,9991310.0,91419114455.0,55.014,5.506
Belarus,2001,BLR,9938068.0,94624119098.0,54.105,5.444
Belarus,2002,BLR,9873451.0,98263269227.0,53.944,5.464
Belarus,2003,BLR,9803175.0,103937865617.0,55.236,5.635
Belarus,2004,BLR,9735089.0,114486408721.0,58.373,5.996
Belarus,2005,BLR,9667833.0,123858071551.0,59.396,6.144
Belarus,2006,BLR,9608041.0,134673942572.0,61.809,6.433
Belarus,2007,BLR,9563135.0,144615680573.0,60.276,6.303
Belarus,2008,BLR,9529357.0,157577029170.0,62.931,6.604
Belarus,2009,BLR,9507334.0,156010272888.0,60.628,6.377
Belarus,2010,BLR,9490752.0,166239903113.0,62.515,6.587
Belarus,2011,BLR,9472738.0,173120303880.0,61.353,6.477
Belarus,2012,BLR,9463075.0,175940441074.0,62.592,6.614
Belarus,2013,BLR,9464454.0,177632980571.0,64.152,6.778
Belarus,2014,BLR,9472704.0,180627882895.0,63.699,6.725
Belarus,2015,BLR,9487289.0,173709821418.0,58.828,6.201
Belarus,2016,BLR,9499066.0,169304543676.0,58.188,6.126
Belarus,2017,BLR,9495793.0,173606575679.0,59.444,6.26
Belarus,2018,BLR,9480031.0,179054352755.0,62.171,6.558
Belarus,2019,BLR,9435415.0,181643469714.0,62.171,6.589
Belarus,2020,BLR,9350943.0,180420997693.0,59.123,6.323
Belarus,2021,BLR,9251368.0,184521985376.0,60.861,6.579
Belarus,2022,BLR,9173240.0,175773799265.0,57.121,6.227
Belarus,2023,BLR,9115679.0,,55.736,6.114
Belarus,2024,BLR,9056696.0,,55.818,6.163
Belgium,1950,BEL,8617442.0,75214347738.0,76.204,8.843
Belgium,1951,BEL,8655755.0,79502691784.0,89.457,10.335
Belgium,1952,BEL,8696639.0,78879211645.0,83.468,9.598
Belgium,1953,BEL,8741858.0,81405994636.0,82.381,9.424
Belgium,1954,BEL,8788383.0,84754240673.0,85.742,9.756
Belgium,1955,BEL,8835492.0,88773430839.0,92.024,10.415
Belgium,1956,BEL,8882161.0,91353398465.0,96.788,10.897
Belgium,1957,BEL,8931862.0,93064269580.0,96.494,10.803
Belgium,1958,BEL,8986120.0,92953195796.0,87.692,9.759
Belgium,1959,BEL,9045745.0,95889572455.0,88.317,9.763
Belgium,1960,BEL,9102172.0,101044316864.0,90.915,9.988
Belgium,1961,BEL,9158208.0,105965811541.0,92.702,10.122
Belgium,1962,BEL,9217669.0,111422805521.0,98.026,10.635
Belgium,1963,BEL,9275198.0,116335804304.0,105.687,11.395
Belgium,1964,BEL,9337681.0,124534265000.0,103.561,11.091
Belgium,1965,BEL,9399851.0,128900422970.0,105.335,11.206
Belgium,1966,BEL,9455000.0,133004611467.0,105.104,11.116
Belgium,1967,BEL,9505919.0,138196546500.0,107.365,11.295
Belgium,1968,BEL,9549702.0,143933305268.0,118.441,12.403
Belgium,1969,BEL,9589190.0,153505209418.0,123.495,12.879
Belgium,1970,BEL,9630508.0,163013745896.0,125.498,13.031
Belgium,1971,BEL,9666524.0,169133335000.0,121.374,12.556
Belgium,1972,BEL,9694853.0,178026050437.0,130.641,13.475
Belgium,1973,BEL,9718032.0,188915229177.0,138.643,14.267
Belgium,1974,BEL,9735809.0,196850469463.0,134.954,13.862
Belgium,1975,BEL,9748472.0,194240674926.0,121.823,12.497
Belgium,1976,BEL,9758905.0,205206876000.0,129.681,13.289
Belgium,1977,BEL,9774018.0,206503340893.0,126.199,12.912
Belgium,1978,BEL,9791812.0,212370672719.0,135.45,13.833
Belgium,1979,BEL,9811367.0,217343101115.0,139.787,14.247
Belgium,1980,BEL,9833093.0,227067203496.0,134.836,13.712
Belgium,1981,BEL,9850674.0,224240632890.0,123.577,12.545
Belgium,1982,BEL,9862329.0,227394760384.0,117.109,11.874
Belgium,1983,BEL,9869136.0,227376691105.0,101.206,10.255
Belgium,1984,BEL,9874586.0,233018708582.0,104.97,10.63
Belgium,1985,BEL,9880338.0,235344813262.0,104.012,10.527
Belgium,1986,BEL,9886981.0,238862653069.0,102.374,10.354
Belgium,1987,BEL,9899150.0,244504599238.0,102.592,10.364
Belgium,1988,BEL,9916566.0,256045020000.0,99.75,10.059
Belgium,1989,BEL,9936575.0,265237140019.0,106.792,10.747
Belgium,1990,BEL,9960968.0,273278713941.0,120.335,12.081
Belgium,1991,BEL,9998962.0,278686606016.0,123.396,12.341
Belgium,1992,BEL,10045988.0,283358354426.0,122.519,12.196
Belgium,1993,BEL,10084932.0,281005275818.0,121.451,12.043
Belgium,1994,BEL,10116005.0,290433135887.0,124.833,12.34
Belgium,1995,BEL,10137264.0,297763645458.0,125.969,12.426
Belgium,1996,BEL,10156972.0,302924438524.0,129.503,12.75
Belgium,1997,BEL,10181465.0,314576090803.0,124.017,12.181
Belgium,1998,BEL,10203185.0,321240211745.0,130.256,12.766
Belgium,1999,BEL,10226681.0,333121577520.0,124.719,12.195
Belgium,2000,BEL,10251719.0,345706865981.0,126.776,12.366
Belgium,2001,BEL,10287005.0,349015220419.0,126.085,12.257
Belgium,2002,BEL,10332975.0,355705534550.0,126.883,12.279
Belgium,2003,BEL,10376262.0,358937085300.0,128.292,12.364
Belgium,2004,BEL,10421298.0,372499172102.0,128.812,12.36
Belgium,2005,BEL,10478883.0,380840056202.0,125.658,11.992
Belgium,2006,BEL,10548445.0,390874955040.0,123.9,11.746
Belgium,2007,BEL,10625488.0,404721960651.0,120.493,11.34
Belgium,2008,BEL,10709711.0,408290544814.0,120.204,11.224
Belgium,2009,BEL,10812936.0,399489943721.0,107.807,9.97
Belgium,2010,BEL,10936619.0,411261674695.0,114.563,10.475
Belgium,2011,BEL,11038624.0,420934235947.0,105.159,9.526
Belgium,2012,BEL,11107522.0,424045845634.0,102.486,9.227
Belgium,2013,BEL,11160277.0,425993254852.0,102.816,9.213
Belgium,2014,BEL,11210113.0,432717694183.0,97.081,8.66
Belgium,2015,BEL,11275332.0,441551470878.0,101.327,8.987
Belgium,2016,BEL,11332707.0,447144517813.0,99.816,8.808
Belgium,2017,BEL,11376583.0,454386396677.0,99.282,8.727
Belgium,2018,BEL,11428608.0,462533269863.0,100.256,8.772
Belgium,2019,BEL,11490623.0,472897988852.0,99.799,8.685
Belgium,2020,BEL,11540102.0,447544069854.0,91.255,7.908
Belgium,2021,BEL,11570843.0,474995824355.0,94.928,8.204
Belgium,2022,BEL,11641814.0,489678394377.0,88.915,7.638
Belgium,2023,BEL,11712891.0,,84.703,7.232
Belgium,2024,BEL,11738761.0,,85.456,7.28
Belize,1950,BLZ,69085.0,,0.018,0.265
Belize,1951,BLZ,71137.0,,0.026,0.361
Belize,1952,BLZ,73364.0,,0.026,0.35
Belize,1953,BLZ,75529.0,,0.029,0.388
Belize,1954,BLZ,77691.0,,0.029,0.377
Belize,1955,BLZ,79867.0,,0.029,0.367
Belize,1956,BLZ,82089.0,,0.029,0.357
Belize,1957,BLZ,84356.0,,0.029,0.347
Belize,1958,BLZ,86672.0,,0.04,0.465
Belize,1959,BLZ,89008.0,,0.04,0.453
Belize,1960,BLZ,91330.0,,0.044,0.481
Belize,1961,BLZ,93646.0,,0.037,0.391
Belize,1962,BLZ,96060.0,,0.07,0.725
Belize,1963,BLZ,98715.0,,0.062,0.631
Belize,1964,BLZ,101619.0,,0.084,0.829
Belize,1965,BLZ,104689.0,,0.084,0.805
Belize,1966,BLZ,107916.0,,0.081,0.747
Belize,1967,BLZ,111291.0,,0.121,1.086
Belize,1968,BLZ,114731.0,,0.103,0.894
Belize,1969,BLZ,118052.0,,0.136,1.148
Belize,1970,BLZ,120746.0,,0.121,1.001
Belize,1971,BLZ,122820.0,,0.143,1.163
Belize,1972,BLZ,124688.0,,0.158,1.264
Belize,1973,BLZ,126461.0,,0.147,1.159
Belize,1974,BLZ,128200.0,,0.154,1.2
Belize,1975,BLZ,130403.0,,0.176,1.349
Belize,1976,BLZ,133117.0,,0.176,1.321
Belize,1977,BLZ,135904.0,,0.198,1.456
Belize,1978,BLZ,138721.0,,0.216,1.558
Belize,1979,BLZ,141693.0,,0.209,1.474
Belize,1980,BLZ,145072.0,,0.191,1.313
Belize,1981,BLZ,148802.0,,0.183,1.231
Belize,1982,BLZ,152561.0,,0.172,1.129
Belize,1983,BLZ,156310.0,,0.172,1.102
Belize,1984,BLZ,160060.0,,0.172,1.076
Belize,1985,BLZ,163812.0,,0.191,1.163
Belize,1986,BLZ,167568.0,,0.205,1.224
Belize,1987,BLZ,171349.0,,0.227,1.326
Belize,1988,BLZ,175195.0,,0.249,1.422
Belize,1989,BLZ,179124.0,,0.3,1.677
Belize,1990,BLZ,183090.0,,0.311,1.701
Belize,1991,BLZ,187056.0,,0.407,2.174
Belize,1992,BLZ,190995.0,,0.355,1.861
Belize,1993,BLZ,194916.0,,0.377,1.936
Belize,1994,BLZ,199101.0,,0.374,1.877
Belize,1995,BLZ,204165.0,,0.377,1.848
Belize,1996,BLZ,210321.0,,0.308,1.463
Belize,1997,BLZ,217459.0,,0.388,1.786
Belize,1998,BLZ,225186.0,,0.37,1.643
Belize,1999,BLZ,233066.0,,0.348,1.493
Belize,2000,BLZ,240809.0,,0.396,1.643
Belize,2001,BLZ,248393.0,,0.447,1.8
Belize,2002,BLZ,256019.0,,0.432,1.689
Belize,2003,BLZ,263794.0,,0.432,1.639
Belize,2004,BLZ,271695.0,,0.392,1.443
Belize,2005,BLZ,279747.0,,0.418,1.493
Belize,2006,BLZ,287889.0,,0.443,1.54
Belize,2007,BLZ,296117.0,,0.473,1.596
Belize,2008,BLZ,304373.0,,0.432,1.42
Belize,2009,BLZ,312619.0,,0.513,1.641
Belize,2010,BLZ,320256.0,,0.539,1.682
Belize,2011,BLZ,327306.0,,0.572,1.746
Belize,2012,BLZ,334421.0,,0.473,1.413
Belize,2013,BLZ,341635.0,,0.473,1.384
Belize,2014,BLZ,348934.0,,0.502,1.439
Belize,2015,BLZ,356341.0,,0.685,1.923
Belize,2016,BLZ,364717.0,,0.674,1.848
Belize,2017,BLZ,373215.0,,0.667,1.787
Belize,2018,BLZ,380232.0,,0.66,1.735
Belize,2019,BLZ,385833.0,,0.769,1.994
Belize,2020,BLZ,390819.0,,0.654,1.672
Belize,2021,BLZ,395355.0,,0.694,1.754
Belize,2022,BLZ,402741.0,,0.724,1.797
Belize,2023,BLZ,411112.0,,0.766,1.864
Belize,2024,BLZ,417077.0,,0.796,1.909
Benin,1950,BEN,2250476.0,2721419464.0,0.138,0.061
Benin,1951,BEN,2267310.0,2724089183.0,0.115,0.051
Benin,1952,BEN,2285780.0,2723139163.0,0.129,0.056
Benin,1953,BEN,2306205.0,2649069858.0,0.107,0.046
Benin,1954,BEN,2328786.0,2727746362.0,0.126,0.054
Benin,1955,BEN,2353653.0,2727958357.0,0.126,0.053
Benin,1956,BEN,2380894.0,2729948453.0,0.146,0.061
Benin,1957,BEN,2410774.0,2731577869.0,0.149,0.062
Benin,1958,BEN,2443431.0,2833502267.0,0.125,0.051
Benin,1959,BEN,2478921.0,2941793804.0,0.103,0.041
Benin,1960,BEN,2517289.0,3031729656.0,0.161,0.064
Benin,1961,BEN,2559229.0,3131826007.0,0.128,0.05
Benin,1962,BEN,2604667.0,3030477734.0,0.136,0.052
Benin,1963,BEN,2652911.0,3170164067.0,0.121,0.046
Benin,1964,BEN,2704005.0,3388837954.0,0.143,0.053
Benin,1965,BEN,2757936.0,3566213986.0,0.15,0.054
Benin,1966,BEN,2814321.0,3696920698.0,0.114,0.04
Benin,1967,BEN,2873000.0,3732750244.0,0.143,0.05
Benin,1968,BEN,2934261.0,3879617211.0,0.154,0.052
Benin,1969,BEN,2998230.0,3997114816.0,0.202,0.067
Benin,1970,BEN,3065061.0,4082305983.0,0.282,0.092
Benin,1971,BEN,3134768.0,4170868197.0,0.293,0.094
Benin,1972,BEN,3207549.0,4577951894.0,0.388,0.121
Benin,1973,BEN,3283500.0,4779049122.0,0.381,0.116
Benin,1974,BEN,3362629.0,5110665656.0,0.407,0.121
Benin,1975,BEN,3445406.0,4761257280.0,0.443,0.129
Benin,1976,BEN,3532198.0,4829592955.0,0.26,0.074
Benin,1977,BEN,3623200.0,5040642153.0,0.297,0.082
Benin,1978,BEN,3718308.0,5020203770.0,0.363,0.098
Benin,1979,BEN,3818536.0,5424331020.0,0.366,0.096
Benin,1980,BEN,3925258.0,5935497935.0,0.48,0.122
Benin,1981,BEN,4038308.0,6276125502.0,0.387,0.096
Benin,1982,BEN,4156593.0,6957657119.0,0.443,0.106
Benin,1983,BEN,4278981.0,6662364328.0,0.404,0.095
Benin,1984,BEN,4405902.0,7197473511.0,0.448,0.102
Benin,1985,BEN,4538017.0,7746780915.0,0.686,0.151
Benin,1986,BEN,4675421.0,7917095545.0,0.624,0.133
Benin,1987,BEN,4818487.0,7799295410.0,0.474,0.098
Benin,1988,BEN,4967343.0,8040683271.0,0.508,0.102
Benin,1989,BEN,5121659.0,7998172143.0,0.57,0.111
Benin,1990,BEN,5281482.0,8723574620.0,0.579,0.11
Benin,1991,BEN,5446935.0,9020546630.0,0.62,0.114
Benin,1992,BEN,5617847.0,9209668142.0,0.671,0.119
Benin,1993,BEN,5872707.0,9663859223.0,0.807,0.137
Benin,1994,BEN,6096510.0,9706566478.0,0.912,0.15
Benin,1995,BEN,6226775.0,10500460878.0,0.956,0.154
Benin,1996,BEN,6391861.0,10810469226.0,1.184,0.185
Benin,1997,BEN,6583375.0,11307899196.0,1.224,0.186
Benin,1998,BEN,6789492.0,11647427795.0,1.114,0.164
Benin,1999,BEN,7002818.0,12157431164.0,1.462,0.209
Benin,2000,BEN,7221618.0,12746225376.0,1.473,0.204
Benin,2001,BEN,7445599.0,13306904218.0,1.689,0.227
Benin,2002,BEN,7675430.0,13793055302.0,2.11,0.275
Benin,2003,BEN,7913074.0,14127733603.0,2.394,0.303
Benin,2004,BEN,8159098.0,14599811664.0,2.594,0.318
Benin,2005,BEN,8426145.0,14703566396.0,2.49,0.295
Benin,2006,BEN,8693243.0,15130030225.0,3.351,0.385
Benin,2007,BEN,8953973.0,15874980420.0,3.931,0.439
Benin,2008,BEN,9228468.0,16519715795.0,3.919,0.425
Benin,2009,BEN,9509431.0,16780073808.0,4.225,0.444
Benin,2010,BEN,9797488.0,17023196060.0,4.679,0.478
Benin,2011,BEN,10093626.0,17416238625.0,4.48,0.444
Benin,2012,BEN,10397659.0,18305935000.0,4.403,0.423
Benin,2013,BEN,10708831.0,19651418479.0,4.566,0.426
Benin,2014,BEN,11030008.0,21043177203.0,4.774,0.433
Benin,2015,BEN,11360681.0,22279707949.0,5.318,0.468
Benin,2016,BEN,11697845.0,23134706997.0,5.311,0.454
Benin,2017,BEN,12039777.0,24568275710.0,5.555,0.461
Benin,2018,BEN,12383349.0,26346543293.0,5.668,0.458
Benin,2019,BEN,12726760.0,28155410176.0,5.273,0.414
Benin,2020,BEN,13070169.0,29239039610.0,5.541,0.424
Benin,2021,BEN,13413423.0,31331235336.0,5.806,0.433
Benin,2022,BEN,13759507.0,33290362034.0,6.092,0.443
Benin,2023,BEN,14111035.0,,5.928,0.42
Benin,2024,BEN,14462721.0,,6.066,0.419
Bermuda,1950,BMU,37241.0,,0.044,1.181
Bermuda,1951,BMU,37820.0,,0.059,1.55
Bermuda,1952,BMU,38358.0,,0.106,2.77
Bermuda,1953,BMU,38850.0,,0.092,2.358
Bermuda,1954,BMU,39365.0,,0.084,2.141
Bermuda,1955,BMU,39874.0,,0.11,2.757
Bermuda,1956,BMU,40360.0,,0.136,3.359
Bermuda,1957,BMU,40815.0,,0.139,3.411
Bermuda,1958,BMU,41229.0,,0.147,3.555
Bermuda,1959,BMU,41663.0,,0.136,3.254
Bermuda,1960,BMU,42231.0,,0.158,3.731
Bermuda,1961,BMU,43143.0,,0.176,4.076
Bermuda,1962,BMU,44262.0,,0.158,3.56
Bermuda,1963,BMU,45362.0,,0.15,3.312
Bermuda,1964,BMU,46430.0,,0.202,4.34
Bermuda,1965,BMU,47484.0,,0.18,3.781
Bermuda,1966,BMU,48556.0,,0.202,4.15
Bermuda,1967,BMU,49535.0,,0.213,4.29
Bermuda,1968,BMU,50425.0,,0.224,4.432
Bermuda,1969,BMU,51330.0,,0.198,3.855
Bermuda,1970,BMU,52147.0,,0.227,4.356
Bermuda,1971,BMU,52628.0,,0.231,4.386
Bermuda,1972,BMU,52825.0,,0.253,4.786
Bermuda,1973,BMU,52963.0,,0.425,8.025
Bermuda,1974,BMU,53077.0,,0.443,8.353
Bermuda,1975,BMU,53148.0,,0.458,8.617
Bermuda,1976,BMU,53232.0,,0.469,8.81
Bermuda,1977,BMU,53346.0,,0.454,8.517
Bermuda,1978,BMU,53451.0,,0.425,7.952
Bermuda,1979,BMU,53538.0,,0.462,8.623
Bermuda,1980,BMU,53693.0,,0.436,8.121
Bermuda,1981,BMU,54020.0,,0.388,7.19
Bermuda,1982,BMU,54407.0,,0.396,7.273
Bermuda,1983,BMU,54802.0,,0.451,8.224
Bermuda,1984,BMU,55189.0,,0.443,8.033
Bermuda,1985,BMU,55569.0,,0.451,8.11
Bermuda,1986,BMU,55907.0,,0.421,7.537
Bermuda,1987,BMU,56285.0,,0.572,10.155
Bermuda,1988,BMU,56714.0,,0.645,11.37
Bermuda,1989,BMU,57149.0,,0.78,13.656
Bermuda,1990,BMU,57584.0,,0.502,8.717
Bermuda,1991,BMU,58007.0,,0.539,9.285
Bermuda,1992,BMU,58430.0,,0.462,7.901
Bermuda,1993,BMU,58834.0,,0.539,9.155
Bermuda,1994,BMU,59214.0,,0.531,8.972
Bermuda,1995,BMU,59549.0,,0.531,8.922
Bermuda,1996,BMU,59836.0,,0.528,8.818
Bermuda,1997,BMU,60194.0,,0.524,8.704
Bermuda,1998,BMU,60659.0,,0.52,8.577
Bermuda,1999,BMU,61142.0,,0.513,8.39
Bermuda,2000,BMU,61569.0,,0.517,8.391
Bermuda,2001,BMU,61887.0,,0.528,8.525
Bermuda,2002,BMU,62163.0,,0.557,8.959
Bermuda,2003,BMU,62405.0,,0.561,8.983
Bermuda,2004,BMU,62576.0,,0.583,9.31
Bermuda,2005,BMU,62730.0,,0.583,9.287
Bermuda,2006,BMU,62855.0,,0.656,10.434
Bermuda,2007,BMU,63030.0,,0.729,11.568
Bermuda,2008,BMU,63319.0,,0.645,10.184
Bermuda,2009,BMU,63587.0,,0.473,7.433
Bermuda,2010,BMU,63748.0,,0.605,9.484
Bermuda,2011,BMU,63753.0,,0.443,6.954
Bermuda,2012,BMU,63665.0,,0.366,5.755
Bermuda,2013,BMU,63593.0,,0.535,8.412
Bermuda,2014,BMU,63551.0,,0.667,10.493
Bermuda,2015,BMU,63482.0,,0.542,8.542
Bermuda,2016,BMU,63466.0,,0.616,9.699
Bermuda,2017,BMU,63603.0,,0.641,10.081
Bermuda,2018,BMU,63852.0,,0.696,10.903
Bermuda,2019,BMU,64130.0,,0.594,9.256
Bermuda,2020,BMU,64404.0,,0.436,6.77
Bermuda,2021,BMU,64672.0,,0.517,7.988
Bermuda,2022,BMU,64772.0,,0.531,8.194
Bermuda,2023,BMU,64721.0,,0.53,8.184
Bermuda,2024,BMU,64660.0,,0.55,8.506
Bhutan,1950,BTN,169991.0,,,
Bhutan,1951,BTN,174615.0,,,
Bhutan,1952,BTN,179392.0,,,
Bhutan,1953,BTN,184345.0,,,
Bhutan,1954,BTN,189467.0,,,
Bhutan,1955,BTN,194759.0,,,
Bhutan,1956,BTN,200245.0,,,
Bhutan,1957,BTN,205913.0,,,
Bhutan,1958,BTN,211766.0,,,
Bhutan,1959,BTN,217827.0,,,
Bhutan,1960,BTN,224098.0,,,
Bhutan,1961,BTN,230617.0,,,
Bhutan,1962,BTN,237648.0,,,
Bhutan,1963,BTN,245168.0,,,
Bhutan,1964,BTN,252997.0,,,
Bhutan,1965,BTN,261210.0,,,
Bhutan,1966,BTN,269830.0,,,
Bhutan,1967,BTN,278855.0,,,
Bhutan,1968,BTN,288320.0,,,
Bhutan,1969,BTN,298220.0,,,
Bhutan,1970,BTN,308536.0,,0.004,0.012
Bhutan,1971,BTN,319219.0,,0.004,0.011
Bhutan,1972,BTN,330265.0,,0.004,0.011
Bhutan,1973,BTN,341713.0,,0.004,0.011
Bhutan,1974,BTN,353548.0,,0.004,0.01
Bhutan,1975,BTN,365800.0,,0.004,0.01
Bhutan,1976,BTN,378499.0,,0.004,0.01
Bhutan,1977,BTN,391649.0,,0.007,0.019
Bhutan,1978,BTN,405256.0,,0.011,0.027
Bhutan,1979,BTN,419208.0,,0.022,0.052
Bhutan,1980,BTN,433412.0,,0.022,0.051
Bhutan,1981,BTN,447851.0,,0.055,0.124
Bhutan,1982,BTN,462495.0,,0.063,0.136
Bhutan,1983,BTN,477473.0,,0.087,0.182
Bhutan,1984,BTN,492794.0,,0.109,0.221
Bhutan,1985,BTN,508399.0,,0.12,0.236
Bhutan,1986,BTN,524327.0,,0.112,0.214
Bhutan,1987,BTN,540570.0,,0.16,0.296
Bhutan,1988,BTN,557002.0,,0.167,0.301
Bhutan,1989,BTN,573593.0,,0.12,0.209
Bhutan,1990,BTN,589295.0,,0.186,0.315
Bhutan,1991,BTN,599789.0,,0.186,0.31
Bhutan,1992,BTN,577780.0,,0.215,0.372
Bhutan,1993,BTN,554680.0,,0.182,0.328
Bhutan,1994,BTN,554509.0,,0.212,0.383
Bhutan,1995,BTN,547995.0,,0.249,0.454
Bhutan,1996,BTN,548792.0,,0.298,0.544
Bhutan,1997,BTN,558698.0,,0.39,0.698
Bhutan,1998,BTN,569439.0,,0.385,0.676
Bhutan,1999,BTN,582589.0,,0.386,0.662
Bhutan,2000,BTN,596871.0,,0.397,0.665
Bhutan,2001,BTN,610801.0,,0.464,0.759
Bhutan,2002,BTN,624417.0,,0.494,0.791
Bhutan,2003,BTN,637667.0,,0.494,0.775
Bhutan,2004,BTN,650559.0,,0.436,0.67
Bhutan,2005,BTN,661875.0,,0.546,0.825
Bhutan,2006,BTN,670803.0,,0.411,0.613
Bhutan,2007,BTN,678643.0,,0.397,0.585
Bhutan,2008,BTN,686359.0,,0.646,0.942
Bhutan,2009,BTN,693994.0,,0.683,0.984
Bhutan,2010,BTN,701638.0,,0.905,1.291
Bhutan,2011,BTN,709387.0,,1.007,1.419
Bhutan,2012,BTN,717288.0,,1.15,1.603
Bhutan,2013,BTN,725282.0,,1.269,1.75
Bhutan,2014,BTN,733151.0,,1.332,1.817
Bhutan,2015,BTN,740623.0,,1.434,1.936
Bhutan,2016,BTN,747878.0,,1.56,2.086
Bhutan,2017,BTN,754343.0,,1.649,2.186
Bhutan,2018,BTN,759766.0,,1.682,2.214
Bhutan,2019,BTN,764830.0,,1.565,2.046
Bhutan,2020,BTN,770013.0,,1.214,1.576
Bhutan,2021,BTN,775450.0,,1.455,1.876
Bhutan,2022,BTN,780921.0,,1.55,1.984
Bhutan,2023,BTN,786386.0,,1.63,2.072
Bhutan,2024,BTN,791530.0,,1.657,2.094
Bolivia,1950,BOL,3089975.0,8328510537.0,0.517,0.167
Bolivia,1951,BOL,3137299.0,9061147377.0,0.462,0.147
Bolivia,1952,BOL,3187538.0,9333290465.0,0.513,0.161
Bolivia,1953,BOL,3240967.0,8449113242.0,0.538,0.166
Bolivia,1954,BOL,3297841.0,8628765208.0,0.788,0.239
Bolivia,1955,BOL,3358005.0,9081514797.0,0.931,0.277
Bolivia,1956,BOL,3421344.0,8543092689.0,1.106,0.323
Bolivia,1957,BOL,3487565.0,8263801969.0,1.004,0.288
Bolivia,1958,BOL,3556554.0,8458587183.0,0.916,0.258
Bolivia,1959,BOL,3628189.0,8431187029.0,0.949,0.262
Bolivia,1960,BOL,3702323.0,8791226875.0,1.004,0.271
Bolivia,1961,BOL,3778735.0,8975157965.0,1.04,0.275
Bolivia,1962,BOL,3857495.0,9473567765.0,1.099,0.285
Bolivia,1963,BOL,3938914.0,10084080552.0,1.213,0.308
Bolivia,1964,BOL,4023009.0,10573263906.0,1.48,0.368
Bolivia,1965,BOL,4109800.0,11093693716.0,1.509,0.367
Bolivia,1966,BOL,4199555.0,11891659000.0,1.689,0.402
Bolivia,1967,BOL,4292574.0,12635159577.0,1.89,0.44
Bolivia,1968,BOL,4388946.0,13716874161.0,2.176,0.496
Bolivia,1969,BOL,4488231.0,14329906725.0,2.546,0.567
Bolivia,1970,BOL,4590008.0,15077029456.0,2.484,0.541
Bolivia,1971,BOL,4694351.0,15649305180.0,3.059,0.652
Bolivia,1972,BOL,4800985.0,16446271197.0,3.568,0.743
Bolivia,1973,BOL,4910200.0,17582470153.0,3.454,0.704
Bolivia,1974,BOL,5022480.0,18484709863.0,3.513,0.699
Bolivia,1975,BOL,5137540.0,19706406831.0,4.055,0.789
Bolivia,1976,BOL,5256497.0,20908284529.0,4.575,0.87
Bolivia,1977,BOL,5379169.0,21786901153.0,4.476,0.832
Bolivia,1978,BOL,5504131.0,22525604320.0,5.021,0.912
Bolivia,1979,BOL,5630853.0,22517148505.0,4.731,0.84
Bolivia,1980,BOL,5758905.0,22309321191.0,4.661,0.809
Bolivia,1981,BOL,5888114.0,22513609931.0,4.784,0.812
Bolivia,1982,BOL,6018091.0,21530727246.0,4.341,0.721
Bolivia,1983,BOL,6149066.0,20568701184.0,4.282,0.696
Bolivia,1984,BOL,6281868.0,20775917261.0,4.033,0.642
Bolivia,1985,BOL,6416193.0,20629834263.0,4.115,0.641
Bolivia,1986,BOL,6552481.0,19972703422.0,3.768,0.575
Bolivia,1987,BOL,6692168.0,20500709238.0,4.018,0.6
Bolivia,1988,BOL,6835507.0,21274793515.0,4.294,0.628
Bolivia,1989,BOL,6981771.0,21890043281.0,4.977,0.713
Bolivia,1990,BOL,7130143.0,23021797458.0,10.018,1.405
Bolivia,1991,BOL,7280294.0,24300991136.0,10.506,1.443
Bolivia,1992,BOL,7430337.0,24762215565.0,11.025,1.484
Bolivia,1993,BOL,7579196.0,25872205207.0,11.562,1.525
Bolivia,1994,BOL,7727320.0,27129137815.0,9.65,1.249
Bolivia,1995,BOL,7874676.0,28456929800.0,9.029,1.147
Bolivia,1996,BOL,8021742.0,29770158709.0,10.027,1.25
Bolivia,1997,BOL,8167911.0,31321344983.0,11.733,1.436
Bolivia,1998,BOL,8313400.0,32973947605.0,11.264,1.355
Bolivia,1999,BOL,8459810.0,33199090219.0,10.95,1.294
Bolivia,2000,BOL,8606330.0,34126236477.0,8.442,0.981
Bolivia,2001,BOL,8752740.0,34794954024.0,8.752,1.0
Bolivia,2002,BOL,8900358.0,35770128530.0,10.415,1.17
Bolivia,2003,BOL,9050703.0,36849589696.0,10.983,1.214
Bolivia,2004,BOL,9204297.0,38518211935.0,11.051,1.201
Bolivia,2005,BOL,9360758.0,40366066215.0,12.337,1.318
Bolivia,2006,BOL,9521685.0,42467223163.0,12.369,1.299
Bolivia,2007,BOL,9685960.0,44577390720.0,12.74,1.315
Bolivia,2008,BOL,9850859.0,47500614555.0,13.028,1.322
Bolivia,2009,BOL,10016279.0,49290119749.0,13.633,1.361
Bolivia,2010,BOL,10182345.0,51541502268.0,14.809,1.454
Bolivia,2011,BOL,10348931.0,54437027542.0,16.051,1.551
Bolivia,2012,BOL,10515814.0,57225289193.0,17.575,1.671
Bolivia,2013,BOL,10682612.0,61114326124.0,17.778,1.664
Bolivia,2014,BOL,10848889.0,64451770571.0,19.9,1.834
Bolivia,2015,BOL,11014707.0,67582198248.0,19.9,1.807
Bolivia,2016,BOL,11180020.0,70463901130.0,21.25,1.901
Bolivia,2017,BOL,11344591.0,73419862854.0,22.182,1.955
Bolivia,2018,BOL,11508370.0,76521114837.0,22.509,1.956
Bolivia,2019,BOL,11671386.0,78217588630.0,22.609,1.937
Bolivia,2020,BOL,11816301.0,71382934039.0,18.32,1.55
Bolivia,2021,BOL,11937369.0,75741579784.0,21.767,1.823
Bolivia,2022,BOL,12077156.0,78165311428.0,23.488,1.945
Bolivia,2023,BOL,12244161.0,,24.621,2.011
Bolivia,2024,BOL,12413318.0,,28.709,2.313
Bonaire Sint Eustatius and Saba,1950,BES,7023.0,,0.114,16.283
Bonaire Sint Eustatius and Saba,1951,BES,7052.0,,0.18,25.576
Bonaire Sint Eustatius and Saba,1952,BES,7141.0,,0.104,14.583
Bonaire Sint Eustatius and Saba,1953,BES,7249.0,,0.121,16.626
Bonaire Sint Eustatius and Saba,1954,BES,7460.0,,0.244,32.68
Bonaire Sint Eustatius and Saba,1955,BES,7628.0,,0.202,26.436
Bonaire Sint Eustatius and Saba,1956,BES,7638.0,,0.261,34.146
Bonaire Sint Eustatius and Saba,1957,BES,7653.0,,0.178,23.276
Bonaire Sint Eustatius and Saba,1958,BES,7699.0,,0.156,20.267
Bonaire Sint Eustatius and Saba,1959,BES,7761.0,,0.201,25.88
Bonaire Sint Eustatius and Saba,1960,BES,7853.0,,0.173,21.993
Bonaire Sint Eustatius and Saba,1961,BES,7983.0,,0.18,22.579
Bonaire Sint Eustatius and Saba,1962,BES,8122.0,,0.198,24.371
Bonaire Sint Eustatius and Saba,1963,BES,8286.0,,0.19,22.883
Bonaire Sint Eustatius and Saba,1964,BES,8472.0,,0.184,21.761
Bonaire Sint Eustatius and Saba,1965,BES,8677.0,,0.165,19.062
Bonaire Sint Eustatius and Saba,1966,BES,8893.0,,0.155,17.392
Bonaire Sint Eustatius and Saba,1967,BES,9129.0,,0.191,20.87
Bonaire Sint Eustatius and Saba,1968,BES,9368.0,,0.177,18.911
Bonaire Sint Eustatius and Saba,1969,BES,9625.0,,0.232,24.089
Bonaire Sint Eustatius and Saba,1970,BES,9885.0,,0.259,26.234
Bonaire Sint Eustatius and Saba,1971,BES,10148.0,,0.226,22.24
Bonaire Sint Eustatius and Saba,1972,BES,10377.0,,0.219,21.089
Bonaire Sint Eustatius and Saba,1973,BES,10558.0,,0.243,22.993
Bonaire Sint Eustatius and Saba,1974,BES,10715.0,,0.22,20.536
Bonaire Sint Eustatius and Saba,1975,BES,10878.0,,0.159,14.649
Bonaire Sint Eustatius and Saba,1976,BES,11057.0,,0.34,30.785
Bonaire Sint Eustatius and Saba,1977,BES,11242.0,,0.178,15.815
Bonaire Sint Eustatius and Saba,1978,BES,11437.0,,0.151,13.239
Bonaire Sint Eustatius and Saba,1979,BES,11621.0,,0.159,13.668
Bonaire Sint Eustatius and Saba,1980,BES,11804.0,,0.163,13.848
Bonaire Sint Eustatius and Saba,1981,BES,11962.0,,0.156,13.016
Bonaire Sint Eustatius and Saba,1982,BES,12078.0,,0.174,14.413
Bonaire Sint Eustatius and Saba,1983,BES,12177.0,,0.089,7.347
Bonaire Sint Eustatius and Saba,1984,BES,12284.0,,0.223,18.187
Bonaire Sint Eustatius and Saba,1985,BES,12391.0,,0.261,21.103
Bonaire Sint Eustatius and Saba,1986,BES,12494.0,,0.05,4.012
Bonaire Sint Eustatius and Saba,1987,BES,12601.0,,0.045,3.537
Bonaire Sint Eustatius and Saba,1988,BES,12714.0,,0.044,3.453
Bonaire Sint Eustatius and Saba,1989,BES,12830.0,,0.084,6.513
Bonaire Sint Eustatius and Saba,1990,BES,12958.0,,0.089,6.906
Bonaire Sint Eustatius and Saba,1991,BES,13070.0,,0.071,5.464
Bonaire Sint Eustatius and Saba,1992,BES,13186.0,,0.059,4.462
Bonaire Sint Eustatius and Saba,1993,BES,13297.0,,0.091,6.83
Bonaire Sint Eustatius and Saba,1994,BES,13407.0,,0.087,6.495
Bonaire Sint Eustatius and Saba,1995,BES,13531.0,,0.086,6.368
Bonaire Sint Eustatius and Saba,1996,BES,13670.0,,0.081,5.896
Bonaire Sint Eustatius and Saba,1997,BES,13812.0,,0.084,6.107
Bonaire Sint Eustatius and Saba,1998,BES,13959.0,,0.005,0.334
Bonaire Sint Eustatius and Saba,1999,BES,14101.0,,0.035,2.474
Bonaire Sint Eustatius and Saba,2000,BES,14256.0,,0.093,6.494
Bonaire Sint Eustatius and Saba,2001,BES,14526.0,,0.094,6.49
Bonaire Sint Eustatius and Saba,2002,BES,15033.0,,0.091,6.046
Bonaire Sint Eustatius and Saba,2003,BES,15666.0,,0.091,5.805
Bonaire Sint Eustatius and Saba,2004,BES,16330.0,,0.095,5.843
Bonaire Sint Eustatius and Saba,2005,BES,17002.0,,0.095,5.562
Bonaire Sint Eustatius and Saba,2006,BES,17701.0,,0.099,5.568
Bonaire Sint Eustatius and Saba,2007,BES,18408.0,,0.111,6.028
Bonaire Sint Eustatius and Saba,2008,BES,19118.0,,0.107,5.583
Bonaire Sint Eustatius and Saba,2009,BES,19847.0,,0.109,5.502
Bonaire Sint Eustatius and Saba,2010,BES,20583.0,,0.075,3.655
Bonaire Sint Eustatius and Saba,2011,BES,21650.0,,0.096,4.432
Bonaire Sint Eustatius and Saba,2012,BES,22847.0,,0.117,5.132
Bonaire Sint Eustatius and Saba,2013,BES,23835.0,,0.114,4.765
Bonaire Sint Eustatius and Saba,2014,BES,24491.0,,0.117,4.787
Bonaire Sint Eustatius and Saba,2015,BES,24638.0,,0.128,5.205
Bonaire Sint Eustatius and Saba,2016,BES,24567.0,,0.132,5.369
Bonaire Sint Eustatius and Saba,2017,BES,24821.0,,0.139,5.609
Bonaire Sint Eustatius and Saba,2018,BES,25184.0,,0.132,5.238
Bonaire Sint Eustatius and Saba,2019,BES,25652.0,,0.139,5.428
Bonaire Sint Eustatius and Saba,2020,BES,26476.0,,0.132,4.982
Bonaire Sint Eustatius and Saba,2021,BES,27347.0,,0.139,5.091
Bonaire Sint Eustatius and Saba,2022,BES,28654.0,,0.147,5.115
Bonaire Sint Eustatius and Saba,2023,BES,29920.0,,0.146,4.889
Bonaire Sint Eustatius and Saba,2024,BES,30699.0,,0.152,4.947
Bosnia and Herzegovina,1950,BIH,2690407.0,,2.719,1.011
Bosnia and Herzegovina,1951,BIH,2730245.0,,2.574,0.943
Bosnia and Herzegovina,1952,BIH,2774688.0,5286154000.0,2.585,0.932
Bosnia and Herzegovina,1953,BIH,2829229.0,5376714000.0,2.567,0.907
Bosnia and Herzegovina,1954,BIH,2890205.0,5385852000.0,3.063,1.06
Bosnia and Herzegovina,1955,BIH,2952172.0,6736110000.0,3.509,1.189
Bosnia and Herzegovina,1956,BIH,3015555.0,5844300000.0,4.013,1.331
Bosnia and Herzegovina,1957,BIH,3079942.0,6810264000.0,4.358,1.415
Bosnia and Herzegovina,1958,BIH,3145429.0,7139784000.0,4.293,1.365
Bosnia and Herzegovina,1959,BIH,3212369.0,8494395000.0,4.926,1.533
Bosnia and Herzegovina,1960,BIH,3281387.0,9302040000.0,5.382,1.64
Bosnia and Herzegovina,1961,BIH,3348038.0,9649575000.0,5.646,1.686
Bosnia and Herzegovina,1962,BIH,3407536.0,9604932000.0,5.793,1.7
Bosnia and Herzegovina,1963,BIH,3461941.0,10788426000.0,6.445,1.862
Bosnia and Herzegovina,1964,BIH,3513443.0,11950705000.0,7.302,2.078
Bosnia and Herzegovina,1965,BIH,3562844.0,12466517000.0,7.514,2.109
Bosnia and Herzegovina,1966,BIH,3610570.0,13491210000.0,7.445,2.062
Bosnia and Herzegovina,1967,BIH,3656227.0,13350540000.0,7.52,2.057
Bosnia and Herzegovina,1968,BIH,3698804.0,13960323000.0,8.044,2.175
Bosnia and Herzegovina,1969,BIH,3737769.0,15160308000.0,8.34,2.231
Bosnia and Herzegovina,1970,BIH,3773248.0,15741453000.0,10.898,2.888
Bosnia and Herzegovina,1971,BIH,3809388.0,16886890000.0,11.746,3.083
Bosnia and Herzegovina,1972,BIH,3848278.0,17800359000.0,11.008,2.86
Bosnia and Herzegovina,1973,BIH,3887374.0,18589472000.0,13.15,3.383
Bosnia and Herzegovina,1974,BIH,3926471.0,20064600000.0,13.206,3.363
Bosnia and Herzegovina,1975,BIH,3965749.0,20883060000.0,13.78,3.475
Bosnia and Herzegovina,1976,BIH,4004560.0,21245844000.0,14.222,3.551
Bosnia and Herzegovina,1977,BIH,4042136.0,23073642000.0,13.83,3.421
Bosnia and Herzegovina,1978,BIH,4078246.0,24714895000.0,15.453,3.789
Bosnia and Herzegovina,1979,BIH,4113302.0,26658056000.0,16.806,4.086
Bosnia and Herzegovina,1980,BIH,4148427.0,26958096000.0,16.524,3.983
Bosnia and Herzegovina,1981,BIH,4184220.0,27965895275.0,17.983,4.298
Bosnia and Herzegovina,1982,BIH,4221104.0,28545391931.0,16.519,3.913
Bosnia and Herzegovina,1983,BIH,4258736.0,28495872913.0,17.788,4.177
Bosnia and Herzegovina,1984,BIH,4295538.0,29023906214.0,18.759,4.367
Bosnia and Herzegovina,1985,BIH,4330362.0,29393065490.0,19.135,4.419
Bosnia and Herzegovina,1986,BIH,4362114.0,30438102624.0,19.983,4.581
Bosnia and Herzegovina,1987,BIH,4390248.0,29878195971.0,19.508,4.444
Bosnia and Herzegovina,1988,BIH,4414409.0,29138453478.0,20.13,4.56
Bosnia and Herzegovina,1989,BIH,4433985.0,29517137447.0,20.068,4.526
Bosnia and Herzegovina,1990,BIH,4448658.0,26068545854.0,19.872,4.467
Bosnia and Herzegovina,1991,BIH,4458350.0,22759463465.0,14.06,3.154
Bosnia and Herzegovina,1992,BIH,4234620.0,16213891161.0,15.029,3.549
Bosnia and Herzegovina,1993,BIH,3904484.0,11077007356.0,12.581,3.222
Bosnia and Herzegovina,1994,BIH,3725412.0,11242944737.0,3.205,0.86
Bosnia and Herzegovina,1995,BIH,3715565.0,11770817203.0,3.406,0.917
Bosnia and Herzegovina,1996,BIH,3875246.0,17934743605.0,4.24,1.094
Bosnia and Herzegovina,1997,BIH,4018228.0,21766878558.0,8.366,2.082
Bosnia and Herzegovina,1998,BIH,4089357.0,24470419886.0,10.551,2.58
Bosnia and Herzegovina,1999,BIH,4130312.0,26775071100.0,10.333,2.502
Bosnia and Herzegovina,2000,BIH,4159785.0,27629709487.0,13.702,3.294
Bosnia and Herzegovina,2001,BIH,4179446.0,27937499205.0,13.263,3.173
Bosnia and Herzegovina,2002,BIH,4188006.0,28997438498.0,14.173,3.384
Bosnia and Herzegovina,2003,BIH,4178523.0,29748999379.0,14.358,3.436
Bosnia and Herzegovina,2004,BIH,4140990.0,31229543774.0,15.462,3.734
Bosnia and Herzegovina,2005,BIH,4096493.0,32159580501.0,16.046,3.917
Bosnia and Herzegovina,2006,BIH,4063269.0,33580206309.0,17.387,4.279
Bosnia and Herzegovina,2007,BIH,4013420.0,35158268243.0,17.474,4.354
Bosnia and Herzegovina,2008,BIH,3947545.0,36676627730.0,19.955,5.055
Bosnia and Herzegovina,2009,BIH,3879798.0,35937393954.0,20.537,5.293
Bosnia and Herzegovina,2010,BIH,3811480.0,35774435069.0,21.146,5.548
Bosnia and Herzegovina,2011,BIH,3741799.0,35664062419.0,23.765,6.351
Bosnia and Herzegovina,2012,BIH,3670109.0,35371051813.0,22.138,6.032
Bosnia and Herzegovina,2013,BIH,3610857.0,36202157063.0,21.801,6.038
Bosnia and Herzegovina,2014,BIH,3564831.0,36619951250.0,19.312,5.417
Bosnia and Herzegovina,2015,BIH,3518541.0,38199900995.0,18.46,5.247
Bosnia and Herzegovina,2016,BIH,3472997.0,39438504839.0,21.734,6.258
Bosnia and Herzegovina,2017,BIH,3428684.0,40717914490.0,22.153,6.461
Bosnia and Herzegovina,2018,BIH,3386999.0,42277004927.0,22.079,6.519
Bosnia and Herzegovina,2019,BIH,3345532.0,43497123759.0,20.81,6.22
Bosnia and Herzegovina,2020,BIH,3299352.0,42185625323.0,20.832,6.314
Bosnia and Herzegovina,2021,BIH,3244912.0,45303796505.0,21.268,6.554
Bosnia and Herzegovina,2022,BIH,3204802.0,47069138435.0,20.743,6.472
Bosnia and Herzegovina,2023,BIH,3185072.0,,19.881,6.242
Bosnia and Herzegovina,2024,BIH,3164256.0,,19.426,6.139
Botswana,1950,BWA,413708.0,210471954.0,,
Botswana,1951,BWA,423568.0,216851043.0,,
Botswana,1952,BWA,433719.0,222923239.0,,
Botswana,1953,BWA,443979.0,230017408.0,,
Botswana,1954,BWA,454051.0,236867447.0,,
Botswana,1955,BWA,463935.0,243921903.0,,
Botswana,1956,BWA,473785.0,251189812.0,,
Botswana,1957,BWA,483798.0,258203620.0,,
Botswana,1958,BWA,494112.0,264952043.0,,
Botswana,1959,BWA,504883.0,273395712.0,,
Botswana,1960,BWA,516174.0,280135984.0,,
Botswana,1961,BWA,527952.0,290136370.0,,
Botswana,1962,BWA,540189.0,298428634.0,,
Botswana,1963,BWA,552977.0,308051066.0,,
Botswana,1964,BWA,566282.0,320099466.0,,
Botswana,1965,BWA,574670.0,329317185.0,,
Botswana,1966,BWA,577876.0,361974812.0,,
Botswana,1967,BWA,580938.0,397995990.0,,
Botswana,1968,BWA,583974.0,438875904.0,,
Botswana,1969,BWA,587078.0,482089801.0,,
Botswana,1970,BWA,590338.0,529687114.0,,
Botswana,1971,BWA,600488.0,667407080.0,,
Botswana,1972,BWA,622416.0,842936728.0,0.022,0.035
Botswana,1973,BWA,652420.0,1021847746.0,0.051,0.079
Botswana,1974,BWA,685455.0,1112449434.0,0.088,0.128
Botswana,1975,BWA,720389.0,1206259797.0,0.187,0.259
Botswana,1976,BWA,758514.0,1335032691.0,0.594,0.783
Botswana,1977,BWA,799587.0,1476200579.0,0.78,0.976
Botswana,1978,BWA,849246.0,1648605253.0,0.832,0.979
Botswana,1979,BWA,901754.0,1883922745.0,0.942,1.044
Botswana,1980,BWA,937493.0,2114317678.0,1.403,1.497
Botswana,1981,BWA,970003.0,2362259234.0,1.408,1.451
Botswana,1982,BWA,1009273.0,2562518642.0,1.399,1.386
Botswana,1983,BWA,1046148.0,2867984498.0,1.33,1.271
Botswana,1984,BWA,1083665.0,3259569091.0,1.344,1.24
Botswana,1985,BWA,1121954.0,3564063346.0,1.658,1.478
Botswana,1986,BWA,1160655.0,3829274528.0,1.566,1.349
Botswana,1987,BWA,1199180.0,4148395078.0,1.838,1.533
Botswana,1988,BWA,1235488.0,4660648876.0,2.001,1.619
Botswana,1989,BWA,1270279.0,6213534958.0,2.229,1.755
Botswana,1990,BWA,1305699.0,6660711722.0,2.7,2.068
Botswana,1991,BWA,1341767.0,7315023272.0,2.634,1.963
Botswana,1992,BWA,1380038.0,7702501132.0,2.777,2.012
Botswana,1993,BWA,1420120.0,8026901258.0,3.195,2.25
Botswana,1994,BWA,1460030.0,8505234702.0,3.03,2.075
Botswana,1995,BWA,1498842.0,9306926237.0,3.045,2.031
Botswana,1996,BWA,1535917.0,10069439768.0,2.755,1.794
Botswana,1997,BWA,1571700.0,11122733889.0,2.799,1.781
Botswana,1998,BWA,1606906.0,11452605950.0,3.342,2.08
Botswana,1999,BWA,1642006.0,12841571074.0,3.158,1.923
Botswana,2000,BWA,1677384.0,13391002424.0,3.778,2.252
Botswana,2001,BWA,1712264.0,13725120137.0,3.847,2.247
Botswana,2002,BWA,1744765.0,14885467195.0,3.975,2.278
Botswana,2003,BWA,1775744.0,15922248755.0,3.825,2.154
Botswana,2004,BWA,1807153.0,16720998899.0,3.895,2.155
Botswana,2005,BWA,1839881.0,17874650435.0,4.096,2.226
Botswana,2006,BWA,1874526.0,19804034564.0,4.133,2.205
Botswana,2007,BWA,1911200.0,21924081026.0,4.228,2.212
Botswana,2008,BWA,1949973.0,23814412331.0,4.503,2.309
Botswana,2009,BWA,1990671.0,22485468865.0,3.855,1.937
Botswana,2010,BWA,2033110.0,24958864035.0,4.537,2.232
Botswana,2011,BWA,2073538.0,27061119164.0,4.029,1.943
Botswana,2012,BWA,2108617.0,27014847416.0,5.077,2.408
Botswana,2013,BWA,2140687.0,30014304729.0,5.663,2.645
Botswana,2014,BWA,2172053.0,31724220202.0,6.85,3.154
Botswana,2015,BWA,2203276.0,30185273524.0,5.418,2.459
Botswana,2016,BWA,2234784.0,32359220755.0,6.341,2.837
Botswana,2017,BWA,2266749.0,33690154993.0,7.066,3.117
Botswana,2018,BWA,2299149.0,35101769105.0,7.643,3.324
Botswana,2019,BWA,2332082.0,36166405883.0,7.486,3.21
Botswana,2020,BWA,2365895.0,33010529929.0,6.192,2.617
Botswana,2021,BWA,2401448.0,36918974292.0,6.683,2.783
Botswana,2022,BWA,2439895.0,39293967463.0,7.396,3.031
Botswana,2023,BWA,2480242.0,,7.249,2.923
Botswana,2024,BWA,2521145.0,,7.462,2.96
Brazil,1950,BRA,53408551.0,119498713953.0,19.659,0.368
Brazil,1951,BRA,55018849.0,125334815718.0,21.659,0.394
Brazil,1952,BRA,56694872.0,134544281777.0,24.934,0.44
Brazil,1953,BRA,58433756.0,140888047523.0,25.218,0.432
Brazil,1954,BRA,60235125.0,151832712656.0,29.676,0.493
Brazil,1955,BRA,62101393.0,165244237890.0,34.024,0.548
Brazil,1956,BRA,64033997.0,170024683125.0,36.608,0.572
Brazil,1957,BRA,66031498.0,183084423046.0,35.977,0.545
Brazil,1958,BRA,68092148.0,202937298867.0,39.054,0.574
Brazil,1959,BRA,70214470.0,222726630328.0,39.017,0.556
Brazil,1960,BRA,72388124.0,243618972875.0,46.852,0.647
Brazil,1961,BRA,74605442.0,264690940898.0,49.135,0.659
Brazil,1962,BRA,76865322.0,282182178609.0,53.611,0.697
Brazil,1963,BRA,79164237.0,283741047460.0,55.519,0.701
Brazil,1964,BRA,81488598.0,293385651687.0,56.621,0.695
Brazil,1965,BRA,83817586.0,300547041906.0,56.273,0.671
Brazil,1966,BRA,86139356.0,320583718312.0,64.154,0.745
Brazil,1967,BRA,88446119.0,334149068085.0,66.022,0.746
Brazil,1968,BRA,90741243.0,366804798046.0,77.21,0.851
Brazil,1969,BRA,93045768.0,401601726554.0,84.072,0.904
Brazil,1970,BRA,95375656.0,443496716015.0,93.467,0.98
Brazil,1971,BRA,97739280.0,493683360000.0,102.314,1.047
Brazil,1972,BRA,100146794.0,552789520000.0,113.992,1.138
Brazil,1973,BRA,102600970.0,629980118000.0,132.029,1.287
Brazil,1974,BRA,105089675.0,681263712000.0,142.981,1.361
Brazil,1975,BRA,107619567.0,716641578000.0,150.287,1.396
Brazil,1976,BRA,110213353.0,790037637000.0,154.562,1.402
Brazil,1977,BRA,112875287.0,828975504000.0,162.314,1.438
Brazil,1978,BRA,115600943.0,870261975000.0,177.061,1.532
Brazil,1979,BRA,118380819.0,929101336000.0,187.728,1.586
Brazil,1980,BRA,121207451.0,1014791980000.0,186.127,1.536
Brazil,1981,BRA,124063113.0,971272328000.0,171.262,1.38
Brazil,1982,BRA,126923156.0,978935436000.0,171.439,1.351
Brazil,1983,BRA,129790081.0,950507880000.0,165.851,1.278
Brazil,1984,BRA,132658861.0,1001891162000.0,167.524,1.263
Brazil,1985,BRA,135515593.0,1080097284000.0,180.065,1.329
Brazil,1986,BRA,138336371.0,1160963076000.0,197.183,1.425
Brazil,1987,BRA,141104946.0,1201712854000.0,205.912,1.459
Brazil,1988,BRA,143826357.0,1200534790000.0,207.64,1.444
Brazil,1989,BRA,146502975.0,1238775447000.0,212.016,1.447
Brazil,1990,BRA,149143223.0,1185475140000.0,218.658,1.466
Brazil,1991,BRA,151724253.0,1213090136106.0,229.394,1.512
Brazil,1992,BRA,154275077.0,1221828516629.0,233.601,1.514
Brazil,1993,BRA,156794574.0,1298220757545.0,244.306,1.558
Brazil,1994,BRA,159265011.0,1391783970549.0,254.002,1.595
Brazil,1995,BRA,161735079.0,1468835128486.0,268.678,1.661
Brazil,1996,BRA,164202549.0,1520364859776.0,289.311,1.762
Brazil,1997,BRA,166661662.0,1591956040321.0,306.949,1.842
Brazil,1998,BRA,169159651.0,1617675773756.0,317.359,1.876
Brazil,1999,BRA,171641544.0,1645887982219.0,327.256,1.907
Brazil,2000,BRA,174018278.0,1739728033832.0,340.183,1.955
Brazil,2001,BRA,176301201.0,1785513006345.0,346.166,1.963
Brazil,2002,BRA,178503485.0,1861742323845.0,347.765,1.948
Brazil,2003,BRA,180622688.0,1904932706436.0,344.645,1.908
Brazil,2004,BRA,182675144.0,2038447931287.0,361.434,1.979
Brazil,2005,BRA,184688101.0,2129214530430.0,364.371,1.973
Brazil,2006,BRA,186653099.0,2240805319046.0,368.871,1.976
Brazil,2007,BRA,188552311.0,2405626901513.0,390.573,2.071
Brazil,2008,BRA,190367297.0,2559842659987.0,412.638,2.168
Brazil,2009,BRA,192079958.0,2589568436235.0,389.775,2.029
Brazil,2010,BRA,193701931.0,2820492538862.0,440.269,2.273
Brazil,2011,BRA,195284736.0,2968455007203.0,461.911,2.365
Brazil,2012,BRA,196876113.0,3025484250011.0,497.468,2.527
Brazil,2013,BRA,198478290.0,3116394665745.0,531.569,2.678
Brazil,2014,BRA,200085126.0,3132099937531.0,556.526,2.781
Brazil,2015,BRA,201675534.0,3021043246476.0,528.174,2.619
Brazil,2016,BRA,203218108.0,2922076150345.0,491.745,2.42
Brazil,2017,BRA,204703440.0,2960731613785.0,497.255,2.429
Brazil,2018,BRA,206107265.0,3013541086239.0,476.601,2.312
Brazil,2019,BRA,207455459.0,3050327159562.0,476.724,2.298
Brazil,2020,BRA,208660845.0,2950377451264.0,447.999,2.147
Brazil,2021,BRA,209550291.0,3097565215045.0,496.562,2.37
Brazil,2022,BRA,210306411.0,3187412907763.0,480.058,2.283
Brazil,2023,BRA,211140731.0,,483.992,2.292
Brazil,2024,BRA,211998565.0,,483.012,2.278
British Virgin Islands,1950,VGB,7397.0,,,
British Virgin Islands,1951,VGB,7410.0,,,
British Virgin Islands,1952,VGB,7398.0,,,
British Virgin Islands,1953,VGB,7410.0,,,
British Virgin Islands,1954,VGB,7469.0,,,
British Virgin Islands,1955,VGB,7516.0,,,
British Virgin Islands,1956,VGB,7557.0,,,
British Virgin Islands,1957,VGB,7615.0,,,
British Virgin Islands,1958,VGB,7702.0,,,
British Virgin Islands,1959,VGB,7832.0,,,
British Virgin Islands,1960,VGB,7974.0,,,
British Virgin Islands,1961,VGB,8059.0,,,
British Virgin Islands,1962,VGB,8093.0,,0.004,0.453
British Virgin Islands,1963,VGB,8136.0,,0.004,0.45
British Virgin Islands,1964,VGB,8192.0,,0.007,0.895
British Virgin Islands,1965,VGB,8283.0,,0.007,0.885
British Virgin Islands,1966,VGB,8438.0,,0.011,1.303
British Virgin Islands,1967,VGB,8671.0,,0.004,0.423
British Virgin Islands,1968,VGB,9023.0,,0.015,1.624
British Virgin Islands,1969,VGB,9554.0,,0.018,1.918
British Virgin Islands,1970,VGB,9967.0,,0.018,1.838
British Virgin Islands,1971,VGB,10117.0,,0.022,2.173
British Virgin Islands,1972,VGB,10256.0,,0.022,2.144
British Virgin Islands,1973,VGB,10388.0,,0.026,2.469
British Virgin Islands,1974,VGB,10521.0,,0.026,2.438
British Virgin Islands,1975,VGB,10627.0,,0.026,2.413
British Virgin Islands,1976,VGB,10733.0,,0.026,2.39
British Virgin Islands,1977,VGB,10823.0,,0.029,2.708
British Virgin Islands,1978,VGB,10904.0,,0.029,2.688
British Virgin Islands,1979,VGB,10986.0,,0.029,2.668
British Virgin Islands,1980,VGB,11148.0,,0.029,2.629
British Virgin Islands,1981,VGB,11499.0,,0.044,3.824
British Virgin Islands,1982,VGB,11944.0,,0.037,3.068
British Virgin Islands,1983,VGB,12388.0,,0.04,3.253
British Virgin Islands,1984,VGB,12844.0,,0.04,3.138
British Virgin Islands,1985,VGB,13291.0,,0.048,3.584
British Virgin Islands,1986,VGB,13749.0,,0.055,3.997
British Virgin Islands,1987,VGB,14213.0,,0.062,4.382
British Virgin Islands,1988,VGB,14704.0,,0.066,4.485
British Virgin Islands,1989,VGB,15201.0,,0.066,4.339
British Virgin Islands,1990,VGB,15727.0,,0.066,4.194
British Virgin Islands,1991,VGB,16208.0,,0.073,4.521
British Virgin Islands,1992,VGB,16615.0,,0.081,4.852
British Virgin Islands,1993,VGB,17008.0,,0.084,4.955
British Virgin Islands,1994,VGB,17430.0,,0.088,5.045
British Virgin Islands,1995,VGB,17863.0,,0.088,4.923
British Virgin Islands,1996,VGB,18308.0,,0.099,5.404
British Virgin Islands,1997,VGB,18783.0,,0.103,5.462
British Virgin Islands,1998,VGB,19262.0,,0.103,5.326
British Virgin Islands,1999,VGB,19755.0,,0.114,5.75
British Virgin Islands,2000,VGB,20266.0,,0.117,5.785
British Virgin Islands,2001,VGB,20825.0,,0.128,6.158
British Virgin Islands,2002,VGB,21454.0,,0.139,6.49
British Virgin Islands,2003,VGB,22155.0,,0.147,6.615
British Virgin Islands,2004,VGB,22905.0,,0.154,6.719
British Virgin Islands,2005,VGB,23693.0,,0.165,6.959
British Virgin Islands,2006,VGB,24519.0,,0.18,7.322
British Virgin Islands,2007,VGB,25391.0,,0.183,7.215
British Virgin Islands,2008,VGB,26308.0,,0.191,7.242
British Virgin Islands,2009,VGB,27240.0,,0.194,7.129
British Virgin Islands,2010,VGB,27698.0,,0.213,7.672
British Virgin Islands,2011,VGB,28733.0,,0.209,7.269
British Virgin Islands,2012,VGB,30369.0,,0.209,6.877
British Virgin Islands,2013,VGB,31727.0,,0.213,6.698
British Virgin Islands,2014,VGB,32988.0,,0.216,6.553
British Virgin Islands,2015,VGB,34523.0,,0.224,6.474
British Virgin Islands,2016,VGB,33904.0,,0.227,6.7
British Virgin Islands,2017,VGB,32724.0,,0.18,5.486
British Virgin Islands,2018,VGB,34682.0,,0.158,4.543
British Virgin Islands,2019,VGB,36423.0,,0.183,5.03
British Virgin Islands,2020,VGB,37161.0,,0.18,4.831
British Virgin Islands,2021,VGB,37833.0,,0.183,4.842
British Virgin Islands,2022,VGB,38346.0,,0.186,4.844
British Virgin Islands,2023,VGB,39009.0,,0.185,4.752
British Virgin Islands,2024,VGB,39498.0,,0.193,4.874
Brunei,1950,BRN,48316.0,,0.414,8.569
Brunei,1951,BRN,51213.0,,0.3,5.867
Brunei,1952,BRN,54252.0,,0.322,5.943
Brunei,1953,BRN,57582.0,,0.344,5.981
Brunei,1954,BRN,61227.0,,0.359,5.865
Brunei,1955,BRN,65228.0,,0.3,4.606
Brunei,1956,BRN,69568.0,,0.297,4.266
Brunei,1957,BRN,74183.0,,0.293,3.951
Brunei,1958,BRN,78989.0,,0.319,4.036
Brunei,1959,BRN,83860.0,,0.326,3.889
Brunei,1960,BRN,88359.0,,0.333,3.774
Brunei,1961,BRN,92529.0,,0.304,3.287
Brunei,1962,BRN,96737.0,,0.37,3.825
Brunei,1963,BRN,101171.0,,0.355,3.513
Brunei,1964,BRN,105936.0,,0.341,3.217
Brunei,1965,BRN,110856.0,,0.333,3.008
Brunei,1966,BRN,115890.0,,0.491,4.237
Brunei,1967,BRN,121036.0,,0.44,3.633
Brunei,1968,BRN,126237.0,,0.429,3.396
Brunei,1969,BRN,131456.0,,0.487,3.707
Brunei,1970,BRN,135157.0,,8.204,60.698
Brunei,1971,BRN,137931.0,,7.511,54.456
Brunei,1972,BRN,142197.0,,9.453,66.479
Brunei,1973,BRN,147381.0,,9.973,67.671
Brunei,1974,BRN,152669.0,,8.178,53.567
Brunei,1975,BRN,158081.0,,7.075,44.757
Brunei,1976,BRN,163621.0,,6.02,36.792
Brunei,1977,BRN,169287.0,,6.39,37.747
Brunei,1978,BRN,174902.0,,9.534,54.509
Brunei,1979,BRN,180430.0,,7.434,41.203
Brunei,1980,BRN,186121.0,,6.877,36.951
Brunei,1981,BRN,191990.0,,2.059,10.725
Brunei,1982,BRN,198177.0,,2.665,13.446
Brunei,1983,BRN,204754.0,,2.733,13.349
Brunei,1984,BRN,211673.0,,1.916,9.053
Brunei,1985,BRN,218928.0,,2.594,11.849
Brunei,1986,BRN,226510.0,,2.297,10.142
Brunei,1987,BRN,233876.0,,3.316,14.178
Brunei,1988,BRN,240928.0,,5.712,23.709
Brunei,1989,BRN,248077.0,,6.342,25.566
Brunei,1990,BRN,255307.0,,5.009,19.618
Brunei,1991,BRN,262604.0,,6.826,25.994
Brunei,1992,BRN,269848.0,,6.668,24.712
Brunei,1993,BRN,276978.0,,5.851,21.126
Brunei,1994,BRN,284098.0,,5.293,18.63
Brunei,1995,BRN,291207.0,,5.884,20.207
Brunei,1996,BRN,298283.0,,5.963,19.989
Brunei,1997,BRN,305357.0,,6.179,20.235
Brunei,1998,BRN,312398.0,,5.595,17.911
Brunei,1999,BRN,319412.0,,5.978,18.716
Brunei,2000,BRN,326429.0,,5.886,18.032
Brunei,2001,BRN,333353.0,,5.758,17.273
Brunei,2002,BRN,340108.0,,5.285,15.54
Brunei,2003,BRN,346650.0,,6.14,17.711
Brunei,2004,BRN,352921.0,,5.967,16.907
Brunei,2005,BRN,358930.0,,5.429,15.124
Brunei,2006,BRN,364670.0,,7.144,19.589
Brunei,2007,BRN,370883.0,,8.077,21.777
Brunei,2008,BRN,377800.0,,9.166,24.26
Brunei,2009,BRN,384965.0,,7.745,20.119
Brunei,2010,BRN,392340.0,,8.017,20.435
Brunei,2011,BRN,399395.0,,9.555,23.925
Brunei,2012,BRN,405564.0,,9.5,23.424
Brunei,2013,BRN,411205.0,,7.626,18.546
Brunei,2014,BRN,416757.0,,8.831,21.19
Brunei,2015,BRN,422223.0,,6.933,16.421
Brunei,2016,BRN,427571.0,,7.633,17.852
Brunei,2017,BRN,432787.0,,9.309,21.51
Brunei,2018,BRN,437811.0,,9.341,21.336
Brunei,2019,BRN,442690.0,,9.564,21.605
Brunei,2020,BRN,447411.0,,11.157,24.937
Brunei,2021,BRN,451722.0,,11.709,25.92
Brunei,2022,BRN,455374.0,,12.237,26.872
Brunei,2023,BRN,458959.0,,12.503,27.241
Brunei,2024,BRN,462734.0,,12.052,26.046
Bulgaria,1950,BGR,7248509.0,19083316000.0,7.498,1.034
Bulgaria,1951,BGR,7314426.0,23008494619.0,8.165,1.116
Bulgaria,1952,BGR,7361958.0,21948373005.0,9.428,1.281
Bulgaria,1953,BGR,7415922.0,24411090624.0,10.586,1.427
Bulgaria,1954,BGR,7476266.0,23962411769.0,11.392,1.524
Bulgaria,1955,BGR,7533657.0,25677945265.0,12.092,1.605
Bulgaria,1956,BGR,7587165.0,25697112937.0,12.967,1.709
Bulgaria,1957,BGR,7649543.0,28416757007.0,14.389,1.881
Bulgaria,1958,BGR,7724893.0,30894757784.0,15.627,2.023
Bulgaria,1959,BGR,7794176.0,33358889387.0,19.622,2.518
Bulgaria,1960,BGR,7862935.0,36520350216.0,22.271,2.832
Bulgaria,1961,BGR,7938308.0,38897449649.0,25.945,3.268
Bulgaria,1962,BGR,8008328.0,42083991345.0,30.704,3.834
Bulgaria,1963,BGR,8073731.0,44009734066.0,34.374,4.258
Bulgaria,1964,BGR,8140074.0,47473351256.0,42.818,5.26
Bulgaria,1965,BGR,8202417.0,50331994197.0,46.269,5.641
Bulgaria,1966,BGR,8258787.0,54296722412.0,48.716,5.899
Bulgaria,1967,BGR,8311127.0,57224213384.0,55.108,6.631
Bulgaria,1968,BGR,8370645.0,58277542479.0,59.464,7.104
Bulgaria,1969,BGR,8435273.0,61114009406.0,66.308,7.861
Bulgaria,1970,BGR,8490822.0,64588680656.0,61.174,7.205
Bulgaria,1971,BGR,8538900.0,66703386867.0,64.222,7.521
Bulgaria,1972,BGR,8579912.0,69853150590.0,66.079,7.702
Bulgaria,1973,BGR,8624799.0,72614658323.0,68.717,7.967
Bulgaria,1974,BGR,8682750.0,74897570361.0,71.137,8.193
Bulgaria,1975,BGR,8723145.0,81059298632.0,72.926,8.36
Bulgaria,1976,BGR,8759433.0,83479278837.0,72.968,8.33
Bulgaria,1977,BGR,8804690.0,82674417087.0,75.796,8.609
Bulgaria,1978,BGR,8813742.0,84458680312.0,81.207,9.214
Bulgaria,1979,BGR,8824994.0,87710555583.0,78.931,8.944
Bulgaria,1980,BGR,8859539.0,85198551837.0,77.254,8.72
Bulgaria,1981,BGR,8887803.0,87452692265.0,80.09,9.011
Bulgaria,1982,BGR,8912738.0,90290359601.0,89.844,10.08
Bulgaria,1983,BGR,8933328.0,88586045314.0,90.061,10.081
Bulgaria,1984,BGR,8952608.0,91505854443.0,87.045,9.723
Bulgaria,1985,BGR,8958855.0,88756020855.0,89.221,9.959
Bulgaria,1986,BGR,8963473.0,91110686132.0,91.172,10.172
Bulgaria,1987,BGR,8976206.0,91271728813.0,91.277,10.169
Bulgaria,1988,BGR,8985721.0,90700492394.0,86.917,9.673
Bulgaria,1989,BGR,8936386.0,89073461843.0,86.467,9.676
Bulgaria,1990,BGR,8822366.0,79352520673.0,76.638,8.687
Bulgaria,1991,BGR,8695798.0,72983249507.0,61.521,7.075
Bulgaria,1992,BGR,8559091.0,67935669606.0,57.356,6.701
Bulgaria,1993,BGR,8466533.0,67190225135.0,58.389,6.896
Bulgaria,1994,BGR,8416924.0,68680754016.0,56.383,6.699
Bulgaria,1995,BGR,8357576.0,70965735433.0,57.917,6.93
Bulgaria,1996,BGR,8291402.0,65116237713.0,58.46,7.051
Bulgaria,1997,BGR,8217101.0,64936506648.0,55.806,6.791
Bulgaria,1998,BGR,8138193.0,67715867197.0,53.114,6.526
Bulgaria,1999,BGR,8067464.0,64098092292.0,46.371,5.748
Bulgaria,2000,BGR,8000519.0,67719765830.0,45.499,5.687
Bulgaria,2001,BGR,7928455.0,68877651140.0,49.02,6.183
Bulgaria,2002,BGR,7861949.0,73450036758.0,46.141,5.869
Bulgaria,2003,BGR,7804405.0,77722336425.0,50.491,6.47
Bulgaria,2004,BGR,7749430.0,83228668873.0,49.537,6.392
Bulgaria,2005,BGR,7695047.0,89684785590.0,50.6,6.576
Bulgaria,2006,BGR,7640292.0,96404598197.0,51.837,6.785
Bulgaria,2007,BGR,7586896.0,104058200673.0,55.669,7.338
Bulgaria,2008,BGR,7535589.0,110900337989.0,54.026,7.169
Bulgaria,2009,BGR,7488016.0,107365071902.0,45.75,6.11
Bulgaria,2010,BGR,7437594.0,109045208364.0,47.816,6.429
Bulgaria,2011,BGR,7380023.0,109435363210.0,53.12,7.198
Bulgaria,2012,BGR,7317020.0,110261509885.0,48.277,6.598
Bulgaria,2013,BGR,7264605.0,109643527181.0,42.583,5.862
Bulgaria,2014,BGR,7223450.0,110703533681.0,45.169,6.253
Bulgaria,2015,BGR,7177515.0,114498611934.0,48.127,6.705
Bulgaria,2016,BGR,7127436.0,117979077002.0,45.344,6.362
Bulgaria,2017,BGR,7075642.0,121237951710.0,47.446,6.706
Bulgaria,2018,BGR,7024745.0,124492855771.0,43.503,6.193
Bulgaria,2019,BGR,6975466.0,129520075495.0,42.195,6.049
Bulgaria,2020,BGR,6933656.0,124392792956.0,36.571,5.274
Bulgaria,2021,BGR,6877222.0,133889804025.0,42.365,6.16
Bulgaria,2022,BGR,6825862.0,138390156500.0,46.932,6.876
Bulgaria,2023,BGR,6795805.0,,34.501,5.077
Bulgaria,2024,BGR,6757686.0,,31.622,4.679
Burkina Faso,1950,BFA,4213152.0,3308378554.0,0.004,0.001
Burkina Faso,1951,BFA,4260391.0,3432109699.0,0.003,0.001
Burkina Faso,1952,BFA,4310353.0,3562573266.0,0.004,0.001
Burkina Faso,1953,BFA,4361322.0,3686393554.0,0.003,0.001
Burkina Faso,1954,BFA,4413878.0,3826147192.0,0.004,0.001
Burkina Faso,1955,BFA,4469051.0,3963847111.0,0.004,0.001
Burkina Faso,1956,BFA,4526657.0,4118039080.0,0.004,0.001
Burkina Faso,1957,BFA,4586570.0,4265641494.0,0.004,0.001
Burkina Faso,1958,BFA,4647287.0,4425451171.0,0.004,0.001
Burkina Faso,1959,BFA,4710848.0,4588183134.0,0.007,0.002
Burkina Faso,1960,BFA,4778626.0,4724687817.0,0.044,0.009
Burkina Faso,1961,BFA,4848222.0,4910250740.0,0.092,0.019
Burkina Faso,1962,BFA,4919673.0,5214809746.0,0.084,0.017
Burkina Faso,1963,BFA,4993619.0,5145849922.0,0.088,0.018
Burkina Faso,1964,BFA,5071040.0,5264408789.0,0.11,0.022
Burkina Faso,1965,BFA,5152834.0,5469261199.0,0.103,0.02
Burkina Faso,1966,BFA,5237939.0,5493825942.0,0.103,0.02
Burkina Faso,1967,BFA,5326349.0,5974044343.0,0.103,0.019
Burkina Faso,1968,BFA,5418644.0,6162626478.0,0.103,0.019
Burkina Faso,1969,BFA,5513179.0,6286241666.0,0.121,0.022
Burkina Faso,1970,BFA,5610307.0,6300886904.0,0.143,0.025
Burkina Faso,1971,BFA,5708002.0,6541176022.0,0.15,0.026
Burkina Faso,1972,BFA,5807238.0,6808659446.0,0.161,0.028
Burkina Faso,1973,BFA,5911926.0,6454900447.0,0.169,0.029
Burkina Faso,1974,BFA,6024905.0,6324906289.0,0.205,0.034
Burkina Faso,1975,BFA,6147575.0,6059268275.0,0.22,0.036
Burkina Faso,1976,BFA,6280638.0,5989425589.0,0.209,0.033
Burkina Faso,1977,BFA,6428739.0,6421258657.0,0.249,0.039
Burkina Faso,1978,BFA,6590987.0,7164371750.0,0.348,0.053
Burkina Faso,1979,BFA,6763902.0,7235379587.0,0.407,0.06
Burkina Faso,1980,BFA,6947900.0,7360690144.0,0.432,0.062
Burkina Faso,1981,BFA,7140270.0,7678602958.0,0.557,0.078
Burkina Faso,1982,BFA,7340199.0,7851839601.0,0.575,0.078
Burkina Faso,1983,BFA,7551136.0,7760300068.0,0.594,0.079
Burkina Faso,1984,BFA,7772260.0,7886109101.0,0.465,0.06
Burkina Faso,1985,BFA,7999935.0,8913468636.0,0.476,0.06
Burkina Faso,1986,BFA,8228847.0,10319538769.0,0.48,0.058
Burkina Faso,1987,BFA,8457112.0,10142656933.0,0.517,0.061
Burkina Faso,1988,BFA,8687441.0,10990388168.0,0.553,0.064
Burkina Faso,1989,BFA,8921178.0,10858848042.0,0.821,0.092
Burkina Faso,1990,BFA,9159358.0,10752296234.0,0.594,0.065
Burkina Faso,1991,BFA,9394631.0,11509843577.0,0.638,0.068
Burkina Faso,1992,BFA,9629280.0,11312544997.0,0.634,0.066
Burkina Faso,1993,BFA,9871715.0,11471092622.0,0.634,0.064
Burkina Faso,1994,BFA,10123807.0,11400569605.0,0.66,0.065
Burkina Faso,1995,BFA,10386723.0,11823046260.0,0.661,0.064
Burkina Faso,1996,BFA,10655943.0,12896055272.0,0.727,0.068
Burkina Faso,1997,BFA,10934222.0,13326250630.0,0.764,0.07
Burkina Faso,1998,BFA,11240668.0,13917970173.0,0.848,0.075
Burkina Faso,1999,BFA,11574930.0,14604702492.0,1.04,0.09
Burkina Faso,2000,BFA,11925548.0,14546973590.0,0.931,0.078
Burkina Faso,2001,BFA,12294996.0,15179805834.0,1.064,0.087
Burkina Faso,2002,BFA,12680904.0,15543232009.0,1.067,0.084
Burkina Faso,2003,BFA,13082530.0,16390237677.0,1.184,0.091
Burkina Faso,2004,BFA,13500536.0,16718435442.0,1.107,0.082
Burkina Faso,2005,BFA,13932127.0,17737650575.0,1.104,0.079
Burkina Faso,2006,BFA,14373713.0,18406718353.0,1.217,0.085
Burkina Faso,2007,BFA,14816313.0,18724205542.0,1.616,0.109
Burkina Faso,2008,BFA,15258103.0,19365623019.0,1.818,0.119
Burkina Faso,2009,BFA,15710067.0,19506442026.0,1.836,0.117
Burkina Faso,2010,BFA,16176503.0,20688336651.0,1.985,0.123
Burkina Faso,2011,BFA,16661907.0,21589787625.0,2.149,0.129
Burkina Faso,2012,BFA,17172284.0,22982976785.0,2.612,0.152
Burkina Faso,2013,BFA,17695411.0,24314382909.0,2.809,0.159
Burkina Faso,2014,BFA,18229466.0,25366464630.0,2.868,0.157
Burkina Faso,2015,BFA,18777488.0,26361085012.0,3.744,0.199
Burkina Faso,2016,BFA,19334854.0,27931683815.0,3.988,0.206
Burkina Faso,2017,BFA,19894413.0,29664279937.0,4.622,0.232
Burkina Faso,2018,BFA,20438289.0,31623015393.0,5.226,0.256
Burkina Faso,2019,BFA,20961956.0,33422048798.0,5.618,0.268
Burkina Faso,2020,BFA,21478691.0,34067429050.0,5.618,0.262
Burkina Faso,2021,BFA,21995249.0,36419784717.0,6.329,0.288
Burkina Faso,2022,BFA,22509038.0,37320442404.0,6.542,0.291
Burkina Faso,2023,BFA,23025777.0,,6.308,0.274
Burkina Faso,2024,BFA,23548782.0,,6.508,0.276
Burundi,1950,BDI,2254942.0,1405700573.0,0.009,0.004
Burundi,1951,BDI,2305749.0,1485475404.0,0.009,0.004
Burundi,1952,BDI,2355807.0,1530956817.0,0.016,0.007
Burundi,1953,BDI,2405189.0,1595031004.0,0.015,0.006
Burundi,1954,BDI,2454593.0,1683704180.0,0.006,0.003
Burundi,1955,BDI,2504658.0,1736391841.0,0.008,0.003
Burundi,1956,BDI,2555312.0,1800938967.0,0.009,0.003
Burundi,1957,BDI,2606484.0,1869930164.0,0.01,0.004
Burundi,1958,BDI,2657416.0,1921836269.0,0.01,0.004
Burundi,1959,BDI,2709604.0,2034099335.0,0.039,0.014
Burundi,1960,BDI,2764265.0,2063691886.0,0.036,0.013
Burundi,1961,BDI,2835122.0,1779904141.0,0.048,0.017
Burundi,1962,BDI,2907945.0,1945978180.0,0.044,0.015
Burundi,1963,BDI,2969844.0,2024692239.0,0.048,0.016
Burundi,1964,BDI,3055656.0,2146734698.0,0.048,0.016
Burundi,1965,BDI,3141371.0,2228969112.0,0.037,0.012
Burundi,1966,BDI,3217962.0,2329584836.0,0.048,0.015
Burundi,1967,BDI,3300699.0,2544875606.0,0.048,0.014
Burundi,1968,BDI,3380389.0,2516573427.0,0.055,0.016
Burundi,1969,BDI,3454598.0,2480923278.0,0.073,0.021
Burundi,1970,BDI,3530431.0,3145068385.0,0.062,0.018
Burundi,1971,BDI,3617295.0,3244323553.0,0.073,0.02
Burundi,1972,BDI,3617134.0,3056965200.0,0.073,0.02
Burundi,1973,BDI,3611994.0,3260400710.0,0.073,0.02
Burundi,1974,BDI,3703604.0,3249842039.0,0.092,0.025
Burundi,1975,BDI,3796617.0,3246180057.0,0.077,0.02
Burundi,1976,BDI,3882626.0,3584117520.0,0.088,0.023
Burundi,1977,BDI,3983585.0,3911103339.0,0.099,0.025
Burundi,1978,BDI,4100342.0,4095033034.0,0.103,0.025
Burundi,1979,BDI,4203533.0,4165106742.0,0.11,0.026
Burundi,1980,BDI,4383713.0,4081883613.0,0.147,0.033
Burundi,1981,BDI,4566017.0,4516507010.0,0.158,0.035
Burundi,1982,BDI,4681397.0,4482358891.0,0.158,0.034
Burundi,1983,BDI,4808530.0,4616672696.0,0.205,0.043
Burundi,1984,BDI,4926477.0,4605245347.0,0.22,0.045
Burundi,1985,BDI,5034043.0,5124898563.0,0.231,0.046
Burundi,1986,BDI,5129423.0,5315582207.0,0.234,0.046
Burundi,1987,BDI,5247790.0,5518937944.0,0.249,0.047
Burundi,1988,BDI,5365332.0,5769869430.0,0.227,0.042
Burundi,1989,BDI,5471706.0,5847419756.0,0.267,0.049
Burundi,1990,BDI,5587051.0,6041848505.0,0.209,0.037
Burundi,1991,BDI,5703860.0,6316030264.0,0.238,0.042
Burundi,1992,BDI,5858405.0,6377442162.0,0.216,0.037
Burundi,1993,BDI,5676847.0,5844277258.0,0.227,0.04
Burundi,1994,BDI,5713856.0,5760142060.0,0.234,0.041
Burundi,1995,BDI,6066319.0,5429588207.0,0.238,0.039
Burundi,1996,BDI,6070510.0,4794534934.0,0.242,0.04
Burundi,1997,BDI,6070038.0,4657583236.0,0.249,0.041
Burundi,1998,BDI,6187114.0,4813569995.0,0.249,0.04
Burundi,1999,BDI,6337155.0,4732759799.0,0.253,0.04
Burundi,2000,BDI,6470196.0,4647178132.0,0.271,0.042
Burundi,2001,BDI,6634368.0,4722946125.0,0.205,0.031
Burundi,2002,BDI,6824139.0,4917697691.0,0.213,0.031
Burundi,2003,BDI,7043158.0,4852463827.0,0.169,0.024
Burundi,2004,BDI,7310656.0,5086686387.0,0.198,0.027
Burundi,2005,BDI,7587303.0,5144959327.0,0.158,0.021
Burundi,2006,BDI,7865545.0,5422209655.0,0.187,0.024
Burundi,2007,BDI,8161879.0,5601361293.0,0.187,0.023
Burundi,2008,BDI,8505643.0,5894788502.0,0.202,0.024
Burundi,2009,BDI,8947653.0,6197653893.0,0.216,0.024
Burundi,2010,BDI,9376448.0,6558969212.0,0.333,0.036
Burundi,2011,BDI,9717980.0,6787360000.0,0.414,0.043
Burundi,2012,BDI,10071033.0,7086796000.0,0.392,0.039
Burundi,2013,BDI,10439346.0,7430922000.0,0.436,0.042
Burundi,2014,BDI,10799789.0,7764240000.0,0.355,0.033
Burundi,2015,BDI,11047581.0,7340438000.0,0.355,0.032
Burundi,2016,BDI,11239459.0,7554391939.0,0.429,0.038
Burundi,2017,BDI,11506764.0,7833860723.0,0.516,0.045
Burundi,2018,BDI,11859444.0,8207327776.0,0.645,0.054
Burundi,2019,BDI,12255339.0,8573379471.0,0.685,0.056
Burundi,2020,BDI,12617041.0,8635657446.0,0.739,0.059
Burundi,2021,BDI,12965487.0,8956206318.0,0.772,0.06
Burundi,2022,BDI,13321102.0,9177077459.0,0.878,0.066
Burundi,2023,BDI,13689455.0,,0.901,0.066
Burundi,2024,BDI,14047788.0,,0.917,0.065
Cambodia,1950,KHM,4375252.0,3433858500.0,,
Cambodia,1951,KHM,4475694.0,3550391174.0,,
Cambodia,1952,KHM,4577965.0,3769150257.0,,
Cambodia,1953,KHM,4680458.0,3808960031.0,,
Cambodia,1954,KHM,4783832.0,4257437625.0,,
Cambodia,1955,KHM,4890375.0,4170306218.0,0.103,0.021
Cambodia,1956,KHM,4999483.0,4727680195.0,0.132,0.026
Cambodia,1957,KHM,5110435.0,5040441717.0,0.161,0.032
Cambodia,1958,KHM,5220837.0,5295509296.0,0.198,0.038
Cambodia,1959,KHM,5332933.0,5813117406.0,0.213,0.04
Cambodia,1960,KHM,5449964.0,6164508764.0,0.234,0.043
Cambodia,1961,KHM,5571174.0,6102990907.0,0.286,0.051
Cambodia,1962,KHM,5697559.0,6594643148.0,0.308,0.054
Cambodia,1963,KHM,5823012.0,7098278916.0,0.388,0.067
Cambodia,1964,KHM,5946186.0,6902567059.0,0.337,0.057
Cambodia,1965,KHM,6072288.0,7229630031.0,0.377,0.062
Cambodia,1966,KHM,6201235.0,7566806953.0,0.44,0.071
Cambodia,1967,KHM,6332946.0,7955878847.0,0.388,0.061
Cambodia,1968,KHM,6467323.0,8314689574.0,0.462,0.071
Cambodia,1969,KHM,6604731.0,8435318750.0,1.315,0.199
Cambodia,1970,KHM,6639187.0,7624957336.0,1.154,0.174
Cambodia,1971,KHM,6620880.0,7240544814.0,0.22,0.033
Cambodia,1972,KHM,6673890.0,6856061015.0,0.092,0.014
Cambodia,1973,KHM,6739737.0,9336698663.0,0.088,0.013
Cambodia,1974,KHM,6783251.0,7983137395.0,0.048,0.007
Cambodia,1975,KHM,6581373.0,6929422961.0,0.048,0.007
Cambodia,1976,KHM,6134989.0,7407832653.0,0.048,0.008
Cambodia,1977,KHM,5668561.0,7991254920.0,0.048,0.008
Cambodia,1978,KHM,5211654.0,8736406283.0,0.048,0.009
Cambodia,1979,KHM,5088812.0,8922070593.0,0.029,0.006
Cambodia,1980,KHM,5199874.0,9092187714.0,0.286,0.055
Cambodia,1981,KHM,5284493.0,9211222932.0,0.3,0.057
Cambodia,1982,KHM,5436436.0,9905037160.0,0.337,0.062
Cambodia,1983,KHM,5636206.0,10619108710.0,0.366,0.065
Cambodia,1984,KHM,5845115.0,11330466433.0,0.41,0.07
Cambodia,1985,KHM,6043782.0,12046064980.0,0.418,0.069
Cambodia,1986,KHM,6285699.0,12748870037.0,0.432,0.069
Cambodia,1987,KHM,6557971.0,12486216005.0,0.436,0.066
Cambodia,1988,KHM,6812012.0,12803094474.0,0.451,0.066
Cambodia,1989,KHM,7073472.0,13115360053.0,0.451,0.064
Cambodia,1990,KHM,7374754.0,13119771234.0,1.26,0.171
Cambodia,1991,KHM,7686857.0,13798587857.0,1.304,0.17
Cambodia,1992,KHM,8113085.0,14439550426.0,1.348,0.166
Cambodia,1993,KHM,8616383.0,14667326402.0,1.385,0.161
Cambodia,1994,KHM,9239160.0,15501963200.0,1.425,0.154
Cambodia,1995,KHM,10018500.0,16125089863.0,1.499,0.15
Cambodia,1996,KHM,10801268.0,16613603930.0,1.517,0.14
Cambodia,1997,KHM,11570986.0,17142178985.0,1.466,0.127
Cambodia,1998,KHM,12058180.0,17586612782.0,1.876,0.156
Cambodia,1999,KHM,12265734.0,19228281616.0,1.894,0.154
Cambodia,2000,KHM,12462343.0,20435399154.0,1.997,0.16
Cambodia,2001,KHM,12658486.0,21587210573.0,2.235,0.177
Cambodia,2002,KHM,12855249.0,22474402661.0,2.154,0.168
Cambodia,2003,KHM,13050977.0,23833222981.0,2.253,0.173
Cambodia,2004,KHM,13244737.0,25705927295.0,2.239,0.169
Cambodia,2005,KHM,13439203.0,28474467511.0,2.209,0.164
Cambodia,2006,KHM,13639032.0,30776292972.0,2.847,0.209
Cambodia,2007,KHM,13841773.0,33022342696.0,3.489,0.252
Cambodia,2008,KHM,14053479.0,34271375874.0,3.936,0.28
Cambodia,2009,KHM,14276819.0,34042366543.0,4.579,0.321
Cambodia,2010,KHM,14500730.0,34365990229.0,5.067,0.349
Cambodia,2011,KHM,14722587.0,35746712625.0,5.271,0.358
Cambodia,2012,KHM,14945090.0,38360866456.0,5.572,0.373
Cambodia,2013,KHM,15170210.0,41183075555.0,5.626,0.371
Cambodia,2014,KHM,15396771.0,44124784572.0,6.702,0.435
Cambodia,2015,KHM,15623253.0,47229402407.0,8.186,0.524
Cambodia,2016,KHM,15852802.0,50470756754.0,10.644,0.671
Cambodia,2017,KHM,16073374.0,54002196805.0,12.087,0.752
Cambodia,2018,KHM,16274522.0,58035619609.0,13.938,0.856
Cambodia,2019,KHM,16481305.0,62129452776.0,18.626,1.13
Cambodia,2020,KHM,16725484.0,60205930987.0,20.991,1.255
Cambodia,2021,KHM,16974309.0,62027758832.0,20.775,1.224
Cambodia,2022,KHM,17201721.0,65136593996.0,20.865,1.213
Cambodia,2023,KHM,17423884.0,,21.412,1.229
Cambodia,2024,KHM,17638804.0,,21.883,1.241
Cameroon,1950,CMR,4330088.0,5229722177.0,0.139,0.032
Cameroon,1951,CMR,4395365.0,5417063378.0,0.183,0.042
Cameroon,1952,CMR,4464718.0,5620173055.0,0.282,0.063
Cameroon,1953,CMR,4538446.0,5824487306.0,0.202,0.044
Cameroon,1954,CMR,4616889.0,6040446081.0,0.231,0.05
Cameroon,1955,CMR,4700267.0,6263420101.0,0.234,0.05
Cameroon,1956,CMR,4788341.0,6493816964.0,0.238,0.05
Cameroon,1957,CMR,4878935.0,6732063101.0,0.256,0.053
Cameroon,1958,CMR,4972220.0,6978686175.0,0.278,0.056
Cameroon,1959,CMR,5070072.0,7234105283.0,0.278,0.055
Cameroon,1960,CMR,5159059.0,7437215449.0,0.271,0.053
Cameroon,1961,CMR,5239281.0,7528597016.0,0.282,0.054
Cameroon,1962,CMR,5338626.0,7757674335.0,0.289,0.054
Cameroon,1963,CMR,5456615.0,8048988251.0,0.3,0.055
Cameroon,1964,CMR,5578261.0,8333998159.0,0.337,0.06
Cameroon,1965,CMR,5704688.0,8502576803.0,0.311,0.055
Cameroon,1966,CMR,5837300.0,8896457126.0,0.344,0.059
Cameroon,1967,CMR,5977315.0,9142134955.0,0.458,0.077
Cameroon,1968,CMR,6125860.0,9741294164.0,0.506,0.083
Cameroon,1969,CMR,6283470.0,10221153615.0,0.572,0.091
Cameroon,1970,CMR,6449795.0,10527337004.0,0.637,0.099
Cameroon,1971,CMR,6624415.0,10841245253.0,0.809,0.122
Cameroon,1972,CMR,6806873.0,11317896865.0,0.86,0.126
Cameroon,1973,CMR,6996661.0,11480018938.0,0.897,0.128
Cameroon,1974,CMR,7193589.0,11988955687.0,0.974,0.135
Cameroon,1975,CMR,7397126.0,12613605449.0,1.161,0.157
Cameroon,1976,CMR,7597962.0,12847952000.0,1.089,0.143
Cameroon,1977,CMR,7796510.0,13583540189.0,1.559,0.2
Cameroon,1978,CMR,8011917.0,14322935515.0,1.993,0.249
Cameroon,1979,CMR,8239642.0,15104234208.0,1.815,0.22
Cameroon,1980,CMR,8512217.0,16648724023.0,3.886,0.457
Cameroon,1981,CMR,8816377.0,19480161079.0,5.319,0.603
Cameroon,1982,CMR,9028676.0,20950721521.0,6.316,0.7
Cameroon,1983,CMR,9215395.0,22424580048.0,6.554,0.711
Cameroon,1984,CMR,9475085.0,24174472998.0,6.053,0.639
Cameroon,1985,CMR,9761728.0,26344696801.0,6.471,0.663
Cameroon,1986,CMR,10060342.0,28252385637.0,1.993,0.198
Cameroon,1987,CMR,10370753.0,26852607960.0,1.843,0.178
Cameroon,1988,CMR,10684972.0,25616631165.0,2.154,0.202
Cameroon,1989,CMR,11002749.0,23322584730.0,7.578,0.689
Cameroon,1990,CMR,11331827.0,22937075576.0,2.605,0.23
Cameroon,1991,CMR,11667186.0,22472507403.0,2.668,0.229
Cameroon,1992,CMR,12006362.0,22168696553.0,2.712,0.226
Cameroon,1993,CMR,12353131.0,21846592889.0,2.866,0.232
Cameroon,1994,CMR,12704900.0,21685984140.0,4.88,0.384
Cameroon,1995,CMR,13058517.0,22791497700.0,5.375,0.412
Cameroon,1996,CMR,13414761.0,24336586345.0,5.975,0.445
Cameroon,1997,CMR,13775216.0,26071011666.0,5.379,0.39
Cameroon,1998,CMR,14144857.0,27818636369.0,5.373,0.38
Cameroon,1999,CMR,14525145.0,29453506980.0,5.219,0.359
Cameroon,2000,CMR,14912632.0,31207712778.0,5.589,0.375
Cameroon,2001,CMR,15309489.0,33173869115.0,5.562,0.363
Cameroon,2002,CMR,15725534.0,35058274715.0,5.351,0.34
Cameroon,2003,CMR,16160340.0,37066671075.0,5.705,0.353
Cameroon,2004,CMR,16610485.0,39050234319.0,5.698,0.343
Cameroon,2005,CMR,17074599.0,40566543367.0,5.424,0.318
Cameroon,2006,CMR,17550403.0,42544656064.0,5.486,0.313
Cameroon,2007,CMR,18049897.0,44640871980.0,7.409,0.41
Cameroon,2008,CMR,18574052.0,46686367319.0,7.321,0.394
Cameroon,2009,CMR,19113978.0,48395507236.0,8.555,0.448
Cameroon,2010,CMR,19668063.0,50826589427.0,8.383,0.426
Cameroon,2011,CMR,20232312.0,53836234148.0,8.105,0.401
Cameroon,2012,CMR,20809530.0,56263171005.0,7.607,0.366
Cameroon,2013,CMR,21402379.0,59069016946.0,7.853,0.367
Cameroon,2014,CMR,22059894.0,62482615428.0,8.775,0.398
Cameroon,2015,CMR,22763418.0,65981645134.0,9.85,0.433
Cameroon,2016,CMR,23454165.0,68936963106.0,9.965,0.425
Cameroon,2017,CMR,24128609.0,71378025048.0,9.582,0.397
Cameroon,2018,CMR,24806377.0,74248839020.0,9.844,0.397
Cameroon,2019,CMR,25506095.0,76789634582.0,9.605,0.377
Cameroon,2020,CMR,26210566.0,77203536828.0,9.716,0.371
Cameroon,2021,CMR,26915765.0,80020685294.0,9.734,0.362
Cameroon,2022,CMR,27632770.0,82727797383.0,9.792,0.354
Cameroon,2023,CMR,28372690.0,,9.695,0.342
Cameroon,2024,CMR,29123748.0,,9.632,0.331
Canada,1950,CAN,13741740.0,162840745031.0,154.134,11.216
Canada,1951,CAN,14083298.0,172068412379.0,162.682,11.551
Canada,1952,CAN,14482799.0,184612801628.0,159.409,11.007
Canada,1953,CAN,14897877.0,193223630250.0,160.612,10.781
Canada,1954,CAN,15318987.0,191888000078.0,162.968,10.638
Canada,1955,CAN,15728281.0,209810259453.0,169.477,10.775
Canada,1956,CAN,16159621.0,226794207099.0,189.802,11.745
Canada,1957,CAN,16641329.0,233362306798.0,182.815,10.986
Canada,1958,CAN,17104091.0,237535639136.0,182.155,10.65
Canada,1959,CAN,17515522.0,247152347166.0,184.481,10.532
Canada,1960,CAN,17898793.0,254857914000.0,192.716,10.767
Canada,1961,CAN,18263078.0,262380470000.0,194.001,10.623
Canada,1962,CAN,18613597.0,280743758173.0,206.991,11.12
Canada,1963,CAN,18964258.0,294939651718.0,210.911,11.121
Canada,1964,CAN,19321670.0,314154758480.0,237.578,12.296
Canada,1965,CAN,19685517.0,335067002089.0,251.917,12.797
Canada,1966,CAN,20053667.0,356785359843.0,259.074,12.919
Canada,1967,CAN,20408776.0,367635455894.0,281.637,13.8
Canada,1968,CAN,20734173.0,386855293552.0,303.261,14.626
Canada,1969,CAN,21037620.0,407255996179.0,307.119,14.599
Canada,1970,CAN,21440022.0,417751987404.0,341.232,15.916
Canada,1971,CAN,21895694.0,441056641421.0,352.317,16.091
Canada,1972,CAN,22230876.0,464342126500.0,380.814,17.13
Canada,1973,CAN,22512229.0,497617451000.0,381.299,16.937
Canada,1974,CAN,22824085.0,517951814410.0,389.632,17.071
Canada,1975,CAN,23148981.0,529610716972.0,396.79,17.141
Canada,1976,CAN,23455783.0,558634695000.0,398.966,17.009
Canada,1977,CAN,23730341.0,577419655478.0,407.79,17.184
Canada,1978,CAN,23978742.0,600763301726.0,415.532,17.329
Canada,1979,CAN,24237173.0,625737107568.0,441.684,18.223
Canada,1980,CAN,24533779.0,634113667343.0,442.843,18.05
Canada,1981,CAN,24844977.0,653774400000.0,429.622,17.292
Canada,1982,CAN,25140164.0,633852996724.0,414.455,16.486
Canada,1983,CAN,25412605.0,652317707519.0,408.335,16.068
Canada,1984,CAN,25670376.0,689733525765.0,425.237,16.565
Canada,1985,CAN,25927463.0,727013329052.0,421.726,16.266
Canada,1986,CAN,26211036.0,746074615843.0,404.715,15.441
Canada,1987,CAN,26540913.0,776472503351.0,430.982,16.238
Canada,1988,CAN,26927938.0,814240093652.0,455.673,16.922
Canada,1989,CAN,27366046.0,833918743195.0,462.889,16.915
Canada,1990,CAN,27789437.0,835996817449.0,458.018,16.482
Canada,1991,CAN,28157154.0,820274272433.0,449.776,15.974
Canada,1992,CAN,28500066.0,829742094636.0,463.393,16.259
Canada,1993,CAN,28830635.0,853775990714.0,464.072,16.096
Canada,1994,CAN,29147383.0,894851932653.0,478.468,16.415
Canada,1995,CAN,29459138.0,921360066054.0,491.305,16.678
Canada,1996,CAN,29767210.0,938872519434.0,507.775,17.058
Canada,1997,CAN,30059088.0,981728042651.0,522.019,17.366
Canada,1998,CAN,30329971.0,1022474596969.0,529.615,17.462
Canada,1999,CAN,30599458.0,1078414980757.0,543.859,17.774
Canada,2000,CAN,30891800.0,1137681278760.0,566.68,18.344
Canada,2001,CAN,31213578.0,1161459919261.0,558.981,17.908
Canada,2002,CAN,31535579.0,1199865635264.0,564.256,17.893
Canada,2003,CAN,31836483.0,1224575760991.0,581.19,18.255
Canada,2004,CAN,32132680.0,1265917327101.0,576.286,17.935
Canada,2005,CAN,32440172.0,1310077836124.0,570.396,17.583
Canada,2006,CAN,32759174.0,1348293394113.0,566.315,17.287
Canada,2007,CAN,33092171.0,1379925831954.0,589.956,17.828
Canada,2008,CAN,33449088.0,1397938727409.0,574.214,17.167
Canada,2009,CAN,33826370.0,1360538049277.0,541.13,15.997
Canada,2010,CAN,34196900.0,1406355361431.0,554.307,16.209
Canada,2011,CAN,34555449.0,1454221365109.0,562.832,16.288
Canada,2012,CAN,34922513.0,1479829523672.0,561.77,16.086
Canada,2013,CAN,35293421.0,1514296485427.0,568.59,16.11
Canada,2014,CAN,35634265.0,1557757464897.0,564.938,15.854
Canada,2015,CAN,35962236.0,1568025782105.0,563.003,15.655
Canada,2016,CAN,36353345.0,1583727974022.0,553.707,15.231
Canada,2017,CAN,36808498.0,1631871440185.0,566.66,15.395
Canada,2018,CAN,37294996.0,1677189073139.0,575.091,15.42
Canada,2019,CAN,37782934.0,1708858221312.0,579.007,15.325
Canada,2020,CAN,38171903.0,1622144486274.0,524.208,13.733
Canada,2021,CAN,38454058.0,1703443269914.0,537.479,13.977
Canada,2022,CAN,38821259.0,1761295624423.0,547.658,14.107
Canada,2023,CAN,39299098.0,,545.479,13.88
Canada,2024,CAN,39742429.0,,533.34,13.42
Cape Verde,1950,CPV,184986.0,146876000.0,0.103,0.555
Cape Verde,1951,CPV,187208.0,153869000.0,0.077,0.411
Cape Verde,1952,CPV,189445.0,159805000.0,0.037,0.193
Cape Verde,1953,CPV,191560.0,167040000.0,0.018,0.096
Cape Verde,1954,CPV,193557.0,168920000.0,0.022,0.114
Cape Verde,1955,CPV,195622.0,174746000.0,0.022,0.112
Cape Verde,1956,CPV,197856.0,182178000.0,0.029,0.148
Cape Verde,1957,CPV,200300.0,182160000.0,0.018,0.091
Cape Verde,1958,CPV,203100.0,185740000.0,0.015,0.072
Cape Verde,1959,CPV,206367.0,207617000.0,0.018,0.089
Cape Verde,1960,CPV,210034.0,223595000.0,0.022,0.105
Cape Verde,1961,CPV,215095.0,238119000.0,0.022,0.102
Cape Verde,1962,CPV,221930.0,253470000.0,0.018,0.082
Cape Verde,1963,CPV,229386.0,268429000.0,0.015,0.064
Cape Verde,1964,CPV,237017.0,282688000.0,0.029,0.123
Cape Verde,1965,CPV,244868.0,298352000.0,0.026,0.105
Cape Verde,1966,CPV,252989.0,312851000.0,0.022,0.087
Cape Verde,1967,CPV,261409.0,328016000.0,0.018,0.07
Cape Verde,1968,CPV,270172.0,342138000.0,0.029,0.108
Cape Verde,1969,CPV,279254.0,357892000.0,0.037,0.131
Cape Verde,1970,CPV,287895.0,372565000.0,0.037,0.127
Cape Verde,1971,CPV,294052.0,391755000.0,0.037,0.125
Cape Verde,1972,CPV,297388.0,400675000.0,0.051,0.172
Cape Verde,1973,CPV,299890.0,407190000.0,0.062,0.208
Cape Verde,1974,CPV,302578.0,417663000.0,0.066,0.218
Cape Verde,1975,CPV,305853.0,346360000.0,0.077,0.252
Cape Verde,1976,CPV,309462.0,354033000.0,0.073,0.237
Cape Verde,1977,CPV,312843.0,336336000.0,0.081,0.258
Cape Verde,1978,CPV,316163.0,368475000.0,0.209,0.66
Cape Verde,1979,CPV,319485.0,381193000.0,0.249,0.78
Cape Verde,1980,CPV,323310.0,400192000.0,0.121,0.374
Cape Verde,1981,CPV,327859.0,434100000.0,0.033,0.101
Cape Verde,1982,CPV,332729.0,446880000.0,0.037,0.11
Cape Verde,1983,CPV,337661.0,489104000.0,0.037,0.109
Cape Verde,1984,CPV,342511.0,507312000.0,0.084,0.246
Cape Verde,1985,CPV,347370.0,552214000.0,0.084,0.243
Cape Verde,1986,CPV,352321.0,566886000.0,0.059,0.166
Cape Verde,1987,CPV,357308.0,592342000.0,0.081,0.226
Cape Verde,1988,CPV,362339.0,628238000.0,0.073,0.202
Cape Verde,1989,CPV,367820.0,663300000.0,0.081,0.219
Cape Verde,1990,CPV,375437.0,668100000.0,0.18,0.478
Cape Verde,1991,CPV,384603.0,689942658.0,0.165,0.429
Cape Verde,1992,CPV,393426.0,722536200.0,0.18,0.456
Cape Verde,1993,CPV,401977.0,790274598.0,0.169,0.419
Cape Verde,1994,CPV,410230.0,861446201.0,0.176,0.429
Cape Verde,1995,CPV,418116.0,941287684.0,0.198,0.473
Cape Verde,1996,CPV,425592.0,1024669345.0,0.22,0.517
Cape Verde,1997,CPV,432803.0,1122095895.0,0.227,0.525
Cape Verde,1998,CPV,439789.0,1238844923.0,0.242,0.55
Cape Verde,1999,CPV,446528.0,1412383310.0,0.286,0.64
Cape Verde,2000,CPV,453335.0,1540942373.0,0.297,0.655
Cape Verde,2001,CPV,460300.0,1663976329.0,0.348,0.756
Cape Verde,2002,CPV,467056.0,1787222988.0,0.385,0.824
Cape Verde,2003,CPV,473384.0,1904397612.0,0.414,0.875
Cape Verde,2004,CPV,479377.0,2022409320.0,0.429,0.894
Cape Verde,2005,CPV,485128.0,2194575514.0,0.447,0.921
Cape Verde,2006,CPV,490728.0,2457336149.0,0.495,1.008
Cape Verde,2007,CPV,496196.0,2720555147.0,0.506,1.019
Cape Verde,2008,CPV,501362.0,2956642825.0,0.473,0.943
Cape Verde,2009,CPV,506148.0,2969179680.0,0.524,1.035
Cape Verde,2010,CPV,509793.0,3071163589.0,0.557,1.092
Cape Verde,2011,CPV,511453.0,3248220000.0,0.616,1.204
Cape Verde,2012,CPV,511966.0,3287052000.0,0.502,0.98
Cape Verde,2013,CPV,512231.0,3310254000.0,0.495,0.966
Cape Verde,2014,CPV,512334.0,3375218000.0,0.491,0.958
Cape Verde,2015,CPV,512405.0,3421236000.0,0.495,0.965
Cape Verde,2016,CPV,512556.0,3573126874.0,0.531,1.037
Cape Verde,2017,CPV,512899.0,3751791578.0,0.572,1.114
Cape Verde,2018,CPV,513418.0,3892648372.0,0.572,1.113
Cape Verde,2019,CPV,514116.0,4189894317.0,0.63,1.226
Cape Verde,2020,CPV,514683.0,3381126423.0,0.52,1.011
Cape Verde,2021,CPV,516655.0,3611420923.0,0.59,1.142
Cape Verde,2022,CPV,519750.0,4251154554.0,0.598,1.15
Cape Verde,2023,CPV,522335.0,,0.571,1.094
Cape Verde,2024,CPV,524878.0,,0.594,1.131
Central African Republic,1950,CAF,1438062.0,1646820000.0,0.047,0.033
Central African Republic,1951,CAF,1461255.0,1707225000.0,0.063,0.043
Central African Republic,1952,CAF,1484828.0,1768748000.0,0.081,0.055
Central African Republic,1953,CAF,1508951.0,1832600000.0,0.069,0.045
Central African Republic,1954,CAF,1533762.0,1900368000.0,0.072,0.047
Central African Republic,1955,CAF,1559371.0,1970776000.0,0.072,0.046
Central African Republic,1956,CAF,1585850.0,2044040000.0,0.093,0.059
Central African Republic,1957,CAF,1613283.0,2118624000.0,0.1,0.062
Central African Republic,1958,CAF,1641677.0,2199048000.0,0.115,0.07
Central African Republic,1959,CAF,1671336.0,2278221000.0,0.099,0.059
Central African Republic,1960,CAF,1702346.0,2298789000.0,0.088,0.052
Central African Republic,1961,CAF,1734583.0,2387515000.0,0.088,0.051
Central African Republic,1962,CAF,1768124.0,2322575000.0,0.073,0.041
Central African Republic,1963,CAF,1803067.0,2317076000.0,0.073,0.041
Central African Republic,1964,CAF,1839582.0,2355310000.0,0.073,0.04
Central African Republic,1965,CAF,1877856.0,2386648000.0,0.088,0.047
Central African Republic,1966,CAF,1918087.0,2404495000.0,0.084,0.044
Central African Republic,1967,CAF,1960450.0,2517768000.0,0.092,0.047
Central African Republic,1968,CAF,2005104.0,2529905000.0,0.183,0.091
Central African Republic,1969,CAF,2051517.0,2649420000.0,0.187,0.091
Central African Republic,1970,CAF,2097513.0,2773212000.0,0.209,0.1
Central African Republic,1971,CAF,2141455.0,2688468000.0,0.183,0.086
Central African Republic,1972,CAF,2183773.0,2636136000.0,0.169,0.077
Central African Republic,1973,CAF,2226007.0,2756895000.0,0.161,0.072
Central African Republic,1974,CAF,2269345.0,2673998000.0,0.114,0.05
Central African Republic,1975,CAF,2313925.0,2722734000.0,0.103,0.044
Central African Republic,1976,CAF,2348567.0,2840640000.0,0.128,0.055
Central African Republic,1977,CAF,2372932.0,3072056000.0,0.128,0.054
Central African Republic,1978,CAF,2397963.0,3110550000.0,0.147,0.061
Central African Republic,1979,CAF,2423800.0,3029910000.0,0.103,0.042
Central African Republic,1980,CAF,2450537.0,2898666000.0,0.106,0.043
Central African Republic,1981,CAF,2478413.0,2941447000.0,0.136,0.055
Central African Republic,1982,CAF,2507374.0,2993424000.0,0.143,0.057
Central African Republic,1983,CAF,2537407.0,2810015000.0,0.147,0.058
Central African Republic,1984,CAF,2568610.0,3012834000.0,0.15,0.058
Central African Republic,1985,CAF,2600939.0,3115672000.0,0.161,0.062
Central African Republic,1986,CAF,2634262.0,3224550000.0,0.161,0.061
Central African Republic,1987,CAF,2669154.0,3065439000.0,0.26,0.097
Central African Republic,1988,CAF,2713967.0,3129941000.0,0.231,0.085
Central African Republic,1989,CAF,2783977.0,3210000000.0,0.249,0.089
Central African Republic,1990,CAF,2871915.0,3155955000.0,0.183,0.064
Central African Republic,1991,CAF,2963195.0,3196204632.0,0.191,0.064
Central African Republic,1992,CAF,3058837.0,3153286705.0,0.194,0.063
Central African Republic,1993,CAF,3157842.0,3141613628.0,0.198,0.063
Central African Republic,1994,CAF,3257956.0,3299692291.0,0.209,0.064
Central African Republic,1995,CAF,3348062.0,3468004734.0,0.209,0.062
Central African Republic,1996,CAF,3435973.0,3208680589.0,0.213,0.062
Central African Republic,1997,CAF,3531700.0,3401098287.0,0.216,0.061
Central African Republic,1998,CAF,3628833.0,3555832992.0,0.22,0.061
Central African Republic,1999,CAF,3729452.0,3763942207.0,0.231,0.062
Central African Republic,2000,CAF,3833421.0,3836505744.0,0.125,0.032
Central African Republic,2001,CAF,3919498.0,3861482755.0,0.143,0.036
Central African Republic,2002,CAF,4006079.0,3833969443.0,0.117,0.029
Central African Republic,2003,CAF,4103092.0,3563805910.0,0.114,0.028
Central African Republic,2004,CAF,4192828.0,3659297627.0,0.125,0.03
Central African Republic,2005,CAF,4288814.0,3745738822.0,0.128,0.03
Central African Republic,2006,CAF,4377582.0,3921727514.0,0.139,0.032
Central African Republic,2007,CAF,4462777.0,4078141542.0,0.154,0.034
Central African Republic,2008,CAF,4558989.0,4185491968.0,0.15,0.033
Central African Republic,2009,CAF,4529051.0,4261637773.0,0.154,0.034
Central African Republic,2010,CAF,4493003.0,4410453712.0,0.169,0.038
Central African Republic,2011,CAF,4565023.0,4499550000.0,0.154,0.034
Central African Republic,2012,CAF,4610848.0,4632212000.0,0.183,0.04
Central African Republic,2013,CAF,4642423.0,2929689000.0,0.103,0.022
Central African Republic,2014,CAF,4623187.0,2960958000.0,0.132,0.029
Central African Republic,2015,CAF,4629322.0,3105792000.0,0.194,0.042
Central African Republic,2016,CAF,4713663.0,3265229504.0,0.238,0.051
Central African Republic,2017,CAF,4793512.0,3421678627.0,0.286,0.06
Central African Republic,2018,CAF,4878663.0,3557270233.0,0.271,0.056
Central African Republic,2019,CAF,4944708.0,3662931320.0,0.311,0.063
Central African Republic,2020,CAF,5026629.0,3698072848.0,0.333,0.066
Central African Republic,2021,CAF,5112103.0,3734422040.0,0.366,0.072
Central African Republic,2022,CAF,5098038.0,3752056621.0,0.377,0.074
Central African Republic,2023,CAF,5152415.0,,0.389,0.076
Central African Republic,2024,CAF,5330691.0,,0.395,0.074
Central America (GCP),1950,,,,18.668,
Central America (GCP),1951,,,,24.46,
Central America (GCP),1952,,,,20.384,
Central America (GCP),1953,,,,21.589,
Central America (GCP),1954,,,,29.452,
Central America (GCP),1955,,,,28.414,
Central America (GCP),1956,,,,32.025,
Central America (GCP),1957,,,,35.249,
Central America (GCP),1958,,,,39.261,
Central America (GCP),1959,,,,40.122,
Central America (GCP),1960,,,,35.898,
Central America (GCP),1961,,,,37.988,
Central America (GCP),1962,,,,44.554,
Central America (GCP),1963,,,,38.589,
Central America (GCP),1964,,,,45.139,
Central America (GCP),1965,,,,44.798,
Central America (GCP),1966,,,,44.665,
Central America (GCP),1967,,,,49.487,
Central America (GCP),1968,,,,50.967,
Central America (GCP),1969,,,,56.737,
Central America (GCP),1970,,,,67.237,
Central America (GCP),1971,,,,71.47,
Central America (GCP),1972,,,,75.205,
Central America (GCP),1973,,,,85.766,
Central America (GCP),1974,,,,84.955,
Central America (GCP),1975,,,,88.3,
Central America (GCP),1976,,,,103.729,
Central America (GCP),1977,,,,100.468,
Central America (GCP),1978,,,,97.629,
Central America (GCP),1979,,,,101.247,
Central America (GCP),1980,,,,100.348,
Central America (GCP),1981,,,,94.017,
Central America (GCP),1982,,,,96.131,
Central America (GCP),1983,,,,86.375,
Central America (GCP),1984,,,,95.24,
Central America (GCP),1985,,,,101.227,
Central America (GCP),1986,,,,86.272,
Central America (GCP),1987,,,,91.24,
Central America (GCP),1988,,,,91.209,
Central America (GCP),1989,,,,96.704,
Central America (GCP),1990,,,,92.031,
Central America (GCP),1991,,,,90.964,
Central America (GCP),1992,,,,89.977,
Central America (GCP),1993,,,,90.35,
Central America (GCP),1994,,,,93.919,
Central America (GCP),1995,,,,100.779,
Central America (GCP),1996,,,,106.297,
Central America (GCP),1997,,,,112.781,
Central America (GCP),1998,,,,113.164,
Central America (GCP),1999,,,,118.502,
Central America (GCP),2000,,,,129.545,
Central America (GCP),2001,,,,134.743,
Central America (GCP),2002,,,,139.442,
Central America (GCP),2003,,,,146.293,
Central America (GCP),2004,,,,142.732,
Central America (GCP),2005,,,,151.626,
Central America (GCP),2006,,,,162.461,
Central America (GCP),2007,,,,166.966,
Central America (GCP),2008,,,,166.0,
Central America (GCP),2009,,,,165.047,
Central America (GCP),2010,,,,171.17,
Central America (GCP),2011,,,,171.403,
Central America (GCP),2012,,,,170.354,
Central America (GCP),2013,,,,170.805,
Central America (GCP),2014,,,,173.789,
Central America (GCP),2015,,,,181.22,
Central America (GCP),2016,,,,175.069,
Central America (GCP),2017,,,,169.963,
Central America (GCP),2018,,,,170.968,
Central America (GCP),2019,,,,179.63,
Central America (GCP),2020,,,,154.65,
Central America (GCP),2021,,,,171.831,
Central America (GCP),2022,,,,178.535,
Central America (GCP),2023,,,,181.89,
Central America (GCP),2024,,,,185.166,
Chad,1950,TCD,2525457.0,2125331770.0,0.03,0.012
Chad,1951,TCD,2570410.0,2205452934.0,0.039,0.015
Chad,1952,TCD,2616313.0,2282775088.0,0.051,0.02
Chad,1953,TCD,2663776.0,2368064384.0,0.043,0.016
Chad,1954,TCD,2713010.0,2453391158.0,0.046,0.017
Chad,1955,TCD,2764252.0,2544367285.0,0.045,0.016
Chad,1956,TCD,2817660.0,2638402787.0,0.059,0.021
Chad,1957,TCD,2873095.0,2735637956.0,0.063,0.022
Chad,1958,TCD,2930371.0,2842100532.0,0.072,0.025
Chad,1959,TCD,2989326.0,2940409549.0,0.062,0.021
Chad,1960,TCD,3049843.0,2963203101.0,0.055,0.018
Chad,1961,TCD,3111956.0,3005566454.0,0.051,0.016
Chad,1962,TCD,3175599.0,3163018660.0,0.084,0.027
Chad,1963,TCD,3240909.0,3117824077.0,0.092,0.028
Chad,1964,TCD,3307482.0,3039090591.0,0.099,0.03
Chad,1965,TCD,3374220.0,3053546777.0,0.106,0.031
Chad,1966,TCD,3440907.0,3002203318.0,0.084,0.024
Chad,1967,TCD,3508513.0,3027219918.0,0.117,0.033
Chad,1968,TCD,3578228.0,3011389050.0,0.125,0.035
Chad,1969,TCD,3651121.0,3215064100.0,0.161,0.044
Chad,1970,TCD,3727834.0,3279969472.0,0.125,0.033
Chad,1971,TCD,3807326.0,3337863712.0,0.15,0.039
Chad,1972,TCD,3893253.0,3109314453.0,0.121,0.031
Chad,1973,TCD,3985914.0,2961473021.0,0.161,0.04
Chad,1974,TCD,4078363.0,3362176878.0,0.15,0.037
Chad,1975,TCD,4167237.0,3945146105.0,0.183,0.044
Chad,1976,TCD,4251299.0,3887494224.0,0.183,0.043
Chad,1977,TCD,4331668.0,3592054790.0,0.198,0.046
Chad,1978,TCD,4411370.0,3574628296.0,0.194,0.044
Chad,1979,TCD,4505384.0,2814182509.0,0.202,0.045
Chad,1980,TCD,4515461.0,2636554019.0,0.209,0.046
Chad,1981,TCD,4520965.0,2352283709.0,0.209,0.046
Chad,1982,TCD,4738486.0,2480027011.0,0.205,0.043
Chad,1983,TCD,4979137.0,2868360537.0,0.205,0.041
Chad,1984,TCD,5045152.0,3020129470.0,0.216,0.043
Chad,1985,TCD,5096274.0,3252398958.0,0.18,0.035
Chad,1986,TCD,5251074.0,3451800529.0,0.187,0.036
Chad,1987,TCD,5438311.0,3574575830.0,0.198,0.036
Chad,1988,TCD,5625601.0,3844987847.0,0.066,0.012
Chad,1989,TCD,5819588.0,3914715463.0,0.103,0.018
Chad,1990,TCD,5982838.0,4042256503.0,0.377,0.063
Chad,1991,TCD,6205688.0,4243508738.0,0.388,0.063
Chad,1992,TCD,6474651.0,4384566498.0,0.403,0.062
Chad,1993,TCD,6629147.0,4228383989.0,0.399,0.06
Chad,1994,TCD,6783456.0,4512686232.0,0.416,0.061
Chad,1995,TCD,7089063.0,4614545072.0,0.427,0.06
Chad,1996,TCD,7410107.0,4763184682.0,0.443,0.06
Chad,1997,TCD,7670371.0,5091460240.0,0.453,0.059
Chad,1998,TCD,7938841.0,5510466098.0,0.464,0.058
Chad,1999,TCD,8222710.0,5546894673.0,0.474,0.058
Chad,2000,TCD,8512092.0,5599887930.0,0.488,0.057
Chad,2001,TCD,8804122.0,6336850686.0,0.506,0.057
Chad,2002,TCD,9116195.0,6982839457.0,0.531,0.058
Chad,2003,TCD,9487830.0,8110109949.0,0.882,0.093
Chad,2004,TCD,9920036.0,11032101494.0,0.906,0.091
Chad,2005,TCD,10328094.0,12146441188.0,0.929,0.09
Chad,2006,TCD,10706426.0,12214525260.0,0.957,0.089
Chad,2007,TCD,11081667.0,14704387197.0,1.089,0.098
Chad,2008,TCD,11476299.0,15257312990.0,0.872,0.076
Chad,2009,TCD,11893753.0,17078193621.0,1.22,0.103
Chad,2010,TCD,12312580.0,19869964230.0,1.236,0.1
Chad,2011,TCD,12755004.0,19903398034.0,1.277,0.1
Chad,2012,TCD,13211006.0,21656293766.0,1.747,0.132
Chad,2013,TCD,13691081.0,22902174388.0,2.082,0.152
Chad,2014,TCD,14188680.0,24480827952.0,2.183,0.154
Chad,2015,TCD,14647626.0,24914134960.0,2.352,0.161
Chad,2016,TCD,15114652.0,23529405356.0,2.382,0.158
Chad,2017,TCD,15622756.0,22969403286.0,2.341,0.15
Chad,2018,TCD,16156535.0,23510339039.0,2.384,0.148
Chad,2019,TCD,16685223.0,24314153239.0,2.3,0.138
Chad,2020,TCD,17224686.0,23793345004.0,2.356,0.137
Chad,2021,TCD,17828274.0,23531147275.0,2.67,0.15
Chad,2022,TCD,18455319.0,24118013870.0,2.8,0.152
Chad,2023,TCD,19319075.0,,2.848,0.147
Chad,2024,TCD,20299131.0,,2.831,0.139
Chile,1950,CHL,6628577.0,35814098085.0,9.384,1.416
Chile,1951,CHL,6756666.0,37517850565.0,9.982,1.477
Chile,1952,CHL,6891992.0,39872874867.0,10.604,1.539
Chile,1953,CHL,7033534.0,42735437979.0,10.403,1.479
Chile,1954,CHL,7180570.0,41239905851.0,11.08,1.543
Chile,1955,CHL,7332311.0,42759069001.0,11.597,1.582
Chile,1956,CHL,7489537.0,43296376831.0,11.832,1.58
Chile,1957,CHL,7651307.0,47633261429.0,11.726,1.532
Chile,1958,CHL,7815995.0,50235251527.0,12.451,1.593
Chile,1959,CHL,7983432.0,47425586076.0,12.703,1.591
Chile,1960,CHL,8153356.0,51436252390.0,13.476,1.653
Chile,1961,CHL,8324802.0,53814652578.0,14.458,1.737
Chile,1962,CHL,8497068.0,56294053992.0,16.707,1.966
Chile,1963,CHL,8670148.0,59768953152.0,17.337,2.0
Chile,1964,CHL,8842536.0,60978695273.0,17.505,1.98
Chile,1965,CHL,9012944.0,61339721007.0,17.747,1.969
Chile,1966,CHL,9181729.0,68132623972.0,18.772,2.045
Chile,1967,CHL,9348941.0,70277718775.0,19.238,2.058
Chile,1968,CHL,9514712.0,72715538667.0,21.202,2.228
Chile,1969,CHL,9680281.0,75313212389.0,22.531,2.328
Chile,1970,CHL,9845347.0,76775329672.0,24.636,2.502
Chile,1971,CHL,10009698.0,83697033051.0,27.056,2.703
Chile,1972,CHL,10174678.0,82793308007.0,28.139,2.766
Chile,1973,CHL,10340367.0,78292277630.0,27.588,2.668
Chile,1974,CHL,10505817.0,79171405778.0,25.878,2.463
Chile,1975,CHL,10671567.0,69003129149.0,22.947,2.15
Chile,1976,CHL,10838255.0,71648444839.0,24.029,2.217
Chile,1977,CHL,11005518.0,78841260101.0,23.017,2.091
Chile,1978,CHL,11172698.0,85389957250.0,22.842,2.044
Chile,1979,CHL,11339778.0,92570918701.0,24.73,2.181
Chile,1980,CHL,11508553.0,100109709187.0,25.1,2.181
Chile,1981,CHL,11678714.0,106358277083.0,24.347,2.085
Chile,1982,CHL,11850214.0,92080692234.0,20.475,1.728
Chile,1983,CHL,12026139.0,89603038518.0,20.674,1.719
Chile,1984,CHL,12207731.0,94938076265.0,22.005,1.803
Chile,1985,CHL,12395277.0,96833632000.0,21.292,1.718
Chile,1986,CHL,12588923.0,102072825000.0,22.022,1.749
Chile,1987,CHL,12790156.0,108707265000.0,22.41,1.752
Chile,1988,CHL,12999426.0,116634121000.0,26.6,2.046
Chile,1989,CHL,13215015.0,129084510000.0,32.018,2.423
Chile,1990,CHL,13437181.0,133955187000.0,32.908,2.449
Chile,1991,CHL,13662482.0,143694660776.0,30.892,2.261
Chile,1992,CHL,13884579.0,160277244361.0,32.001,2.305
Chile,1993,CHL,14102276.0,170385338997.0,34.098,2.418
Chile,1994,CHL,14316263.0,178942754051.0,37.975,2.653
Chile,1995,CHL,14527382.0,196694148759.0,41.563,2.861
Chile,1996,CHL,14734049.0,209865805164.0,48.226,3.273
Chile,1997,CHL,14932436.0,222279419403.0,55.942,3.746
Chile,1998,CHL,15127799.0,227977542773.0,57.258,3.785
Chile,1999,CHL,15319311.0,224771940848.0,61.408,4.009
Chile,2000,CHL,15503638.0,233340518904.0,58.503,3.773
Chile,2001,CHL,15683852.0,239642803054.0,52.918,3.374
Chile,2002,CHL,15857926.0,243288829547.0,54.836,3.458
Chile,2003,CHL,16024755.0,250723122339.0,55.1,3.438
Chile,2004,CHL,16187324.0,264146071325.0,59.221,3.658
Chile,2005,CHL,16348780.0,278000705012.0,61.116,3.738
Chile,2006,CHL,16509195.0,293258343549.0,64.048,3.88
Chile,2007,CHL,16671571.0,305709457316.0,70.469,4.227
Chile,2008,CHL,16838987.0,314032357531.0,70.549,4.19
Chile,2009,CHL,17009730.0,306660166266.0,65.96,3.878
Chile,2010,CHL,17181463.0,321457401232.0,71.347,4.153
Chile,2011,CHL,17351810.0,338708860136.0,78.071,4.499
Chile,2012,CHL,17519116.0,359556383692.0,79.621,4.545
Chile,2013,CHL,17687006.0,371454072393.0,81.733,4.621
Chile,2014,CHL,17864192.0,378114271615.0,77.586,4.343
Chile,2015,CHL,18047630.0,386251266445.0,81.778,4.531
Chile,2016,CHL,18267225.0,393022253885.0,84.25,4.612
Chile,2017,CHL,18558868.0,398359518680.0,84.135,4.533
Chile,2018,CHL,18893185.0,414254051745.0,84.443,4.469
Chile,2019,CHL,19197748.0,417331966568.0,91.977,4.791
Chile,2020,CHL,19370621.0,391686945225.0,80.178,4.139
Chile,2021,CHL,19456323.0,437659188270.0,83.63,4.298
Chile,2022,CHL,19553033.0,448338105532.0,85.744,4.385
Chile,2023,CHL,19658833.0,,77.604,3.948
Chile,2024,CHL,19764774.0,,78.726,3.983
China,1950,CHN,544044355.0,436905185000.0,78.835,0.145
China,1951,CHN,553758251.0,529606000000.0,102.115,0.184
China,1952,CHN,565131435.0,595648770000.0,128.003,0.227
China,1953,CHN,577557140.0,672668230000.0,133.786,0.232
China,1954,CHN,590113859.0,624480190000.0,160.881,0.273
China,1955,CHN,603547014.0,681084945000.0,190.521,0.316
China,1956,CHN,616558585.0,738921885000.0,215.828,0.35
China,1957,CHN,630356210.0,761702560000.0,255.789,0.406
China,1958,CHN,644219478.0,766244655000.0,524.624,0.814
China,1959,CHN,652708211.0,743927585000.0,720.163,1.103
China,1960,CHN,654802068.0,705092990000.0,798.811,1.22
China,1961,CHN,655773484.0,577128420000.0,570.641,0.87
China,1962,CHN,665073690.0,616503020000.0,459.625,0.691
China,1963,CHN,684552646.0,705534390000.0,456.787,0.667
China,1964,CHN,704798263.0,804504960000.0,460.644,0.654
China,1965,CHN,723415737.0,896126805000.0,500.294,0.692
China,1966,CHN,742402206.0,927339400000.0,549.467,0.74
China,1967,CHN,761026025.0,933378350000.0,460.233,0.605
China,1968,CHN,781011030.0,912372780000.0,495.514,0.634
China,1969,CHN,802140341.0,1006175600000.0,607.694,0.758
China,1970,CHN,823308964.0,1144004370000.0,807.964,0.981
China,1971,CHN,844069870.0,1216237830000.0,909.21,1.077
China,1972,CHN,863677810.0,1233564930000.0,968.636,1.122
China,1973,CHN,882576945.0,1334375220000.0,1008.269,1.142
China,1974,CHN,900307580.0,1367631650000.0,1028.063,1.142
China,1975,CHN,916116796.0,1460733630000.0,1183.154,1.291
China,1976,CHN,930372293.0,1413710515000.0,1226.339,1.318
China,1977,CHN,943546374.0,1493489265000.0,1340.715,1.421
China,1978,CHN,956161482.0,1667551760000.0,1492.517,1.561
China,1979,CHN,969288071.0,1801380295000.0,1525.417,1.574
China,1980,CHN,983163540.0,1893783550000.0,1494.298,1.52
China,1981,CHN,997721072.0,1949955282000.0,1476.28,1.48
China,1982,CHN,1013588177.0,2128597968000.0,1606.239,1.585
China,1983,CHN,1029064952.0,2278862376000.0,1693.747,1.646
China,1984,CHN,1043849645.0,2534000300000.0,1844.213,1.767
China,1985,CHN,1059807818.0,2752673760000.0,1997.193,1.884
China,1986,CHN,1077233607.0,2931538920000.0,2103.43,1.953
China,1987,CHN,1096217445.0,3177306585000.0,2256.629,2.059
China,1988,CHN,1115244168.0,3354463350000.0,2424.444,2.174
China,1989,CHN,1133991006.0,3380560300000.0,2462.15,2.171
China,1990,CHN,1153582725.0,3385121670000.0,2483.534,2.153
China,1991,CHN,1170788533.0,3508948004345.0,2619.143,2.237
China,1992,CHN,1184574236.0,3755037703201.0,2731.29,2.306
China,1993,CHN,1197308574.0,4126169229667.0,2914.284,2.434
China,1994,CHN,1209003099.0,4438753488140.0,3093.891,2.559
China,1995,CHN,1220133929.0,4809999898743.0,3351.197,2.747
China,1996,CHN,1230944809.0,5127589598793.0,3499.311,2.843
China,1997,CHN,1241139623.0,5291338914515.0,3512.35,2.83
China,1998,CHN,1250847122.0,5338703042331.0,3355.336,2.682
China,1999,CHN,1260176650.0,5578503091801.0,3549.949,2.817
China,2000,CHN,1269581174.0,5952682232028.0,3643.81,2.87
China,2001,CHN,1278725061.0,6329737256820.0,3724.114,2.912
China,2002,CHN,1286866835.0,6814493895929.0,4098.181,3.185
China,2003,CHN,1294517323.0,7248623080792.0,4835.251,3.735
China,2004,CHN,1302100316.0,7830953177799.0,5210.961,4.002
China,2005,CHN,1310027135.0,8602939667333.0,5881.991,4.49
China,2006,CHN,1318054030.0,9489543138489.0,6486.185,4.921
China,2007,CHN,1325813576.0,10358206113742.0,6974.663,5.261
China,2008,CHN,1333821011.0,10799148337884.0,7492.404,5.617
China,2009,CHN,1342522717.0,11572544299171.0,7881.491,5.871
China,2010,CHN,1351561505.0,12858808500983.0,8610.048,6.37
China,2011,CHN,1360250658.0,13691526496125.0,9520.153,6.999
China,2012,CHN,1369520866.0,14773157494771.0,9767.311,7.132
China,2013,CHN,1379008040.0,15925464549520.0,9942.371,7.21
China,2014,CHN,1387951970.0,17103948867278.0,9976.027,7.188
China,2015,CHN,1396134171.0,18301224436466.0,9858.04,7.061
China,2016,CHN,1404052628.0,19545709173693.0,9748.175,6.943
China,2017,CHN,1412354730.0,20894362082435.0,10000.014,7.08
China,2018,CHN,1419008954.0,22294284747546.0,10346.79,7.292
China,2019,CHN,1423520357.0,23631941251482.0,10713.515,7.526
China,2020,CHN,1426106093.0,24151843898871.0,10896.521,7.641
China,2021,CHN,1426437269.0,26180600167672.0,11284.401,7.911
China,2022,CHN,1425179562.0,26966016991166.0,11711.808,8.218
China,2023,CHN,1422584930.0,,12172.009,8.556
China,2024,CHN,1419321284.0,,12289.037,8.658
Christmas Island,1950,CXR,,,,
Christmas Island,1951,CXR,,,,
Christmas Island,1952,CXR,,,,
Christmas Island,1953,CXR,,,,
Christmas Island,1954,CXR,,,,
Christmas Island,1955,CXR,,,,
Christmas Island,1956,CXR,,,,
Christmas Island,1957,CXR,,,,
Christmas Island,1958,CXR,,,,
Christmas Island,1959,CXR,,,,
Christmas Island,1960,CXR,,,,
Christmas Island,1961,CXR,,,,
Christmas Island,1962,CXR,,,,
Christmas Island,1963,CXR,,,,
Christmas Island,1964,CXR,,,,
Christmas Island,1965,CXR,,,,
Christmas Island,1966,CXR,,,,
Christmas Island,1967,CXR,,,,
Christmas Island,1968,CXR,,,,
Christmas Island,1969,CXR,,,,
Christmas Island,1970,CXR,,,0.07,
Christmas Island,1971,CXR,,,0.084,
Christmas Island,1972,CXR,,,0.084,
Christmas Island,1973,CXR,,,0.07,
Christmas Island,1974,CXR,,,0.125,
Christmas Island,1975,CXR,,,0.136,
Christmas Island,1976,CXR,,,0.125,
Christmas Island,1977,CXR,,,0.092,
Christmas Island,1978,CXR,,,0.092,
Christmas Island,1979,CXR,,,0.099,
Christmas Island,1980,CXR,,,0.099,
Christmas Island,1981,CXR,,,0.103,
Christmas Island,1982,CXR,,,0.073,
Christmas Island,1983,CXR,,,0.081,
Christmas Island,1984,CXR,,,,
Christmas Island,1985,CXR,,,,
Christmas Island,1986,CXR,,,,
Christmas Island,1987,CXR,,,,
Christmas Island,1988,CXR,,,,
Christmas Island,1989,CXR,,,,
Christmas Island,1990,CXR,,,,
Christmas Island,1991,CXR,,,,
Christmas Island,1992,CXR,,,,
Christmas Island,1993,CXR,,,,
Christmas Island,1994,CXR,,,0.0,
Christmas Island,1995,CXR,,,0.0,
Christmas Island,1996,CXR,,,0.0,
Christmas Island,1997,CXR,,,0.0,
Christmas Island,1998,CXR,,,0.0,
Christmas Island,1999,CXR,,,0.0,
Christmas Island,2000,CXR,,,0.0,
Christmas Island,2001,CXR,,,0.0,
Christmas Island,2002,CXR,,,0.0,
Christmas Island,2003,CXR,,,0.0,
Christmas Island,2004,CXR,,,0.0,
Christmas Island,2005,CXR,,,0.0,
Christmas Island,2006,CXR,,,0.0,
Christmas Island,2007,CXR,,,0.0,
Christmas Island,2008,CXR,,,0.0,
Christmas Island,2009,CXR,,,0.0,
Christmas Island,2010,CXR,,,0.0,
Christmas Island,2011,CXR,,,0.0,
Christmas Island,2012,CXR,,,0.0,
Christmas Island,2013,CXR,,,0.0,
Christmas Island,2014,CXR,,,0.0,
Christmas Island,2015,CXR,,,0.0,
Christmas Island,2016,CXR,,,0.0,
Christmas Island,2017,CXR,,,0.0,
Christmas Island,2018,CXR,,,0.0,
Christmas Island,2019,CXR,,,0.0,
Christmas Island,2020,CXR,,,0.0,
Christmas Island,2021,CXR,,,0.0,
Christmas Island,2022,CXR,,,0.0,
Christmas Island,2023,CXR,,,0.0,
Christmas Island,2024,CXR,,,0.0,
Colombia,1950,COL,11766991.0,39782570953.0,7.262,0.617
Colombia,1951,COL,12078813.0,41004055000.0,8.164,0.676
Colombia,1952,COL,12405851.0,43585872568.0,8.633,0.696
Colombia,1953,COL,12746037.0,46268367861.0,10.761,0.844
Colombia,1954,COL,13100844.0,49475969012.0,9.621,0.734
Colombia,1955,COL,13473060.0,51404937149.0,11.944,0.887
Colombia,1956,COL,13861805.0,53465743432.0,12.599,0.909
Colombia,1957,COL,14270276.0,55423409845.0,13.651,0.957
Colombia,1958,COL,14693292.0,56811537351.0,13.977,0.951
Colombia,1959,COL,15136219.0,60891011507.0,16.087,1.063
Colombia,1960,COL,15606209.0,63491851718.0,16.39,1.05
Colombia,1961,COL,16095207.0,66711822216.0,18.196,1.131
Colombia,1962,COL,16599031.0,70335873505.0,19.419,1.17
Colombia,1963,COL,17113824.0,72640512773.0,21.233,1.241
Colombia,1964,COL,17637416.0,77135760000.0,21.683,1.229
Colombia,1965,COL,18169053.0,79917509398.0,22.859,1.258
Colombia,1966,COL,18702693.0,84161193205.0,23.474,1.255
Colombia,1967,COL,19235624.0,87712753351.0,24.687,1.283
Colombia,1968,COL,19766802.0,93093543070.0,26.573,1.344
Colombia,1969,COL,20291937.0,99003203125.0,28.016,1.381
Colombia,1970,COL,20811790.0,105691074257.0,28.37,1.363
Colombia,1971,COL,21319099.0,111964215234.0,30.282,1.42
Colombia,1972,COL,21819572.0,120559379062.0,31.426,1.44
Colombia,1973,COL,22325375.0,128657098324.0,33.632,1.506
Colombia,1974,COL,22833475.0,136089666000.0,36.396,1.594
Colombia,1975,COL,23344650.0,139249500000.0,35.811,1.534
Colombia,1976,COL,23858815.0,145807684000.0,37.983,1.592
Colombia,1977,COL,24393499.0,151869474000.0,39.244,1.609
Colombia,1978,COL,24950342.0,164779725000.0,41.539,1.665
Colombia,1979,COL,25515627.0,173587376000.0,44.272,1.735
Colombia,1980,COL,26104503.0,180717966000.0,44.18,1.692
Colombia,1981,COL,26713267.0,184572130000.0,44.267,1.657
Colombia,1982,COL,27338334.0,186378548000.0,45.688,1.671
Colombia,1983,COL,27988176.0,189368025000.0,49.218,1.759
Colombia,1984,COL,28642690.0,196136136000.0,48.712,1.701
Colombia,1985,COL,29268470.0,202554132000.0,48.091,1.643
Colombia,1986,COL,29879114.0,214958400000.0,48.768,1.632
Colombia,1987,COL,30499471.0,226482432000.0,50.138,1.644
Colombia,1988,COL,31130530.0,235710466000.0,52.152,1.675
Colombia,1989,COL,31776280.0,243368631000.0,53.1,1.671
Colombia,1990,COL,32440064.0,253538201000.0,56.857,1.753
Colombia,1991,COL,33098373.0,259415683485.0,56.609,1.71
Colombia,1992,COL,33760571.0,270562880339.0,61.341,1.817
Colombia,1993,COL,34441479.0,286025318326.0,63.26,1.837
Colombia,1994,COL,35127408.0,300636179033.0,66.982,1.907
Colombia,1995,COL,35804670.0,316101744239.0,59.35,1.658
Colombia,1996,COL,36462740.0,322403822039.0,59.628,1.635
Colombia,1997,COL,37121155.0,333997136300.0,65.096,1.754
Colombia,1998,COL,37792169.0,335365604121.0,65.56,1.735
Colombia,1999,COL,38454861.0,321583145089.0,55.286,1.438
Colombia,2000,COL,39089939.0,330615619673.0,56.213,1.438
Colombia,2001,COL,39709263.0,336096684249.0,56.465,1.422
Colombia,2002,COL,40324684.0,344517683680.0,55.417,1.374
Colombia,2003,COL,40937426.0,357889195415.0,57.033,1.393
Colombia,2004,COL,41543177.0,376728225954.0,54.324,1.308
Colombia,2005,COL,42128978.0,394076061209.0,60.256,1.43
Colombia,2006,COL,42691081.0,420283862175.0,62.466,1.463
Colombia,2007,COL,43235374.0,448731322364.0,60.67,1.403
Colombia,2008,COL,43758805.0,464038717488.0,66.982,1.531
Colombia,2009,COL,44271543.0,471326580093.0,71.771,1.621
Colombia,2010,COL,44777325.0,489870174161.0,75.431,1.685
Colombia,2011,COL,45259614.0,521323240921.0,75.191,1.661
Colombia,2012,COL,45715807.0,541722649583.0,78.675,1.721
Colombia,2013,COL,46151583.0,569534665242.0,86.445,1.873
Colombia,2014,COL,46565426.0,595158021031.0,92.042,1.977
Colombia,2015,COL,46969938.0,612750891790.0,91.027,1.938
Colombia,2016,COL,47437513.0,625545111723.0,91.583,1.931
Colombia,2017,COL,48131076.0,634046295892.0,83.459,1.734
Colombia,2018,COL,49024463.0,650303209362.0,90.811,1.852
Colombia,2019,COL,49907987.0,671028388046.0,98.962,1.983
Colombia,2020,COL,50629997.0,622365414246.0,92.305,1.823
Colombia,2021,COL,51188174.0,690925195330.0,103.734,2.027
Colombia,2022,COL,51737944.0,742716953392.0,89.437,1.729
Colombia,2023,COL,52321152.0,,89.992,1.72
Colombia,2024,COL,52886360.0,,92.659,1.752
Comoros,1950,COM,161951.0,79032000.0,,
Comoros,1951,COM,165543.0,83503000.0,,
Comoros,1952,COM,168983.0,86086000.0,,
Comoros,1953,COM,172609.0,89647000.0,,
Comoros,1954,COM,176152.0,94400000.0,,
Comoros,1955,COM,179597.0,97744000.0,,
Comoros,1956,COM,182966.0,101202000.0,,
Comoros,1957,COM,186578.0,105165000.0,,
Comoros,1958,COM,190577.0,108150000.0,,
Comoros,1959,COM,194298.0,114381000.0,0.011,0.057
Comoros,1960,COM,197710.0,124257000.0,0.011,0.056
Comoros,1961,COM,201210.0,125477000.0,0.011,0.055
Comoros,1962,COM,204712.0,137088000.0,0.011,0.054
Comoros,1963,COM,208199.0,165816000.0,0.011,0.053
Comoros,1964,COM,211651.0,178488000.0,0.011,0.052
Comoros,1965,COM,214981.0,179220000.0,0.015,0.068
Comoros,1966,COM,218670.0,198644000.0,0.018,0.084
Comoros,1967,COM,223869.0,206584000.0,0.018,0.082
Comoros,1968,COM,230258.0,206944000.0,0.018,0.08
Comoros,1969,COM,237008.0,211140000.0,0.018,0.077
Comoros,1970,COM,244196.0,227757000.0,0.029,0.12
Comoros,1971,COM,251878.0,237656000.0,0.029,0.116
Comoros,1972,COM,260085.0,243432000.0,0.029,0.113
Comoros,1973,COM,268827.0,260554000.0,0.029,0.109
Comoros,1974,COM,278084.0,268068000.0,0.029,0.105
Comoros,1975,COM,287702.0,286488000.0,0.033,0.115
Comoros,1976,COM,297547.0,286556000.0,0.04,0.135
Comoros,1977,COM,307588.0,298494000.0,0.04,0.131
Comoros,1978,COM,317695.0,307516000.0,0.029,0.092
Comoros,1979,COM,327805.0,336567000.0,0.022,0.067
Comoros,1980,COM,337728.0,362100000.0,0.048,0.141
Comoros,1981,COM,347393.0,376188000.0,0.048,0.137
Comoros,1982,COM,357150.0,400144000.0,0.048,0.133
Comoros,1983,COM,367241.0,419385000.0,0.048,0.13
Comoros,1984,COM,377644.0,436832000.0,0.048,0.126
Comoros,1985,COM,388357.0,445046000.0,0.048,0.123
Comoros,1986,COM,399328.0,453544000.0,0.044,0.11
Comoros,1987,COM,410445.0,460749000.0,0.048,0.116
Comoros,1988,COM,421697.0,473472000.0,0.051,0.122
Comoros,1989,COM,433110.0,466468000.0,0.051,0.118
Comoros,1990,COM,444601.0,469560000.0,0.062,0.14
Comoros,1991,COM,455563.0,484441557.0,0.066,0.145
Comoros,1992,COM,465118.0,534666886.0,0.07,0.15
Comoros,1993,COM,473681.0,558102852.0,0.07,0.147
Comoros,1994,COM,482148.0,536542946.0,0.073,0.152
Comoros,1995,COM,490594.0,563630517.0,0.077,0.157
Comoros,1996,COM,499113.0,563951171.0,0.077,0.154
Comoros,1997,COM,507779.0,595856754.0,0.081,0.159
Comoros,1998,COM,516606.0,611159252.0,0.088,0.17
Comoros,1999,COM,525894.0,631495315.0,0.095,0.181
Comoros,2000,COM,536084.0,656399277.0,0.103,0.191
Comoros,2001,COM,547221.0,680582090.0,0.106,0.194
Comoros,2002,COM,558927.0,705937319.0,0.106,0.19
Comoros,2003,COM,569808.0,731630321.0,0.136,0.238
Comoros,2004,COM,580711.0,755848590.0,0.15,0.259
Comoros,2005,COM,592679.0,788522780.0,0.143,0.241
Comoros,2006,COM,604752.0,888321718.0,0.169,0.279
Comoros,2007,COM,616935.0,908328164.0,0.106,0.172
Comoros,2008,COM,629314.0,956653402.0,0.11,0.175
Comoros,2009,COM,641949.0,1004144820.0,0.136,0.211
Comoros,2010,COM,654846.0,1011389038.0,0.161,0.246
Comoros,2011,COM,668064.0,1067838000.0,0.143,0.214
Comoros,2012,COM,681637.0,1112133000.0,0.154,0.226
Comoros,2013,COM,696203.0,1217488000.0,0.183,0.263
Comoros,2014,COM,711512.0,1263249000.0,0.165,0.232
Comoros,2015,COM,726685.0,1324576000.0,0.18,0.247
Comoros,2016,COM,741745.0,1356063486.0,0.205,0.277
Comoros,2017,COM,756672.0,1426021134.0,0.264,0.349
Comoros,2018,COM,771597.0,1479483924.0,0.286,0.37
Comoros,2019,COM,786582.0,1533170985.0,0.311,0.396
Comoros,2020,COM,802172.0,1594579416.0,0.37,0.461
Comoros,2021,COM,818178.0,1639163875.0,0.498,0.609
Comoros,2022,COM,834191.0,1682076951.0,0.532,0.637
Comoros,2023,COM,850390.0,,0.542,0.638
Comoros,2024,COM,866632.0,,0.552,0.637
Congo,1950,COG,835269.0,1398939415.0,0.089,0.106
Congo,1951,COG,853643.0,1450224936.0,0.118,0.139
Congo,1952,COG,872684.0,1502887847.0,0.154,0.176
Congo,1953,COG,892461.0,1557881771.0,0.13,0.145
Congo,1954,COG,913023.0,1615341451.0,0.137,0.15
Congo,1955,COG,934435.0,1675407882.0,0.135,0.145
Congo,1956,COG,956825.0,1736390485.0,0.176,0.184
Congo,1957,COG,980204.0,1800036626.0,0.189,0.193
Congo,1958,COG,1004629.0,1868409069.0,0.216,0.215
Congo,1959,COG,1030164.0,1938843924.0,0.187,0.181
Congo,1960,COG,1056738.0,2003425764.0,0.224,0.212
Congo,1961,COG,1084392.0,2069710197.0,0.267,0.247
Congo,1962,COG,1113180.0,2136716934.0,0.238,0.214
Congo,1963,COG,1143269.0,2207655677.0,0.234,0.205
Congo,1964,COG,1174823.0,2281648443.0,0.267,0.228
Congo,1965,COG,1207886.0,2358845797.0,0.245,0.203
Congo,1966,COG,1242544.0,2483153566.0,0.308,0.248
Congo,1967,COG,1278697.0,2614348181.0,0.322,0.252
Congo,1968,COG,1316525.0,2751623886.0,0.451,0.342
Congo,1969,COG,1356188.0,2896268499.0,0.502,0.37
Congo,1970,COG,1397640.0,3048689469.0,0.572,0.409
Congo,1971,COG,1441047.0,3324551384.0,0.685,0.475
Congo,1972,COG,1486478.0,3461062576.0,0.663,0.446
Congo,1973,COG,1533685.0,4060542120.0,1.22,0.796
Congo,1974,COG,1582304.0,4028233867.0,1.623,1.026
Congo,1975,COG,1627033.0,3990269317.0,1.099,0.676
Congo,1976,COG,1667233.0,4175549098.0,1.235,0.741
Congo,1977,COG,1707572.0,3868349708.0,0.48,0.281
Congo,1978,COG,1748098.0,4102596483.0,0.322,0.184
Congo,1979,COG,1788523.0,4566231055.0,0.348,0.195
Congo,1980,COG,1828991.0,5148435488.0,0.406,0.222
Congo,1981,COG,1869764.0,6248568527.0,0.471,0.252
Congo,1982,COG,1910429.0,7730808658.0,1.343,0.703
Congo,1983,COG,1950328.0,8179162246.0,1.142,0.586
Congo,1984,COG,1999533.0,8786887183.0,1.14,0.57
Congo,1985,COG,2059317.0,8706874325.0,1.275,0.619
Congo,1986,COG,2120604.0,8124671795.0,1.062,0.501
Congo,1987,COG,2183478.0,8162837875.0,1.32,0.605
Congo,1988,COG,2247653.0,8324278525.0,1.493,0.664
Congo,1989,COG,2313562.0,8492042875.0,1.496,0.646
Congo,1990,COG,2380562.0,8597207705.0,1.008,0.423
Congo,1991,COG,2449235.0,9009686346.0,1.083,0.442
Congo,1992,COG,2519467.0,9460341965.0,1.289,0.512
Congo,1993,COG,2595127.0,9584773341.0,1.16,0.447
Congo,1994,COG,2673147.0,9269118406.0,3.384,1.266
Congo,1995,COG,2749464.0,9864798737.0,3.225,1.173
Congo,1996,COG,2826786.0,10738735212.0,4.037,1.428
Congo,1997,COG,2887862.0,10724892959.0,4.831,1.673
Congo,1998,COG,2952062.0,11368414038.0,3.869,1.311
Congo,1999,COG,3032876.0,11329492011.0,3.916,1.291
Congo,2000,COG,3151349.0,12472135877.0,4.284,1.359
Congo,2001,COG,3272542.0,13249308227.0,4.178,1.277
Congo,2002,COG,3350770.0,14180954098.0,2.72,0.812
Congo,2003,COG,3445758.0,14627827623.0,3.258,0.946
Congo,2004,COG,3565565.0,15504146539.0,3.549,0.995
Congo,2005,COG,3696399.0,17078609818.0,4.352,1.177
Congo,2006,COG,3837411.0,18567839817.0,4.786,1.247
Congo,2007,COG,3980430.0,18699065550.0,4.259,1.07
Congo,2008,COG,4113514.0,20270055811.0,4.27,1.038
Congo,2009,COG,4281218.0,22298715246.0,4.944,1.155
Congo,2010,COG,4462304.0,24809062977.0,5.5,1.233
Congo,2011,COG,4609728.0,26249089782.0,5.046,1.095
Congo,2012,COG,4740457.0,28860086022.0,5.018,1.059
Congo,2013,COG,4857104.0,28654592534.0,5.89,1.213
Congo,2014,COG,4975887.0,30579326354.0,5.471,1.1
Congo,2015,COG,5097583.0,29493455123.0,5.637,1.106
Congo,2016,COG,5222545.0,26313174327.0,5.727,1.097
Congo,2017,COG,5351013.0,25159867387.0,5.651,1.056
Congo,2018,COG,5483128.0,23950933949.0,6.545,1.194
Congo,2019,COG,5616656.0,24196673159.0,7.294,1.299
Congo,2020,COG,5752792.0,22696964187.0,7.677,1.335
Congo,2021,COG,5892187.0,23037421913.0,7.393,1.255
Congo,2022,COG,6035104.0,23679011891.0,8.728,1.446
Congo,2023,COG,6182890.0,,8.274,1.338
Congo,2024,COG,6332969.0,,8.84,1.396
Cook Islands,1950,COK,14714.0,,,
Cook Islands,1951,COK,15075.0,,,
Cook Islands,1952,COK,15363.0,,,
Cook Islands,1953,COK,15631.0,,,
Cook Islands,1954,COK,15908.0,,,
Cook Islands,1955,COK,16189.0,,,
Cook Islands,1956,COK,16455.0,,,
Cook Islands,1957,COK,16710.0,,,
Cook Islands,1958,COK,16988.0,,,
Cook Islands,1959,COK,17315.0,,,
Cook Islands,1960,COK,17685.0,,,
Cook Islands,1961,COK,18060.0,,,
Cook Islands,1962,COK,18310.0,,,
Cook Islands,1963,COK,18445.0,,,
Cook Islands,1964,COK,18609.0,,,
Cook Islands,1965,COK,18804.0,,,
Cook Islands,1966,COK,19039.0,,,
Cook Islands,1967,COK,19348.0,,,
Cook Islands,1968,COK,19712.0,,,
Cook Islands,1969,COK,20100.0,,0.011,0.547
Cook Islands,1970,COK,20512.0,,0.011,0.536
Cook Islands,1971,COK,20889.0,,0.011,0.526
Cook Islands,1972,COK,20795.0,,0.011,0.529
Cook Islands,1973,COK,20211.0,,0.011,0.544
Cook Islands,1974,COK,19583.0,,0.011,0.561
Cook Islands,1975,COK,18920.0,,0.015,0.775
Cook Islands,1976,COK,18270.0,,0.015,0.802
Cook Islands,1977,COK,17933.0,,0.029,1.635
Cook Islands,1978,COK,17872.0,,0.029,1.64
Cook Islands,1979,COK,17799.0,,0.026,1.441
Cook Islands,1980,COK,17719.0,,0.029,1.654
Cook Islands,1981,COK,17623.0,,0.066,3.742
Cook Islands,1982,COK,17498.0,,0.051,2.932
Cook Islands,1983,COK,17304.0,,0.051,2.964
Cook Islands,1984,COK,17085.0,,0.022,1.287
Cook Islands,1985,COK,16853.0,,0.022,1.304
Cook Islands,1986,COK,16626.0,,0.022,1.322
Cook Islands,1987,COK,16601.0,,0.022,1.324
Cook Islands,1988,COK,16771.0,,0.022,1.311
Cook Islands,1989,COK,16958.0,,0.022,1.296
Cook Islands,1990,COK,17146.0,,0.04,2.351
Cook Islands,1991,COK,17329.0,,0.04,2.326
Cook Islands,1992,COK,17495.0,,0.04,2.304
Cook Islands,1993,COK,17615.0,,0.044,2.496
Cook Islands,1994,COK,17710.0,,0.044,2.483
Cook Islands,1995,COK,17801.0,,0.044,2.47
Cook Islands,1996,COK,17880.0,,0.051,2.869
Cook Islands,1997,COK,17648.0,,0.051,2.907
Cook Islands,1998,COK,17102.0,,0.051,2.999
Cook Islands,1999,COK,16508.0,,0.051,3.107
Cook Islands,2000,COK,15876.0,,0.051,3.231
Cook Islands,2001,COK,15259.0,,0.055,3.602
Cook Islands,2002,COK,14994.0,,0.044,2.932
Cook Islands,2003,COK,15049.0,,0.048,3.165
Cook Islands,2004,COK,15103.0,,0.051,3.396
Cook Islands,2005,COK,15153.0,,0.059,3.869
Cook Islands,2006,COK,15233.0,,0.066,4.33
Cook Islands,2007,COK,15519.0,,0.066,4.25
Cook Islands,2008,COK,16003.0,,0.066,4.121
Cook Islands,2009,COK,16497.0,,0.062,3.776
Cook Islands,2010,COK,17000.0,,0.07,4.095
Cook Islands,2011,COK,17480.0,,0.077,4.402
Cook Islands,2012,COK,17690.0,,0.081,4.557
Cook Islands,2013,COK,17629.0,,0.081,4.572
Cook Islands,2014,COK,17556.0,,0.081,4.591
Cook Islands,2015,COK,17471.0,,0.077,4.404
Cook Islands,2016,COK,17360.0,,0.077,4.432
Cook Islands,2017,COK,17066.0,,0.077,4.509
Cook Islands,2018,COK,16623.0,,0.077,4.629
Cook Islands,2019,COK,16151.0,,0.081,4.991
Cook Islands,2020,COK,15664.0,,0.066,4.21
Cook Islands,2021,COK,15205.0,,0.073,4.819
Cook Islands,2022,COK,14747.0,,0.077,5.218
Cook Islands,2023,COK,14244.0,,0.077,5.376
Cook Islands,2024,COK,13750.0,,0.08,5.824
Costa Rica,1950,CRI,926761.0,2712786661.0,0.286,0.309
Costa Rica,1951,CRI,958418.0,2784494955.0,0.312,0.326
Costa Rica,1952,CRI,991800.0,3121688345.0,0.388,0.392
Costa Rica,1953,CRI,1027010.0,3596807663.0,0.432,0.421
Costa Rica,1954,CRI,1064117.0,3626325153.0,0.407,0.382
Costa Rica,1955,CRI,1103056.0,4045617153.0,0.348,0.316
Costa Rica,1956,CRI,1143854.0,3930827065.0,0.484,0.423
Costa Rica,1957,CRI,1186638.0,4265670687.0,0.462,0.389
Costa Rica,1958,CRI,1231561.0,4793101845.0,0.447,0.363
Costa Rica,1959,CRI,1278593.0,4969812657.0,0.385,0.301
Costa Rica,1960,CRI,1327501.0,5401439097.0,0.491,0.37
Costa Rica,1961,CRI,1377918.0,5627187736.0,0.491,0.356
Costa Rica,1962,CRI,1429445.0,5971285145.0,0.55,0.384
Costa Rica,1963,CRI,1481605.0,6483681159.0,0.601,0.406
Costa Rica,1964,CRI,1533966.0,6797668291.0,0.674,0.439
Costa Rica,1965,CRI,1586214.0,7412735617.0,0.846,0.533
Costa Rica,1966,CRI,1638119.0,7989129392.0,0.992,0.606
Costa Rica,1967,CRI,1689534.0,8480571564.0,0.875,0.518
Costa Rica,1968,CRI,1739734.0,9132864957.0,1.036,0.596
Costa Rica,1969,CRI,1789281.0,9739628159.0,1.146,0.641
Costa Rica,1970,CRI,1838946.0,10385369328.0,1.249,0.679
Costa Rica,1971,CRI,1888548.0,11069157479.0,1.527,0.809
Costa Rica,1972,CRI,1938261.0,12043601078.0,1.761,0.909
Costa Rica,1973,CRI,1988348.0,12983465175.0,2.043,1.028
Costa Rica,1974,CRI,2039649.0,13680072937.0,1.904,0.934
Costa Rica,1975,CRI,2092716.0,13955000752.0,2.036,0.973
Costa Rica,1976,CRI,2147772.0,14712735546.0,2.082,0.969
Costa Rica,1977,CRI,2205035.0,16028490351.0,2.607,1.182
Costa Rica,1978,CRI,2264516.0,17019344581.0,2.911,1.286
Costa Rica,1979,CRI,2326490.0,17863040050.0,2.78,1.195
Costa Rica,1980,CRI,2390641.0,17997542855.0,2.447,1.024
Costa Rica,1981,CRI,2456643.0,17587702729.0,2.235,0.91
Costa Rica,1982,CRI,2524811.0,16366901234.0,2.069,0.82
Costa Rica,1983,CRI,2595155.0,16819422463.0,2.088,0.804
Costa Rica,1984,CRI,2667597.0,18139501340.0,1.979,0.742
Costa Rica,1985,CRI,2741903.0,18289864473.0,2.24,0.817
Costa Rica,1986,CRI,2817219.0,19298688252.0,2.575,0.914
Costa Rica,1987,CRI,2892698.0,20217435484.0,2.721,0.941
Costa Rica,1988,CRI,2968102.0,20903191743.0,2.903,0.978
Costa Rica,1989,CRI,3043826.0,22103439766.0,2.93,0.963
Costa Rica,1990,CRI,3121707.0,22906633594.0,2.909,0.932
Costa Rica,1991,CRI,3202182.0,23392535070.0,3.282,1.025
Costa Rica,1992,CRI,3284261.0,25455642664.0,3.735,1.137
Costa Rica,1993,CRI,3367436.0,27068748885.0,3.881,1.153
Costa Rica,1994,CRI,3451122.0,28250615652.0,5.188,1.503
Costa Rica,1995,CRI,3535179.0,29404437442.0,4.789,1.355
Costa Rica,1996,CRI,3619012.0,29695504987.0,4.673,1.291
Costa Rica,1997,CRI,3701713.0,31327517132.0,4.9,1.324
Costa Rica,1998,CRI,3782840.0,33453800269.0,5.214,1.378
Costa Rica,1999,CRI,3862103.0,34758013094.0,5.415,1.402
Costa Rica,2000,CRI,3937737.0,36043077867.0,5.367,1.363
Costa Rica,2001,CRI,4008951.0,37338984417.0,5.638,1.406
Costa Rica,2002,CRI,4075710.0,38566391693.0,6.214,1.525
Costa Rica,2003,CRI,4138791.0,40104618605.0,6.551,1.583
Costa Rica,2004,CRI,4200079.0,41810218746.0,6.797,1.618
Costa Rica,2005,CRI,4261240.0,43414436973.0,6.66,1.563
Costa Rica,2006,CRI,4321337.0,46549505108.0,6.976,1.614
Costa Rica,2007,CRI,4380250.0,50253055044.0,7.907,1.805
Costa Rica,2008,CRI,4440058.0,52514579539.0,7.934,1.787
Costa Rica,2009,CRI,4499788.0,51990443852.0,7.693,1.71
Costa Rica,2010,CRI,4555965.0,54669051273.0,7.461,1.638
Costa Rica,2011,CRI,4609834.0,56719502938.0,7.276,1.578
Costa Rica,2012,CRI,4663930.0,59489116143.0,7.217,1.547
Costa Rica,2013,CRI,4716153.0,60973369897.0,7.584,1.608
Costa Rica,2014,CRI,4767126.0,63133053443.0,7.702,1.616
Costa Rica,2015,CRI,4818045.0,65438671759.0,7.353,1.526
Costa Rica,2016,CRI,4867003.0,68189707920.0,7.829,1.609
Costa Rica,2017,CRI,4913177.0,71025038908.0,7.987,1.626
Costa Rica,2018,CRI,4957813.0,72883048113.0,7.967,1.607
Costa Rica,2019,CRI,4999549.0,74645366733.0,7.66,1.532
Costa Rica,2020,CRI,5034323.0,71455765338.0,6.754,1.342
Costa Rica,2021,CRI,5059991.0,77015741091.0,7.665,1.515
Costa Rica,2022,CRI,5081764.0,80345898158.0,8.01,1.576
Costa Rica,2023,CRI,5105526.0,,8.473,1.659
Costa Rica,2024,CRI,5129909.0,,8.76,1.708
Cote d'Ivoire,1950,CIV,2735187.0,4745217934.0,0.551,0.202
Cote d'Ivoire,1951,CIV,2809368.0,4919866135.0,0.461,0.164
Cote d'Ivoire,1952,CIV,2885718.0,5102610639.0,0.515,0.179
Cote d'Ivoire,1953,CIV,2965133.0,5287693706.0,0.428,0.144
Cote d'Ivoire,1954,CIV,3048539.0,5481269389.0,0.505,0.165
Cote d'Ivoire,1955,CIV,3136631.0,5683028955.0,0.503,0.16
Cote d'Ivoire,1956,CIV,3230013.0,5894115726.0,0.582,0.18
Cote d'Ivoire,1957,CIV,3329283.0,6111600000.0,0.596,0.179
Cote d'Ivoire,1958,CIV,3435088.0,6339347813.0,0.498,0.145
Cote d'Ivoire,1959,CIV,3548954.0,6572868992.0,0.546,0.154
Cote d'Ivoire,1960,CIV,3673672.0,7159305962.0,0.462,0.126
Cote d'Ivoire,1961,CIV,3810152.0,7832815921.0,0.553,0.145
Cote d'Ivoire,1962,CIV,3956950.0,8177585007.0,0.586,0.148
Cote d'Ivoire,1963,CIV,4112070.0,9515745233.0,0.623,0.151
Cote d'Ivoire,1964,CIV,4273955.0,11224263489.0,0.762,0.178
Cote d'Ivoire,1965,CIV,4442384.0,10978052695.0,1.172,0.264
Cote d'Ivoire,1966,CIV,4617522.0,11842559992.0,1.238,0.268
Cote d'Ivoire,1967,CIV,4799743.0,12018789929.0,1.359,0.283
Cote d'Ivoire,1968,CIV,4990023.0,13895567567.0,1.598,0.32
Cote d'Ivoire,1969,CIV,5192227.0,14503653004.0,1.891,0.364
Cote d'Ivoire,1970,CIV,5411573.0,16078718809.0,2.242,0.414
Cote d'Ivoire,1971,CIV,5650875.0,16881039621.0,2.455,0.434
Cote d'Ivoire,1972,CIV,5909721.0,17817495471.0,2.711,0.459
Cote d'Ivoire,1973,CIV,6184949.0,19227564918.0,2.876,0.465
Cote d'Ivoire,1974,CIV,6474062.0,19781459252.0,3.243,0.501
Cote d'Ivoire,1975,CIV,6776303.0,19770904255.0,3.986,0.588
Cote d'Ivoire,1976,CIV,7057963.0,22128316136.0,3.961,0.561
Cote d'Ivoire,1977,CIV,7321955.0,23179390018.0,4.052,0.553
Cote d'Ivoire,1978,CIV,7603134.0,25469899369.0,4.814,0.633
Cote d'Ivoire,1979,CIV,7902266.0,25962589298.0,5.419,0.686
Cote d'Ivoire,1980,CIV,8220717.0,27953880371.0,5.569,0.677
Cote d'Ivoire,1981,CIV,8556600.0,28926659517.0,3.866,0.452
Cote d'Ivoire,1982,CIV,8907942.0,28992515744.0,5.555,0.624
Cote d'Ivoire,1983,CIV,9272742.0,27868329014.0,4.518,0.487
Cote d'Ivoire,1984,CIV,9650523.0,26931153084.0,5.133,0.532
Cote d'Ivoire,1985,CIV,10040486.0,28257154628.0,6.984,0.696
Cote d'Ivoire,1986,CIV,10440924.0,29115383220.0,5.577,0.534
Cote d'Ivoire,1987,CIV,10851481.0,28640502713.0,7.35,0.677
Cote d'Ivoire,1988,CIV,11275194.0,28134702679.0,8.805,0.781
Cote d'Ivoire,1989,CIV,11719774.0,27953507000.0,8.266,0.705
Cote d'Ivoire,1990,CIV,12189780.0,26018496693.0,4.782,0.392
Cote d'Ivoire,1991,CIV,12683875.0,26972060608.0,4.309,0.34
Cote d'Ivoire,1992,CIV,13200313.0,27466934209.0,3.844,0.291
Cote d'Ivoire,1993,CIV,13735955.0,28127565766.0,5.093,0.371
Cote d'Ivoire,1994,CIV,14287211.0,29026826745.0,4.133,0.289
Cote d'Ivoire,1995,CIV,14855566.0,31414510714.0,6.225,0.419
Cote d'Ivoire,1996,CIV,15442322.0,34617707279.0,7.526,0.487
Cote d'Ivoire,1997,CIV,16047178.0,37316438035.0,7.211,0.449
Cote d'Ivoire,1998,CIV,16663948.0,39915308009.0,6.748,0.405
Cote d'Ivoire,1999,CIV,17215937.0,41352107617.0,6.095,0.354
Cote d'Ivoire,2000,CIV,17699007.0,41297593671.0,6.63,0.375
Cote d'Ivoire,2001,CIV,18178920.0,42194161007.0,7.653,0.421
Cote d'Ivoire,2002,CIV,18654772.0,42379148241.0,7.45,0.399
Cote d'Ivoire,2003,CIV,19125546.0,42761562091.0,5.301,0.277
Cote d'Ivoire,2004,CIV,19594997.0,44320594821.0,7.386,0.377
Cote d'Ivoire,2005,CIV,20068468.0,46182121378.0,7.568,0.377
Cote d'Ivoire,2006,CIV,20546808.0,48079711067.0,6.887,0.335
Cote d'Ivoire,2007,CIV,21030558.0,50213105655.0,6.653,0.316
Cote d'Ivoire,2008,CIV,21514446.0,52842644609.0,6.713,0.312
Cote d'Ivoire,2009,CIV,21997936.0,55907844337.0,5.66,0.257
Cote d'Ivoire,2010,CIV,22488068.0,58369987439.0,6.225,0.277
Cote d'Ivoire,2011,CIV,22982003.0,57051170312.0,6.523,0.284
Cote d'Ivoire,2012,CIV,23467083.0,63249209930.0,8.54,0.364
Cote d'Ivoire,2013,CIV,23939775.0,69113673482.0,9.68,0.404
Cote d'Ivoire,2014,CIV,24527393.0,75191536255.0,9.903,0.404
Cote d'Ivoire,2015,CIV,25246347.0,81840720288.0,9.555,0.378
Cote d'Ivoire,2016,CIV,25989404.0,87711151924.0,11.979,0.461
Cote d'Ivoire,2017,CIV,26733376.0,93099253173.0,12.002,0.449
Cote d'Ivoire,2018,CIV,27464175.0,96591406762.0,10.415,0.379
Cote d'Ivoire,2019,CIV,28193014.0,104618149506.0,10.539,0.374
Cote d'Ivoire,2020,CIV,28915452.0,106396657387.0,11.019,0.381
Cote d'Ivoire,2021,CIV,29639737.0,113844428305.0,13.666,0.461
Cote d'Ivoire,2022,CIV,30395004.0,121471995793.0,14.504,0.477
Cote d'Ivoire,2023,CIV,31165653.0,,14.052,0.451
Cote d'Ivoire,2024,CIV,31934229.0,,14.829,0.464
Croatia,1950,HRV,3864992.0,,2.939,0.76
Croatia,1951,HRV,3911673.0,,2.782,0.711
Croatia,1952,HRV,3957409.0,10629543012.0,2.789,0.705
Croatia,1953,HRV,4006128.0,11531914488.0,2.774,0.692
Croatia,1954,HRV,4048121.0,12547184268.0,3.312,0.818
Croatia,1955,HRV,4080737.0,14829266520.0,3.793,0.929
Croatia,1956,HRV,4110129.0,14161346912.0,4.342,1.057
Croatia,1957,HRV,4136705.0,16775189887.0,4.711,1.139
Croatia,1958,HRV,4160698.0,17157264490.0,4.641,1.116
Croatia,1959,HRV,4182085.0,18655728320.0,5.326,1.274
Croatia,1960,HRV,4200272.0,20451146813.0,5.821,1.386
Croatia,1961,HRV,4223431.0,21915614594.0,6.109,1.447
Croatia,1962,HRV,4255020.0,22457751878.0,6.269,1.473
Croatia,1963,HRV,4287267.0,24832847001.0,6.975,1.627
Croatia,1964,HRV,4317755.0,27112429290.0,7.908,1.831
Croatia,1965,HRV,4346708.0,27862662854.0,8.144,1.874
Croatia,1966,HRV,4374307.0,29855483281.0,8.072,1.845
Croatia,1967,HRV,4400271.0,30815171369.0,8.161,1.855
Croatia,1968,HRV,4423830.0,32123985013.0,8.73,1.973
Croatia,1969,HRV,4444451.0,34482321363.0,9.054,2.037
Croatia,1970,HRV,4462673.0,36801360540.0,11.841,2.653
Croatia,1971,HRV,4480165.0,39688192089.0,12.755,2.847
Croatia,1972,HRV,4497888.0,40693961174.0,11.937,2.654
Croatia,1973,HRV,4515760.0,42215366039.0,14.279,3.162
Croatia,1974,HRV,4533946.0,45795433690.0,14.335,3.162
Croatia,1975,HRV,4552725.0,47030515000.0,14.951,3.284
Croatia,1976,HRV,4571754.0,49159701262.0,15.427,3.374
Croatia,1977,HRV,4590620.0,53486763266.0,14.996,3.267
Croatia,1978,HRV,4609021.0,57692697617.0,16.764,3.637
Croatia,1979,HRV,4626955.0,61292449060.0,18.238,3.942
Croatia,1980,HRV,4643900.0,62207919000.0,17.926,3.86
Croatia,1981,HRV,4664258.0,62270738318.0,19.48,4.176
Croatia,1982,HRV,4689152.0,62329998581.0,17.891,3.815
Croatia,1983,HRV,4712882.0,61328653245.0,19.267,4.088
Croatia,1984,HRV,4734489.0,62647908871.0,20.321,4.292
Croatia,1985,HRV,4754549.0,62708913887.0,20.731,4.36
Croatia,1986,HRV,4773054.0,64464776156.0,21.657,4.537
Croatia,1987,HRV,4790208.0,64403661061.0,21.139,4.413
Croatia,1988,HRV,4806029.0,63841651824.0,21.82,4.54
Croatia,1989,HRV,4820729.0,62835000341.0,21.752,4.512
Croatia,1990,HRV,4835067.0,58374079130.0,22.885,4.733
Croatia,1991,HRV,4825159.0,46751295520.0,16.999,3.523
Croatia,1992,HRV,4782235.0,41906545003.0,16.379,3.425
Croatia,1993,HRV,4729734.0,39138894948.0,16.811,3.554
Croatia,1994,HRV,4675517.0,42079800726.0,16.055,3.434
Croatia,1995,HRV,4619362.0,45617097590.0,16.814,3.64
Croatia,1996,HRV,4562290.0,48751845543.0,17.338,3.8
Croatia,1997,HRV,4504627.0,52770093719.0,18.569,4.122
Croatia,1998,HRV,4445669.0,54840833756.0,19.04,4.283
Croatia,1999,HRV,4385823.0,55058853604.0,20.082,4.579
Croatia,2000,HRV,4326105.0,57398794775.0,19.653,4.543
Croatia,2001,HRV,4301079.0,57633269426.0,20.776,4.83
Croatia,2002,HRV,4305783.0,61317061359.0,21.916,5.09
Croatia,2003,HRV,4306683.0,65731224853.0,23.226,5.393
Croatia,2004,HRV,4310050.0,69483828958.0,22.853,5.302
Croatia,2005,HRV,4313946.0,73522772944.0,23.296,5.4
Croatia,2006,HRV,4315802.0,78256427771.0,23.496,5.444
Croatia,2007,HRV,4315959.0,83591431787.0,24.802,5.747
Croatia,2008,HRV,4314635.0,86620961215.0,23.516,5.45
Croatia,2009,HRV,4310537.0,81451695571.0,21.752,5.046
Croatia,2010,HRV,4301150.0,81303793822.0,20.978,4.877
Croatia,2011,HRV,4280827.0,82302805353.0,20.615,4.816
Croatia,2012,HRV,4259233.0,80383800465.0,19.05,4.473
Croatia,2013,HRV,4242403.0,80064089923.0,18.401,4.337
Croatia,2014,HRV,4219485.0,79720242860.0,17.65,4.183
Croatia,2015,HRV,4183732.0,81731110395.0,17.794,4.253
Croatia,2016,HRV,4136438.0,84640158587.0,18.079,4.371
Croatia,2017,HRV,4079198.0,87528490789.0,18.713,4.587
Croatia,2018,HRV,4024868.0,89979865983.0,17.695,4.396
Croatia,2019,HRV,3986338.0,93057982684.0,17.82,4.47
Croatia,2020,HRV,3953956.0,85073361985.0,16.87,4.267
Croatia,2021,HRV,3924607.0,96194363488.0,17.403,4.434
Croatia,2022,HRV,3907031.0,102284645672.0,17.585,4.501
Croatia,2023,HRV,3896023.0,,18.468,4.74
Croatia,2024,HRV,3875325.0,,18.465,4.765
Cuba,1950,CUB,5924519.0,15260830000.0,5.641,0.952
Cuba,1951,CUB,6042205.0,15696288000.0,6.469,1.071
Cuba,1952,CUB,6162183.0,17086752000.0,6.282,1.019
Cuba,1953,CUB,6285749.0,16002819000.0,6.191,0.985
Cuba,1954,CUB,6412849.0,16329194000.0,5.949,0.928
Cuba,1955,CUB,6543104.0,16833078000.0,6.777,1.036
Cuba,1956,CUB,6676062.0,17845620000.0,5.842,0.875
Cuba,1957,CUB,6811726.0,19405002000.0,13.866,2.036
Cuba,1958,CUB,6950291.0,19761486000.0,17.995,2.589
Cuba,1959,CUB,7092337.0,20744406000.0,15.665,2.209
Cuba,1960,CUB,7238083.0,21038838000.0,13.687,1.891
Cuba,1961,CUB,7387120.0,21887112000.0,12.168,1.647
Cuba,1962,CUB,7541103.0,21573396000.0,14.155,1.877
Cuba,1963,CUB,7701665.0,21933570000.0,13.026,1.691
Cuba,1964,CUB,7866016.0,24038696000.0,14.279,1.815
Cuba,1965,CUB,8030806.0,24117280000.0,14.594,1.817
Cuba,1966,CUB,8193453.0,25432225000.0,15.169,1.851
Cuba,1967,CUB,8352627.0,28396971000.0,15.737,1.884
Cuba,1968,CUB,8509522.0,26749036000.0,16.02,1.883
Cuba,1969,CUB,8666638.0,26416677000.0,17.243,1.99
Cuba,1970,CUB,8824389.0,25423968000.0,18.654,2.114
Cuba,1971,CUB,8979089.0,27402709000.0,19.589,2.182
Cuba,1972,CUB,9123895.0,28723990000.0,20.777,2.277
Cuba,1973,CUB,9255332.0,31374000000.0,22.375,2.418
Cuba,1974,CUB,9374184.0,33025959000.0,22.888,2.442
Cuba,1975,CUB,9479729.0,34668371000.0,27.039,2.852
Cuba,1976,CUB,9571240.0,35656548000.0,27.197,2.842
Cuba,1977,CUB,9648443.0,37306542000.0,29.374,3.044
Cuba,1978,CUB,9711985.0,39617820000.0,30.661,3.157
Cuba,1979,CUB,9763358.0,40596015000.0,31.685,3.245
Cuba,1980,CUB,9804798.0,39614688000.0,31.374,3.2
Cuba,1981,CUB,9849325.0,42900520000.0,32.723,3.322
Cuba,1982,CUB,9912681.0,43936704000.0,34.527,3.483
Cuba,1983,CUB,9991027.0,46518335000.0,30.821,3.085
Cuba,1984,CUB,10073306.0,50424133000.0,32.581,3.234
Cuba,1985,CUB,10157229.0,51630080000.0,32.556,3.205
Cuba,1986,CUB,10244250.0,51678725000.0,33.547,3.275
Cuba,1987,CUB,10335337.0,50233473000.0,33.933,3.283
Cuba,1988,CUB,10432590.0,51847708000.0,35.616,3.414
Cuba,1989,CUB,10533249.0,52350599000.0,35.719,3.391
Cuba,1990,CUB,10631796.0,49943661000.0,29.638,2.788
Cuba,1991,CUB,10717640.0,42598295390.0,26.961,2.516
Cuba,1992,CUB,10785807.0,36651621015.0,20.754,1.924
Cuba,1993,CUB,10841040.0,28833506799.0,19.79,1.825
Cuba,1994,CUB,10886022.0,29226990747.0,21.426,1.968
Cuba,1995,CUB,10925362.0,31242330737.0,22.868,2.093
Cuba,1996,CUB,10962009.0,35625751288.0,23.304,2.126
Cuba,1997,CUB,10997933.0,37729137308.0,24.824,2.257
Cuba,1998,CUB,11034716.0,37789591716.0,24.309,2.203
Cuba,1999,CUB,11072230.0,40250898358.0,24.489,2.212
Cuba,2000,CUB,11109112.0,44692111238.0,25.299,2.277
Cuba,2001,CUB,11144134.0,47301967982.0,24.681,2.215
Cuba,2002,CUB,11177422.0,48976944311.0,25.179,2.253
Cuba,2003,CUB,11209379.0,50659542457.0,25.554,2.28
Cuba,2004,CUB,11238756.0,51357046933.0,24.54,2.183
Cuba,2005,CUB,11262553.0,53114045326.0,25.706,2.282
Cuba,2006,CUB,11278550.0,61018245782.0,26.781,2.375
Cuba,2007,CUB,11287274.0,63463487934.0,25.724,2.279
Cuba,2008,CUB,11291764.0,67603097135.0,27.738,2.456
Cuba,2009,CUB,11294719.0,70355905283.0,28.261,2.502
Cuba,2010,CUB,11297414.0,74083580619.0,33.042,2.925
Cuba,2011,CUB,11301578.0,78036992000.0,29.076,2.573
Cuba,2012,CUB,11303172.0,80388156000.0,29.476,2.608
Cuba,2013,CUB,11298163.0,83013750000.0,27.894,2.469
Cuba,2014,CUB,11285780.0,85723464000.0,27.366,2.425
Cuba,2015,CUB,11275069.0,88467246000.0,29.091,2.58
Cuba,2016,CUB,11265615.0,88635596816.0,27.772,2.465
Cuba,2017,CUB,11247824.0,90020495157.0,24.559,2.183
Cuba,2018,CUB,11227116.0,91854653880.0,23.019,2.05
Cuba,2019,CUB,11202847.0,91703236400.0,22.487,2.007
Cuba,2020,CUB,11176349.0,81663255167.0,21.281,1.904
Cuba,2021,CUB,11122169.0,82687389665.0,22.549,2.027
Cuba,2022,CUB,11059822.0,84154971449.0,23.259,2.103
Cuba,2023,CUB,11019932.0,,23.47,2.13
Cuba,2024,CUB,10979781.0,,24.44,2.226
Curacao,1950,CUW,101781.0,,6.132,60.252
Curacao,1951,CUW,104422.0,,9.672,92.622
Curacao,1952,CUW,107182.0,,5.584,52.102
Curacao,1953,CUW,110061.0,,6.463,58.723
Curacao,1954,CUW,113030.0,,13.073,115.662
Curacao,1955,CUW,116117.0,,10.814,93.128
Curacao,1956,CUW,119319.0,,13.986,117.212
Curacao,1957,CUW,122607.0,,9.552,77.91
Curacao,1958,CUW,125993.0,,8.367,66.412
Curacao,1959,CUW,129454.0,,10.771,83.202
Curacao,1960,CUW,132198.0,,9.261,70.058
Curacao,1961,CUW,134313.0,,9.666,71.963
Curacao,1962,CUW,136469.0,,10.615,77.781
Curacao,1963,CUW,138536.0,,10.168,73.394
Curacao,1964,CUW,140541.0,,9.886,70.343
Curacao,1965,CUW,142471.0,,8.87,62.255
Curacao,1966,CUW,144331.0,,8.294,57.465
Curacao,1967,CUW,146110.0,,10.217,69.925
Curacao,1968,CUW,147813.0,,9.5,64.272
Curacao,1969,CUW,149407.0,,12.433,83.218
Curacao,1970,CUW,150885.0,,13.906,92.163
Curacao,1971,CUW,152199.0,,12.103,79.519
Curacao,1972,CUW,153294.0,,11.735,76.554
Curacao,1973,CUW,154096.0,,13.018,84.481
Curacao,1974,CUW,154689.0,,11.8,76.279
Curacao,1975,CUW,155208.0,,8.545,55.056
Curacao,1976,CUW,155635.0,,18.254,117.284
Curacao,1977,CUW,155980.0,,9.534,61.123
Curacao,1978,CUW,156265.0,,8.119,51.96
Curacao,1979,CUW,156492.0,,8.517,54.428
Curacao,1980,CUW,156665.0,,8.765,55.951
Curacao,1981,CUW,156805.0,,8.349,53.245
Curacao,1982,CUW,156850.0,,9.335,59.515
Curacao,1983,CUW,156837.0,,4.798,30.59
Curacao,1984,CUW,156797.0,,11.98,76.406
Curacao,1985,CUW,156713.0,,14.022,89.478
Curacao,1986,CUW,156598.0,,2.688,17.166
Curacao,1987,CUW,156456.0,,2.39,15.275
Curacao,1988,CUW,156259.0,,2.354,15.066
Curacao,1989,CUW,156031.0,,4.481,28.721
Curacao,1990,CUW,155750.0,,4.799,30.813
Curacao,1991,CUW,155455.0,,3.83,24.634
Curacao,1992,CUW,155101.0,,3.155,20.342
Curacao,1993,CUW,154504.0,,4.87,31.523
Curacao,1994,CUW,153677.0,,4.669,30.384
Curacao,1995,CUW,152705.0,,4.621,30.259
Curacao,1996,CUW,151582.0,,4.322,28.515
Curacao,1997,CUW,150316.0,,4.523,30.093
Curacao,1998,CUW,148874.0,,0.25,1.677
Curacao,1999,CUW,147276.0,,1.871,12.704
Curacao,2000,CUW,145540.0,,4.964,34.11
Curacao,2001,CUW,144758.0,,5.055,34.922
Curacao,2002,CUW,145911.0,,4.874,33.401
Curacao,2003,CUW,147923.0,,4.877,32.969
Curacao,2004,CUW,149805.0,,5.117,34.157
Curacao,2005,CUW,151324.0,,5.071,33.514
Curacao,2006,CUW,152516.0,,5.285,34.655
Curacao,2007,CUW,153672.0,,5.95,38.72
Curacao,2008,CUW,154784.0,,5.723,36.975
Curacao,2009,CUW,155832.0,,5.856,37.58
Curacao,2010,CUW,156881.0,,4.034,25.713
Curacao,2011,CUW,158572.0,,5.146,32.452
Curacao,2012,CUW,160904.0,,6.287,39.076
Curacao,2013,CUW,163122.0,,5.932,36.366
Curacao,2014,CUW,165041.0,,6.797,41.182
Curacao,2015,CUW,166621.0,,7.332,44.002
Curacao,2016,CUW,167787.0,,6.203,36.97
Curacao,2017,CUW,168525.0,,4.968,29.482
Curacao,2018,CUW,181590.0,,4.324,23.809
Curacao,2019,CUW,189555.0,,2.396,12.641
Curacao,2020,CUW,185029.0,,2.008,10.852
Curacao,2021,CUW,185324.0,,2.14,11.546
Curacao,2022,CUW,185350.0,,2.209,11.92
Curacao,2023,CUW,185437.0,,2.205,11.89
Curacao,2024,CUW,185482.0,,2.29,12.344
Cyprus,1950,CYP,493883.0,1425190000.0,0.267,0.542
Cyprus,1951,CYP,501062.0,1396564000.0,0.282,0.563
Cyprus,1952,CYP,508693.0,1532636000.0,0.315,0.619
Cyprus,1953,CYP,516733.0,1686110000.0,0.366,0.709
Cyprus,1954,CYP,525118.0,1719101000.0,0.443,0.844
Cyprus,1955,CYP,533874.0,1780800000.0,0.451,0.844
Cyprus,1956,CYP,543081.0,1976768000.0,0.674,1.241
Cyprus,1957,CYP,552831.0,2101008000.0,0.817,1.477
Cyprus,1958,CYP,563291.0,2042280000.0,0.765,1.359
Cyprus,1959,CYP,574569.0,2162538000.0,0.831,1.447
Cyprus,1960,CYP,586493.0,2003208000.0,0.886,1.511
Cyprus,1961,CYP,595522.0,2225101546.0,0.864,1.451
Cyprus,1962,CYP,601471.0,2425536000.0,0.905,1.504
Cyprus,1963,CYP,607254.0,2575512846.0,0.985,1.622
Cyprus,1964,CYP,612531.0,2328991500.0,1.0,1.633
Cyprus,1965,CYP,617743.0,2850609941.0,1.15,1.862
Cyprus,1966,CYP,623394.0,3024385000.0,1.242,1.992
Cyprus,1967,CYP,629255.0,3435760939.0,1.362,2.165
Cyprus,1968,CYP,635164.0,3593772027.0,1.622,2.554
Cyprus,1969,CYP,641196.0,3928192557.0,1.67,2.604
Cyprus,1970,CYP,647443.0,4050213839.0,1.703,2.63
Cyprus,1971,CYP,654058.0,4575363509.0,1.884,2.88
Cyprus,1972,CYP,661067.0,4890776604.0,2.406,3.639
Cyprus,1973,CYP,665946.0,5016050893.0,2.504,3.759
Cyprus,1974,CYP,663265.0,4166472179.0,1.929,2.908
Cyprus,1975,CYP,659408.0,3374844000.0,1.991,3.019
Cyprus,1976,CYP,662045.0,3981887037.0,2.488,3.758
Cyprus,1977,CYP,667104.0,4610073788.0,2.7,4.048
Cyprus,1978,CYP,672259.0,4962457000.0,2.845,4.232
Cyprus,1979,CYP,677552.0,5452555880.0,3.045,4.495
Cyprus,1980,CYP,683082.0,5774561000.0,3.261,4.773
Cyprus,1981,CYP,688895.0,5950995135.0,3.096,4.494
Cyprus,1982,CYP,696503.0,6324783176.0,3.157,4.533
Cyprus,1983,CYP,707224.0,6661699071.0,3.151,4.456
Cyprus,1984,CYP,719345.0,7250067276.0,3.235,4.497
Cyprus,1985,CYP,731290.0,7589592356.0,3.145,4.301
Cyprus,1986,CYP,743116.0,7878650000.0,3.606,4.853
Cyprus,1987,CYP,754796.0,8435045112.0,4.185,5.544
Cyprus,1988,CYP,766238.0,9131655040.0,4.198,5.478
Cyprus,1989,CYP,777429.0,9870457157.0,4.43,5.698
Cyprus,1990,CYP,788355.0,10601790424.0,4.648,5.896
Cyprus,1991,CYP,798950.0,10802933313.0,5.136,6.429
Cyprus,1992,CYP,810344.0,11948250048.0,5.509,6.798
Cyprus,1993,CYP,826042.0,12173586499.0,5.753,6.964
Cyprus,1994,CYP,844669.0,13051263000.0,5.995,7.097
Cyprus,1995,CYP,862698.0,14530339515.0,5.866,6.799
Cyprus,1996,CYP,880295.0,14861081660.0,6.216,7.061
Cyprus,1997,CYP,897574.0,15384666855.0,6.302,7.022
Cyprus,1998,CYP,914552.0,16341391926.0,6.597,7.213
Cyprus,1999,CYP,931235.0,17289794170.0,6.863,7.37
Cyprus,2000,CYP,947667.0,18447964503.0,7.107,7.499
Cyprus,2001,CYP,964129.0,19289559263.0,6.98,7.239
Cyprus,2002,CYP,981443.0,20131146271.0,7.172,7.308
Cyprus,2003,CYP,999600.0,20821863547.0,7.561,7.564
Cyprus,2004,CYP,1017875.0,21975893073.0,7.787,7.65
Cyprus,2005,CYP,1036156.0,23006188640.0,7.952,7.674
Cyprus,2006,CYP,1054424.0,24267407225.0,8.183,7.761
Cyprus,2007,CYP,1072727.0,25673703212.0,8.475,7.9
Cyprus,2008,CYP,1091029.0,26913613219.0,8.692,7.966
Cyprus,2009,CYP,1109377.0,26682210733.0,8.438,7.606
Cyprus,2010,CYP,1127826.0,27285556934.0,8.072,7.157
Cyprus,2011,CYP,1146493.0,27627899267.0,7.792,6.797
Cyprus,2012,CYP,1165403.0,26675451028.0,7.262,6.231
Cyprus,2013,CYP,1183899.0,24918237857.0,6.578,5.556
Cyprus,2014,CYP,1201806.0,24475580582.0,6.93,5.766
Cyprus,2015,CYP,1219504.0,25312505108.0,6.952,5.701
Cyprus,2016,CYP,1237114.0,26976335005.0,7.35,5.941
Cyprus,2017,CYP,1254274.0,28523085691.0,7.469,5.955
Cyprus,2018,CYP,1270743.0,30134014224.0,7.324,5.764
Cyprus,2019,CYP,1286669.0,31800247242.0,7.324,5.693
Cyprus,2020,CYP,1302250.0,30409793367.0,6.903,5.301
Cyprus,2021,CYP,1317311.0,32428676744.0,6.951,5.276
Cyprus,2022,CYP,1331376.0,34255009922.0,7.071,5.311
Cyprus,2023,CYP,1344981.0,,7.188,5.344
Cyprus,2024,CYP,1358287.0,,7.299,5.374
Czechia,1950,CZE,8916715.0,,57.851,6.488
Czechia,1951,CZE,8997247.0,,61.649,6.852
Czechia,1952,CZE,9077207.0,,65.916,7.262
Czechia,1953,CZE,9152603.0,,68.319,7.464
Czechia,1954,CZE,9221188.0,,72.957,7.912
Czechia,1955,CZE,9289429.0,,75.746,8.154
Czechia,1956,CZE,9358023.0,,81.286,8.686
Czechia,1957,CZE,9418969.0,,84.897,9.013
Czechia,1958,CZE,9469710.0,,92.773,9.797
Czechia,1959,CZE,9508387.0,,92.879,9.768
Czechia,1960,CZE,9541605.0,,99.081,10.384
Czechia,1961,CZE,9573386.0,,107.528,11.232
Czechia,1962,CZE,9597463.0,,114.592,11.94
Czechia,1963,CZE,9627331.0,,120.515,12.518
Czechia,1964,CZE,9668745.0,,125.44,12.974
Czechia,1965,CZE,9706844.0,,122.23,12.592
Czechia,1966,CZE,9736244.0,,121.57,12.486
Czechia,1967,CZE,9758984.0,,121.312,12.431
Czechia,1968,CZE,9775112.0,,126.921,12.984
Czechia,1969,CZE,9787790.0,,134.732,13.765
Czechia,1970,CZE,9801253.0,85688633425.0,154.465,15.76
Czechia,1971,CZE,9822783.0,90161721788.0,162.014,16.494
Czechia,1972,CZE,9858071.0,94933134863.0,163.482,16.584
Czechia,1973,CZE,9906214.0,99378514863.0,164.134,16.569
Czechia,1974,CZE,9965950.0,104186936984.0,166.025,16.659
Czechia,1975,CZE,10030787.0,110000271248.0,173.691,17.316
Czechia,1976,CZE,10092941.0,114359898556.0,180.427,17.877
Czechia,1977,CZE,10149369.0,118223719564.0,185.803,18.307
Czechia,1978,CZE,10200753.0,123116431801.0,187.483,18.379
Czechia,1979,CZE,10246154.0,124798624929.0,182.571,17.819
Czechia,1980,CZE,10275404.0,126921718828.0,184.691,17.974
Czechia,1981,CZE,10289518.0,126726010277.0,182.673,17.753
Czechia,1982,CZE,10299006.0,124767552965.0,180.877,17.563
Czechia,1983,CZE,10302947.0,126785025540.0,181.107,17.578
Czechia,1984,CZE,10303816.0,129617868735.0,187.201,18.168
Czechia,1985,CZE,10305141.0,132537133916.0,184.633,17.917
Czechia,1986,CZE,10304374.0,136190031570.0,185.887,18.04
Czechia,1987,CZE,10303422.0,139350917529.0,183.677,17.827
Czechia,1988,CZE,10305448.0,142237370686.0,180.664,17.531
Czechia,1989,CZE,10305609.0,144679286083.0,172.367,16.726
Czechia,1990,CZE,10301989.0,146168284839.0,164.252,15.944
Czechia,1991,CZE,10304420.0,130499462994.0,148.886,14.449
Czechia,1992,CZE,10312449.0,131496641304.0,145.708,14.129
Czechia,1993,CZE,10320404.0,133342958573.0,140.126,13.578
Czechia,1994,CZE,10322332.0,139002246482.0,132.67,12.853
Czechia,1995,CZE,10312041.0,149541611781.0,131.624,12.764
Czechia,1996,CZE,10296140.0,157900113788.0,135.019,13.114
Czechia,1997,CZE,10280049.0,158827904845.0,130.942,12.737
Czechia,1998,CZE,10265430.0,160364287569.0,125.717,12.247
Czechia,1999,CZE,10251385.0,164728010192.0,116.669,11.381
Czechia,2000,CZE,10236809.0,174309526192.0,127.233,12.429
Czechia,2001,CZE,10231942.0,181753179328.0,127.165,12.428
Czechia,2002,CZE,10239474.0,187044887124.0,123.988,12.109
Czechia,2003,CZE,10248907.0,196328003846.0,127.592,12.449
Czechia,2004,CZE,10261453.0,208725903761.0,128.314,12.504
Czechia,2005,CZE,10280155.0,225302570264.0,125.713,12.229
Czechia,2006,CZE,10304592.0,243991794814.0,126.533,12.279
Czechia,2007,CZE,10337539.0,260673045889.0,128.364,12.417
Czechia,2008,CZE,10378298.0,271709547503.0,122.928,11.845
Czechia,2009,CZE,10420985.0,261919697582.0,114.972,11.033
Czechia,2010,CZE,10464035.0,271231988282.0,117.464,11.226
Czechia,2011,CZE,10495508.0,279082754736.0,115.178,10.974
Czechia,2012,CZE,10507339.0,276891945353.0,111.276,10.59
Czechia,2013,CZE,10511164.0,276764861619.0,106.71,10.152
Czechia,2014,CZE,10517223.0,283025537919.0,104.233,9.911
Czechia,2015,CZE,10524418.0,298276052489.0,104.99,9.976
Czechia,2016,CZE,10531946.0,305844147713.0,106.636,10.125
Czechia,2017,CZE,10541343.0,321652381589.0,107.736,10.22
Czechia,2018,CZE,10548934.0,332009886797.0,106.322,10.079
Czechia,2019,CZE,10554872.0,342069373423.0,100.997,9.569
Czechia,2020,CZE,10550129.0,323245433506.0,91.661,8.688
Czechia,2021,CZE,10530683.0,334729441747.0,96.629,9.176
Czechia,2022,CZE,10673216.0,342966849621.0,95.04,8.905
Czechia,2023,CZE,10809722.0,,83.232,7.7
Czechia,2024,CZE,10735857.0,,75.623,7.044
Democratic Republic of Congo,1950,COD,12294293.0,12334004402.0,1.48,0.12
Democratic Republic of Congo,1951,COD,12542651.0,13762654409.0,1.747,0.139
Democratic Republic of Congo,1952,COD,12803638.0,15016505200.0,2.084,0.163
Democratic Republic of Congo,1953,COD,13069453.0,15882645200.0,2.289,0.175
Democratic Republic of Congo,1954,COD,13343040.0,16826792062.0,2.816,0.211
Democratic Republic of Congo,1955,COD,13630350.0,17494504980.0,3.388,0.249
Democratic Republic of Congo,1956,COD,13929950.0,18677357859.0,3.175,0.228
Democratic Republic of Congo,1957,COD,14242284.0,19269901439.0,3.329,0.234
Democratic Republic of Congo,1958,COD,14557795.0,18708993187.0,2.926,0.201
Democratic Republic of Congo,1959,COD,14891587.0,19357339283.0,2.699,0.181
Democratic Republic of Congo,1960,COD,15264853.0,19799695046.0,2.319,0.152
Democratic Republic of Congo,1961,COD,15662373.0,17659763917.0,2.355,0.15
Democratic Republic of Congo,1962,COD,16075729.0,21385908285.0,2.172,0.135
Democratic Republic of Congo,1963,COD,16507610.0,22497905625.0,2.293,0.139
Democratic Republic of Congo,1964,COD,16955329.0,21953286615.0,1.974,0.116
Democratic Republic of Congo,1965,COD,17427807.0,22174079484.0,2.469,0.142
Democratic Republic of Congo,1966,COD,17931933.0,23676300562.0,2.403,0.134
Democratic Republic of Congo,1967,COD,18462787.0,23450700984.0,2.289,0.124
Democratic Republic of Congo,1968,COD,19012194.0,24458477769.0,3.366,0.177
Democratic Republic of Congo,1969,COD,19570447.0,26727661375.0,3.648,0.186
Democratic Republic of Congo,1970,COD,20137442.0,26659889015.0,2.71,0.135
Democratic Republic of Congo,1971,COD,20695568.0,28362505212.0,2.959,0.143
Democratic Republic of Congo,1972,COD,21251166.0,28414472353.0,3.017,0.142
Democratic Republic of Congo,1973,COD,21827663.0,30887354267.0,3.189,0.146
Democratic Republic of Congo,1974,COD,22418883.0,31926197750.0,3.365,0.15
Democratic Republic of Congo,1975,COD,23021102.0,30364744703.0,3.233,0.14
Democratic Republic of Congo,1976,COD,23624035.0,28598780460.0,3.405,0.144
Democratic Republic of Congo,1977,COD,24229060.0,28761570972.0,3.477,0.144
Democratic Republic of Congo,1978,COD,24992694.0,27125445474.0,3.526,0.141
Democratic Republic of Congo,1979,COD,25886782.0,27103820642.0,3.74,0.144
Democratic Republic of Congo,1980,COD,26711098.0,27648955310.0,3.485,0.13
Democratic Republic of Congo,1981,COD,27500518.0,28317622265.0,3.755,0.137
Democratic Republic of Congo,1982,COD,28338193.0,28196936250.0,3.047,0.108
Democratic Republic of Congo,1983,COD,29250969.0,28585207599.0,3.998,0.137
Democratic Republic of Congo,1984,COD,30245088.0,30141793796.0,3.932,0.13
Democratic Republic of Congo,1985,COD,31264819.0,30309891292.0,3.612,0.116
Democratic Republic of Congo,1986,COD,32265200.0,31729260722.0,3.346,0.104
Democratic Republic of Congo,1987,COD,33298910.0,32572619437.0,3.816,0.115
Democratic Republic of Congo,1988,COD,34382756.0,32745571687.0,3.978,0.116
Democratic Republic of Congo,1989,COD,35486863.0,32549358351.0,4.352,0.123
Democratic Republic of Congo,1990,COD,36684065.0,31745582566.0,4.249,0.116
Democratic Republic of Congo,1991,COD,37925828.0,29817690890.0,3.133,0.083
Democratic Republic of Congo,1992,COD,39228908.0,27407295375.0,2.808,0.072
Democratic Republic of Congo,1993,COD,40656338.0,24338479562.0,2.662,0.065
Democratic Republic of Congo,1994,COD,42626873.0,23485765006.0,2.751,0.065
Democratic Republic of Congo,1995,COD,44433718.0,24780657990.0,3.096,0.07
Democratic Republic of Congo,1996,COD,45296125.0,24914388506.0,3.473,0.077
Democratic Republic of Congo,1997,COD,46029907.0,23716345473.0,3.089,0.067
Democratic Republic of Congo,1998,COD,47297595.0,23460462170.0,2.733,0.058
Democratic Republic of Congo,1999,COD,48912972.0,23134197386.0,2.199,0.045
Democratic Republic of Congo,2000,COD,50507445.0,21854113779.0,1.705,0.034
Democratic Republic of Congo,2001,COD,52132646.0,21977293171.0,1.647,0.032
Democratic Republic of Congo,2002,COD,53750529.0,23244764997.0,1.734,0.032
Democratic Republic of Congo,2003,COD,55343873.0,25228484809.0,2.096,0.038
Democratic Republic of Congo,2004,COD,56997740.0,27653538438.0,2.028,0.036
Democratic Republic of Congo,2005,COD,58775726.0,30164653557.0,2.287,0.039
Democratic Republic of Congo,2006,COD,60615909.0,32708306949.0,2.352,0.039
Democratic Republic of Congo,2007,COD,62477753.0,35814302298.0,2.623,0.042
Democratic Republic of Congo,2008,COD,64390658.0,39245769597.0,2.685,0.042
Democratic Republic of Congo,2009,COD,66412038.0,41718890407.0,2.446,0.037
Democratic Republic of Congo,2010,COD,68563038.0,46223524668.0,2.735,0.04
Democratic Republic of Congo,2011,COD,70849311.0,51169100367.0,3.041,0.043
Democratic Republic of Congo,2012,COD,73254623.0,55604951736.0,2.797,0.038
Democratic Republic of Congo,2013,COD,75789397.0,60956372609.0,3.921,0.052
Democratic Republic of Congo,2014,COD,78403248.0,65407411596.0,5.066,0.065
Democratic Republic of Congo,2015,COD,81035532.0,69567321729.0,3.274,0.04
Democratic Republic of Congo,2016,COD,83956416.0,69841412960.0,2.659,0.032
Democratic Republic of Congo,2017,COD,87083400.0,72396212035.0,2.92,0.034
Democratic Republic of Congo,2018,COD,90047647.0,75889338637.0,3.774,0.042
Democratic Republic of Congo,2019,COD,92947450.0,79292965259.0,4.118,0.044
Democratic Republic of Congo,2020,COD,95990000.0,80617953765.0,4.305,0.045
Democratic Republic of Congo,2021,COD,99148930.0,85639643645.0,4.292,0.043
Democratic Republic of Congo,2022,COD,102396974.0,91314988450.0,5.892,0.058
Democratic Republic of Congo,2023,COD,105789733.0,,5.881,0.056
Democratic Republic of Congo,2024,COD,109276264.0,,5.904,0.054
Denmark,1950,DNK,4268408.0,47267157000.0,22.006,5.156
Denmark,1951,DNK,4300262.0,47580824015.0,21.932,5.1
Denmark,1952,DNK,4332237.0,48046724000.0,22.914,5.289
Denmark,1953,DNK,4369107.0,50784138942.0,23.159,5.301
Denmark,1954,DNK,4406404.0,51766094000.0,25.592,5.808
Denmark,1955,DNK,4438843.0,52326932000.0,27.079,6.101
Denmark,1956,DNK,4466342.0,52963415387.0,26.383,5.907
Denmark,1957,DNK,4489659.0,56977503070.0,24.907,5.548
Denmark,1958,DNK,4516072.0,58258746079.0,26.802,5.935
Denmark,1959,DNK,4548480.0,62593540984.0,26.042,5.725
Denmark,1960,DNK,4579347.0,64344726000.0,29.761,6.499
Denmark,1961,DNK,4611358.0,68423512165.0,31.713,6.877
Denmark,1962,DNK,4647466.0,72198868609.0,36.905,7.941
Denmark,1963,DNK,4684268.0,72656362602.0,40.679,8.684
Denmark,1964,DNK,4721889.0,79449916562.0,43.158,9.14
Denmark,1965,DNK,4758837.0,83071669604.0,44.304,9.31
Denmark,1966,DNK,4797199.0,85342727500.0,50.086,10.441
Denmark,1967,DNK,4835223.0,88211320439.0,49.034,10.141
Denmark,1968,DNK,4864801.0,91836212714.0,53.28,10.952
Denmark,1969,DNK,4891798.0,97686582372.0,59.35,12.133
Denmark,1970,DNK,4928674.0,99664391979.0,62.043,12.588
Denmark,1971,DNK,4963064.0,102324768258.0,57.004,11.486
Denmark,1972,DNK,4991569.0,107713654214.0,59.579,11.936
Denmark,1973,DNK,5021765.0,111625922748.0,59.198,11.788
Denmark,1974,DNK,5045639.0,110587862203.0,55.013,10.903
Denmark,1975,DNK,5060403.0,109859698554.0,55.712,11.009
Denmark,1976,DNK,5072803.0,116968995577.0,60.057,11.839
Denmark,1977,DNK,5088571.0,118865466562.0,61.769,12.139
Denmark,1978,DNK,5104341.0,120623566765.0,61.028,11.956
Denmark,1979,DNK,5116862.0,124895966432.0,62.908,12.294
Denmark,1980,DNK,5123079.0,124346107835.0,60.29,11.768
Denmark,1981,DNK,5121628.0,123240381678.0,51.72,10.098
Denmark,1982,DNK,5117897.0,126957514123.0,53.619,10.477
Denmark,1983,DNK,5114468.0,130158855468.0,50.102,9.796
Denmark,1984,DNK,5111831.0,135871948376.0,50.784,9.935
Denmark,1985,DNK,5113878.0,141700375336.0,59.984,11.73
Denmark,1986,DNK,5120691.0,146862040807.0,58.802,11.483
Denmark,1987,DNK,5127134.0,147289143339.0,58.246,11.36
Denmark,1988,DNK,5129650.0,149007313574.0,55.014,10.725
Denmark,1989,DNK,5132717.0,149399510449.0,48.685,9.485
Denmark,1990,DNK,5141024.0,151205742035.0,53.477,10.402
Denmark,1991,DNK,5154346.0,154212932867.0,64.105,12.437
Denmark,1992,DNK,5171372.0,158125301722.0,58.327,11.279
Denmark,1993,DNK,5188638.0,159069870418.0,60.574,11.674
Denmark,1994,DNK,5206188.0,168493895001.0,64.673,12.422
Denmark,1995,DNK,5233364.0,174484978091.0,61.653,11.781
Denmark,1996,DNK,5263071.0,180654110941.0,74.9,14.231
Denmark,1997,DNK,5285041.0,187647333700.0,65.438,12.382
Denmark,1998,DNK,5304263.0,192859238471.0,61.238,11.545
Denmark,1999,DNK,5321814.0,199699305568.0,58.653,11.021
Denmark,2000,DNK,5339659.0,208333676429.0,54.307,10.17
Denmark,2001,DNK,5358825.0,211243390442.0,55.897,10.431
Denmark,2002,DNK,5375967.0,213517288371.0,55.554,10.334
Denmark,2003,DNK,5390621.0,215549132167.0,60.645,11.25
Denmark,2004,DNK,5404594.0,222528951750.0,55.1,10.195
Denmark,2005,DNK,5419550.0,229074701412.0,51.535,9.509
Denmark,2006,DNK,5437425.0,239411013967.0,59.5,10.943
Denmark,2007,DNK,5461604.0,242913735233.0,54.709,10.017
Denmark,2008,DNK,5493762.0,243090598807.0,51.256,9.33
Denmark,2009,DNK,5523169.0,232507363099.0,48.851,8.845
Denmark,2010,DNK,5547865.0,238190225279.0,49.19,8.866
Denmark,2011,DNK,5570848.0,242757622888.0,44.237,7.941
Denmark,2012,DNK,5591911.0,243307499552.0,39.861,7.128
Denmark,2013,DNK,5615333.0,245578374484.0,41.763,7.437
Denmark,2014,DNK,5643795.0,249555233739.0,37.571,6.657
Denmark,2015,DNK,5683698.0,255401297489.0,35.111,6.177
Denmark,2016,DNK,5728196.0,263691544304.0,36.917,6.445
Denmark,2017,DNK,5765164.0,271132202845.0,34.665,6.013
Denmark,2018,DNK,5793824.0,276526484620.0,34.609,5.973
Denmark,2019,DNK,5814618.0,280656364923.0,30.95,5.323
Denmark,2020,DNK,5831529.0,275058379473.0,28.3,4.853
Denmark,2021,DNK,5856774.0,288414406840.0,29.604,5.055
Denmark,2022,DNK,5902901.0,299429011832.0,29.094,4.929
Denmark,2023,DNK,5948134.0,,28.831,4.847
Denmark,2024,DNK,5977417.0,,28.369,4.746
Djibouti,1950,DJI,62349.0,273261000.0,0.011,0.176
Djibouti,1951,DJI,64326.0,288846000.0,0.026,0.399
Djibouti,1952,DJI,66371.0,297555000.0,0.026,0.386
Djibouti,1953,DJI,68501.0,312438000.0,0.029,0.428
Djibouti,1954,DJI,70723.0,329384000.0,0.033,0.466
Djibouti,1955,DJI,73023.0,338850000.0,0.037,0.502
Djibouti,1956,DJI,75403.0,354330000.0,0.029,0.389
Djibouti,1957,DJI,77884.0,369408000.0,0.044,0.565
Djibouti,1958,DJI,80457.0,387840000.0,0.048,0.592
Djibouti,1959,DJI,83102.0,418488000.0,0.037,0.441
Djibouti,1960,DJI,86040.0,453657000.0,0.04,0.468
Djibouti,1961,DJI,89407.0,481338000.0,0.044,0.492
Djibouti,1962,DJI,93305.0,499011000.0,0.048,0.51
Djibouti,1963,DJI,97887.0,527868000.0,0.066,0.674
Djibouti,1964,DJI,103214.0,547425000.0,0.084,0.816
Djibouti,1965,DJI,109108.0,574674000.0,0.121,1.108
Djibouti,1966,DJI,115284.0,605387000.0,0.139,1.208
Djibouti,1967,DJI,121659.0,636635000.0,0.088,0.723
Djibouti,1968,DJI,128264.0,660592000.0,0.121,0.943
Djibouti,1969,DJI,136090.0,691096000.0,0.084,0.619
Djibouti,1970,DJI,145188.0,859320000.0,0.139,0.959
Djibouti,1971,DJI,155152.0,911048000.0,0.161,1.039
Djibouti,1972,DJI,166268.0,943039000.0,0.191,1.146
Djibouti,1973,DJI,178460.0,989006000.0,0.18,1.006
Djibouti,1974,DJI,192622.0,953424000.0,0.194,1.008
Djibouti,1975,DJI,209922.0,1064857000.0,0.198,0.943
Djibouti,1976,DJI,230747.0,1156086000.0,0.198,0.857
Djibouti,1977,DJI,254629.0,1017072000.0,0.198,0.777
Djibouti,1978,DJI,280042.0,940225000.0,0.202,0.72
Djibouti,1979,DJI,304525.0,989092000.0,0.363,1.191
Djibouti,1980,DJI,325822.0,1035609000.0,0.348,1.068
Djibouti,1981,DJI,343056.0,1066395000.0,0.3,0.876
Djibouti,1982,DJI,356887.0,1083308000.0,0.348,0.975
Djibouti,1983,DJI,369558.0,1096310000.0,0.348,0.942
Djibouti,1984,DJI,384072.0,1104000000.0,0.352,0.916
Djibouti,1985,DJI,402691.0,1100160000.0,0.359,0.892
Djibouti,1986,DJI,426345.0,1088971000.0,0.377,0.885
Djibouti,1987,DJI,454409.0,1092030000.0,0.388,0.855
Djibouti,1988,DJI,484531.0,1105884000.0,0.348,0.718
Djibouti,1989,DJI,523362.0,1076712000.0,0.388,0.742
Djibouti,1990,DJI,579544.0,1151692000.0,0.297,0.512
Djibouti,1991,DJI,631096.0,1111365143.0,0.3,0.476
Djibouti,1992,DJI,626016.0,1171473816.0,0.304,0.486
Djibouti,1993,DJI,614247.0,1223279012.0,0.304,0.495
Djibouti,1994,DJI,626717.0,1189922913.0,0.3,0.479
Djibouti,1995,DJI,633075.0,1251123077.0,0.311,0.492
Djibouti,1996,DJI,648354.0,1182573365.0,0.304,0.469
Djibouti,1997,DJI,671826.0,1231663949.0,0.333,0.496
Djibouti,1998,DJI,699355.0,1226205283.0,0.388,0.555
Djibouti,1999,DJI,724228.0,1247108046.0,0.388,0.536
Djibouti,2000,DJI,747326.0,1258388183.0,0.366,0.49
Djibouti,2001,DJI,771311.0,1279069473.0,0.366,0.475
Djibouti,2002,DJI,795576.0,1306309835.0,0.399,0.502
Djibouti,2003,DJI,813528.0,1344454879.0,0.421,0.518
Djibouti,2004,DJI,826133.0,1377810002.0,0.407,0.492
Djibouti,2005,DJI,839174.0,1416452247.0,0.414,0.493
Djibouti,2006,DJI,855767.0,1590366862.0,0.414,0.484
Djibouti,2007,DJI,874530.0,1662836538.0,0.454,0.52
Djibouti,2008,DJI,892739.0,1746582380.0,0.495,0.554
Djibouti,2009,DJI,911524.0,1828090863.0,0.443,0.486
Djibouti,2010,DJI,930252.0,1885010108.0,0.517,0.555
Djibouti,2011,DJI,948565.0,1960630000.0,0.315,0.332
Djibouti,2012,DJI,966754.0,2054196000.0,0.293,0.303
Djibouti,2013,DJI,984833.0,2157408000.0,0.381,0.387
Djibouti,2014,DJI,1002720.0,2286630000.0,0.418,0.416
Djibouti,2015,DJI,1020316.0,2435148000.0,0.505,0.495
Djibouti,2016,DJI,1037660.0,2612607480.0,0.428,0.412
Djibouti,2017,DJI,1054844.0,2767106002.0,0.414,0.392
Djibouti,2018,DJI,1071886.0,2924431711.0,0.472,0.44
Djibouti,2019,DJI,1088710.0,3086593147.0,0.54,0.496
Djibouti,2020,DJI,1105193.0,3123694253.0,0.463,0.419
Djibouti,2021,DJI,1121251.0,3274020536.0,0.558,0.497
Djibouti,2022,DJI,1137101.0,3395681646.0,0.55,0.484
Djibouti,2023,DJI,1152951.0,,0.558,0.484
Djibouti,2024,DJI,1168726.0,,0.564,0.483
Dominica,1950,DMA,50219.0,49980000.0,,
Dominica,1951,DMA,50464.0,55432000.0,0.004,0.073
Dominica,1952,DMA,50862.0,59413000.0,0.007,0.144
Dominica,1953,DMA,51401.0,57942000.0,0.004,0.071
Dominica,1954,DMA,52103.0,60390000.0,0.004,0.07
Dominica,1955,DMA,52974.0,64410000.0,0.004,0.069
Dominica,1956,DMA,54006.0,69774000.0,0.004,0.068
Dominica,1957,DMA,55216.0,71862000.0,0.004,0.066
Dominica,1958,DMA,56606.0,74399000.0,0.007,0.129
Dominica,1959,DMA,58123.0,72334000.0,0.011,0.189
Dominica,1960,DMA,59386.0,74700000.0,0.011,0.185
Dominica,1961,DMA,60230.0,70560000.0,0.011,0.183
Dominica,1962,DMA,60969.0,81313000.0,0.011,0.18
Dominica,1963,DMA,61759.0,85064000.0,0.015,0.237
Dominica,1964,DMA,62602.0,89397000.0,0.015,0.234
Dominica,1965,DMA,63522.0,76992000.0,0.015,0.231
Dominica,1966,DMA,64522.0,85995000.0,0.015,0.227
Dominica,1967,DMA,65598.0,87450000.0,0.022,0.335
Dominica,1968,DMA,66751.0,87584000.0,0.022,0.329
Dominica,1969,DMA,67956.0,95772000.0,0.018,0.27
Dominica,1970,DMA,68927.0,104440000.0,0.026,0.372
Dominica,1971,DMA,69548.0,112038000.0,0.026,0.369
Dominica,1972,DMA,70072.0,120528000.0,0.026,0.366
Dominica,1973,DMA,70603.0,130889000.0,0.026,0.363
Dominica,1974,DMA,71106.0,138262000.0,0.029,0.412
Dominica,1975,DMA,71589.0,143560000.0,0.029,0.409
Dominica,1976,DMA,72036.0,152884000.0,0.029,0.407
Dominica,1977,DMA,72424.0,156658000.0,0.026,0.354
Dominica,1978,DMA,72741.0,175010000.0,0.026,0.353
Dominica,1979,DMA,72978.0,142968000.0,0.033,0.452
Dominica,1980,DMA,73102.0,164206000.0,0.037,0.501
Dominica,1981,DMA,73004.0,184926000.0,0.037,0.502
Dominica,1982,DMA,72704.0,191808000.0,0.04,0.554
Dominica,1983,DMA,72385.0,195656000.0,0.04,0.557
Dominica,1984,DMA,72075.0,207348000.0,0.044,0.61
Dominica,1985,DMA,71768.0,209656000.0,0.048,0.664
Dominica,1986,DMA,71426.0,223704000.0,0.048,0.667
Dominica,1987,DMA,71044.0,242640000.0,0.048,0.67
Dominica,1988,DMA,70628.0,261777000.0,0.055,0.778
Dominica,1989,DMA,70171.0,263694000.0,0.059,0.835
Dominica,1990,DMA,69644.0,275730000.0,0.059,0.842
Dominica,1991,DMA,69321.0,285879709.0,0.059,0.846
Dominica,1992,DMA,69344.0,299018295.0,0.059,0.845
Dominica,1993,DMA,69453.0,303787182.0,0.062,0.897
Dominica,1994,DMA,69493.0,316614931.0,0.07,1.002
Dominica,1995,DMA,69490.0,327078105.0,0.081,1.16
Dominica,1996,DMA,69422.0,347533767.0,0.073,1.056
Dominica,1997,DMA,69315.0,361956567.0,0.081,1.163
Dominica,1998,DMA,69144.0,382388808.0,0.077,1.113
Dominica,1999,DMA,68883.0,390881674.0,0.081,1.17
Dominica,2000,DMA,68527.0,404483810.0,0.103,1.497
Dominica,2001,DMA,68299.0,411786964.0,0.11,1.609
Dominica,2002,DMA,68385.0,415539000.0,0.103,1.5
Dominica,2003,DMA,68552.0,455180800.0,0.117,1.71
Dominica,2004,DMA,68664.0,475394414.0,0.143,2.081
Dominica,2005,DMA,68750.0,482222496.0,0.15,2.185
Dominica,2006,DMA,68823.0,513632250.0,0.143,2.076
Dominica,2007,DMA,68862.0,554311687.0,0.172,2.501
Dominica,2008,DMA,68866.0,617146562.0,0.169,2.447
Dominica,2009,DMA,68879.0,621365663.0,0.187,2.713
Dominica,2010,DMA,68872.0,640098860.0,0.169,2.447
Dominica,2011,DMA,69073.0,652912000.0,0.15,2.175
Dominica,2012,DMA,69138.0,644079000.0,0.165,2.385
Dominica,2013,DMA,69733.0,667585000.0,0.158,2.259
Dominica,2014,DMA,70387.0,694011000.0,0.169,2.395
Dominica,2015,DMA,70429.0,689606000.0,0.176,2.497
Dominica,2016,DMA,69627.0,707976572.0,0.172,2.473
Dominica,2017,DMA,68514.0,656048862.0,0.154,2.246
Dominica,2018,DMA,68195.0,677586340.0,0.165,2.418
Dominica,2019,DMA,67901.0,714870398.0,0.172,2.536
Dominica,2020,DMA,67588.0,600082697.0,0.158,2.331
Dominica,2021,DMA,67222.0,637252112.0,0.161,2.398
Dominica,2022,DMA,66847.0,675098029.0,0.165,2.466
Dominica,2023,DMA,66531.0,,0.165,2.473
Dominica,2024,DMA,66226.0,,0.171,2.58
Dominican Republic,1950,DOM,2379896.0,3851808644.0,0.348,0.146
Dominican Republic,1951,DOM,2450150.0,4306042500.0,0.359,0.146
Dominican Republic,1952,DOM,2525056.0,4653834229.0,0.593,0.235
Dominican Republic,1953,DOM,2604818.0,4598364912.0,0.619,0.238
Dominican Republic,1954,DOM,2689101.0,4859515705.0,0.626,0.233
Dominican Republic,1955,DOM,2777636.0,5162466853.0,0.915,0.329
Dominican Republic,1956,DOM,2870034.0,5678190142.0,0.985,0.343
Dominican Republic,1957,DOM,2965778.0,6039302348.0,1.032,0.348
Dominican Republic,1958,DOM,3064350.0,6359859835.0,1.065,0.348
Dominican Republic,1959,DOM,3165304.0,6398414248.0,1.113,0.352
Dominican Republic,1960,DOM,3268341.0,6705337677.0,1.04,0.318
Dominican Republic,1961,DOM,3373237.0,6560853721.0,1.029,0.305
Dominican Republic,1962,DOM,3479940.0,7673530530.0,1.241,0.357
Dominican Republic,1963,DOM,3588293.0,8177076240.0,1.249,0.348
Dominican Republic,1964,DOM,3698563.0,8719757309.0,1.747,0.472
Dominican Republic,1965,DOM,3808965.0,7638403374.0,1.545,0.406
Dominican Republic,1966,DOM,3921849.0,8661627413.0,1.67,0.426
Dominican Republic,1967,DOM,4038932.0,8952661797.0,1.567,0.388
Dominican Republic,1968,DOM,4157191.0,8972655468.0,2.347,0.565
Dominican Republic,1969,DOM,4277039.0,9954475593.0,2.651,0.62
Dominican Republic,1970,DOM,4399294.0,11003814148.0,3.105,0.706
Dominican Republic,1971,DOM,4524238.0,12176796696.0,3.519,0.778
Dominican Republic,1972,DOM,4651892.0,13677651609.0,4.669,1.004
Dominican Republic,1973,DOM,4782235.0,15328488845.0,5.959,1.246
Dominican Republic,1974,DOM,4914198.0,16217203254.0,6.41,1.304
Dominican Republic,1975,DOM,5046783.0,16988199213.0,6.333,1.255
Dominican Republic,1976,DOM,5180404.0,18135249703.0,6.322,1.22
Dominican Republic,1977,DOM,5315446.0,19015840099.0,5.598,1.053
Dominican Republic,1978,DOM,5451891.0,19460376941.0,5.429,0.996
Dominican Republic,1979,DOM,5589694.0,20296723301.0,6.784,1.214
Dominican Republic,1980,DOM,5729043.0,21539808681.0,6.425,1.121
Dominican Republic,1981,DOM,5868459.0,22427979046.0,6.133,1.045
Dominican Republic,1982,DOM,6007115.0,22837394000.0,6.301,1.049
Dominican Republic,1983,DOM,6147244.0,23843930000.0,7.862,1.279
Dominican Republic,1984,DOM,6289048.0,23906860000.0,7.386,1.174
Dominican Republic,1985,DOM,6430404.0,23302487000.0,7.237,1.125
Dominican Republic,1986,DOM,6571213.0,23995594000.0,8.116,1.235
Dominican Republic,1987,DOM,6712519.0,25809189000.0,9.682,1.442
Dominican Republic,1988,DOM,6855737.0,25978979000.0,9.732,1.419
Dominican Republic,1989,DOM,7002300.0,29288298000.0,10.249,1.464
Dominican Republic,1990,DOM,7151165.0,27899937000.0,8.929,1.249
Dominican Republic,1991,DOM,7299849.0,28624479731.0,9.529,1.305
Dominican Republic,1992,DOM,7447476.0,30699616102.0,10.405,1.397
Dominican Republic,1993,DOM,7594567.0,33455873012.0,11.195,1.474
Dominican Republic,1994,DOM,7741694.0,34777859424.0,11.781,1.522
Dominican Republic,1995,DOM,7888120.0,37276713682.0,15.09,1.913
Dominican Republic,1996,DOM,8032895.0,40578813798.0,16.459,2.049
Dominican Republic,1997,DOM,8174081.0,44531154793.0,17.234,2.108
Dominican Republic,1998,DOM,8310369.0,48410050660.0,17.756,2.137
Dominican Republic,1999,DOM,8446207.0,52484601874.0,17.775,2.104
Dominican Republic,2000,DOM,8584196.0,56344968399.0,18.937,2.206
Dominican Republic,2001,DOM,8720287.0,58288496906.0,19.083,2.188
Dominican Republic,2002,DOM,8852231.0,62671030582.0,20.87,2.358
Dominican Republic,2003,DOM,8980626.0,63562914579.0,21.26,2.367
Dominican Republic,2004,DOM,9104889.0,65495459116.0,17.254,1.895
Dominican Republic,2005,DOM,9225035.0,72784646192.0,17.852,1.935
Dominican Republic,2006,DOM,9341187.0,81940402491.0,19.03,2.037
Dominican Republic,2007,DOM,9455663.0,90412078042.0,19.909,2.106
Dominican Republic,2008,DOM,9573135.0,94906712345.0,20.235,2.114
Dominican Republic,2009,DOM,9695270.0,97411530204.0,19.686,2.031
Dominican Republic,2010,DOM,9820180.0,107260793439.0,20.445,2.082
Dominican Republic,2011,DOM,9945623.0,112433265383.0,20.922,2.104
Dominican Republic,2012,DOM,10070409.0,115488083453.0,20.903,2.076
Dominican Republic,2013,DOM,10193838.0,121118130894.0,20.842,2.045
Dominican Republic,2014,DOM,10315523.0,129656952614.0,21.264,2.061
Dominican Republic,2015,DOM,10434826.0,138638287562.0,22.986,2.203
Dominican Republic,2016,DOM,10551430.0,147870212847.0,24.14,2.288
Dominican Republic,2017,DOM,10666846.0,154771313809.0,23.455,2.199
Dominican Republic,2018,DOM,10782048.0,165578989651.0,25.203,2.338
Dominican Republic,2019,DOM,10894043.0,173944046167.0,28.471,2.613
Dominican Republic,2020,DOM,11008298.0,162255006875.0,26.228,2.383
Dominican Republic,2021,DOM,11123480.0,182166940060.0,29.363,2.64
Dominican Republic,2022,DOM,11230734.0,191182362267.0,31.225,2.78
Dominican Republic,2023,DOM,11331269.0,,31.829,2.809
Dominican Republic,2024,DOM,11427558.0,,33.131,2.899
East Timor,1950,TLS,414767.0,,,
East Timor,1951,TLS,418266.0,,,
East Timor,1952,TLS,422428.0,,,
East Timor,1953,TLS,426994.0,,,
East Timor,1954,TLS,431906.0,,,
East Timor,1955,TLS,437160.0,,,
East Timor,1956,TLS,442703.0,,,
East Timor,1957,TLS,448566.0,,,
East Timor,1958,TLS,454756.0,,,
East Timor,1959,TLS,461278.0,,,
East Timor,1960,TLS,468130.0,,,
East Timor,1961,TLS,475300.0,,,
East Timor,1962,TLS,482782.0,,,
East Timor,1963,TLS,490572.0,,,
East Timor,1964,TLS,498664.0,,,
East Timor,1965,TLS,507041.0,,,
East Timor,1966,TLS,515698.0,,,
East Timor,1967,TLS,524651.0,,,
East Timor,1968,TLS,533880.0,,,
East Timor,1969,TLS,543360.0,,,
East Timor,1970,TLS,553079.0,,,
East Timor,1971,TLS,562974.0,,,
East Timor,1972,TLS,572975.0,,,
East Timor,1973,TLS,582862.0,,,
East Timor,1974,TLS,590831.0,,,
East Timor,1975,TLS,598168.0,,,
East Timor,1976,TLS,607632.0,,,
East Timor,1977,TLS,618319.0,,,
East Timor,1978,TLS,628780.0,,,
East Timor,1979,TLS,638725.0,,,
East Timor,1980,TLS,649877.0,,,
East Timor,1981,TLS,660503.0,,,
East Timor,1982,TLS,669156.0,,,
East Timor,1983,TLS,677704.0,,,
East Timor,1984,TLS,686786.0,,,
East Timor,1985,TLS,696671.0,,,
East Timor,1986,TLS,707191.0,,,
East Timor,1987,TLS,718487.0,,,
East Timor,1988,TLS,730753.0,,,
East Timor,1989,TLS,744860.0,,,
East Timor,1990,TLS,760348.0,,,
East Timor,1991,TLS,778286.0,,,
East Timor,1992,TLS,799323.0,,,
East Timor,1993,TLS,821445.0,,,
East Timor,1994,TLS,844501.0,,0.0,0.0
East Timor,1995,TLS,868152.0,,0.0,0.0
East Timor,1996,TLS,892289.0,,0.0,0.0
East Timor,1997,TLS,917189.0,,0.0,0.0
East Timor,1998,TLS,942537.0,,0.061,0.064
East Timor,1999,TLS,834699.0,,0.153,0.183
East Timor,2000,TLS,745095.0,,0.22,0.295
East Timor,2001,TLS,812253.0,,0.119,0.146
East Timor,2002,TLS,879170.0,,0.262,0.298
East Timor,2003,TLS,916876.0,,0.249,0.271
East Timor,2004,TLS,929081.0,,0.497,0.535
East Timor,2005,TLS,948310.0,,0.321,0.339
East Timor,2006,TLS,976610.0,,0.317,0.324
East Timor,2007,TLS,1004898.0,,0.288,0.287
East Timor,2008,TLS,1032431.0,,0.285,0.276
East Timor,2009,TLS,1058783.0,,0.322,0.304
East Timor,2010,TLS,1084688.0,,0.313,0.289
East Timor,2011,TLS,1110212.0,,0.434,0.391
East Timor,2012,TLS,1134891.0,,0.591,0.521
East Timor,2013,TLS,1158697.0,,0.62,0.535
East Timor,2014,TLS,1181913.0,,0.627,0.531
East Timor,2015,TLS,1205133.0,,0.59,0.49
East Timor,2016,TLS,1228314.0,,0.643,0.523
East Timor,2017,TLS,1251711.0,,0.693,0.554
East Timor,2018,TLS,1275962.0,,0.617,0.484
East Timor,2019,TLS,1300946.0,,0.675,0.519
East Timor,2020,TLS,1326051.0,,0.646,0.487
East Timor,2021,TLS,1350142.0,,0.62,0.459
East Timor,2022,TLS,1369299.0,,0.67,0.489
East Timor,2023,TLS,1384292.0,,0.637,0.46
East Timor,2024,TLS,1400638.0,,0.668,0.477
Ecuador,1950,ECU,3516791.0,10008766582.0,0.74,0.21
Ecuador,1951,ECU,3607837.0,10114922076.0,0.704,0.195
Ecuador,1952,ECU,3702403.0,11363106880.0,0.895,0.242
Ecuador,1953,ECU,3800296.0,11601652540.0,0.821,0.216
Ecuador,1954,ECU,3901514.0,12537338458.0,0.963,0.247
Ecuador,1955,ECU,4006189.0,12868194002.0,1.198,0.299
Ecuador,1956,ECU,4114537.0,13350172356.0,1.296,0.315
Ecuador,1957,ECU,4226856.0,13948669278.0,1.132,0.268
Ecuador,1958,ECU,4343499.0,14357382640.0,1.322,0.304
Ecuador,1959,ECU,4464761.0,15122956921.0,1.293,0.29
Ecuador,1960,ECU,4590893.0,16113823643.0,1.762,0.384
Ecuador,1961,ECU,4722334.0,16516332892.0,1.644,0.348
Ecuador,1962,ECU,4859272.0,17397223328.0,1.564,0.322
Ecuador,1963,ECU,5001721.0,17832787034.0,1.794,0.359
Ecuador,1964,ECU,5149925.0,19090890615.0,2.142,0.416
Ecuador,1965,ECU,5303960.0,20931715327.0,2.274,0.429
Ecuador,1966,ECU,5463749.0,21480731938.0,2.417,0.442
Ecuador,1967,ECU,5629060.0,22615180396.0,2.589,0.46
Ecuador,1968,ECU,5799683.0,23865287367.0,3.113,0.537
Ecuador,1969,ECU,5975234.0,25174072465.0,3.589,0.601
Ecuador,1970,ECU,6155392.0,26934481035.0,4.278,0.695
Ecuador,1971,ECU,6340056.0,28491928397.0,4.219,0.666
Ecuador,1972,ECU,6529040.0,30239822869.0,4.589,0.703
Ecuador,1973,ECU,6722036.0,34007409134.0,5.256,0.782
Ecuador,1974,ECU,6918571.0,35996915648.0,6.084,0.879
Ecuador,1975,ECU,7118258.0,37890544107.0,7.355,1.033
Ecuador,1976,ECU,7320913.0,41566181567.0,8.101,1.107
Ecuador,1977,ECU,7526826.0,44204554499.0,7.474,0.993
Ecuador,1978,ECU,7736176.0,47288274461.0,10.41,1.346
Ecuador,1979,ECU,7948871.0,49857551304.0,12.146,1.528
Ecuador,1980,ECU,8165882.0,52132724572.0,13.416,1.643
Ecuador,1981,ECU,8386913.0,54252144625.0,16.662,1.987
Ecuador,1982,ECU,8611296.0,54863241738.0,19.249,2.235
Ecuador,1983,ECU,8840424.0,53726525367.0,19.517,2.208
Ecuador,1984,ECU,9074783.0,55920453187.0,21.209,2.337
Ecuador,1985,ECU,9311152.0,58293684914.0,19.378,2.081
Ecuador,1986,ECU,9545999.0,60010587566.0,15.222,1.595
Ecuador,1987,ECU,9779290.0,56249617291.0,15.055,1.539
Ecuador,1988,ECU,10010804.0,62261234000.0,17.205,1.719
Ecuador,1989,ECU,10241859.0,62369318027.0,20.194,1.972
Ecuador,1990,ECU,10473674.0,64188502782.0,16.501,1.575
Ecuador,1991,ECU,10702377.0,67933582437.0,16.198,1.514
Ecuador,1992,ECU,10930128.0,70873835048.0,21.998,2.013
Ecuador,1993,ECU,11154283.0,72804333284.0,24.121,2.163
Ecuador,1994,ECU,11372197.0,76428090430.0,14.338,1.261
Ecuador,1995,ECU,11590519.0,78692037555.0,23.534,2.03
Ecuador,1996,ECU,11810954.0,80612101466.0,25.337,2.145
Ecuador,1997,ECU,12031129.0,84682917021.0,19.461,1.618
Ecuador,1998,ECU,12251188.0,88055994335.0,23.117,1.887
Ecuador,1999,ECU,12470800.0,84464765477.0,21.997,1.764
Ecuador,2000,ECU,12689215.0,85978888021.0,20.949,1.651
Ecuador,2001,ECU,12910736.0,90060703680.0,23.436,1.815
Ecuador,2002,ECU,13138473.0,94404507340.0,24.861,1.892
Ecuador,2003,ECU,13372304.0,97642542688.0,27.113,2.028
Ecuador,2004,ECU,13608700.0,106393261231.0,29.31,2.154
Ecuador,2005,ECU,13846162.0,112798230080.0,30.652,2.214
Ecuador,2006,ECU,14086138.0,118581678982.0,29.781,2.114
Ecuador,2007,ECU,14328783.0,122016284055.0,34.393,2.4
Ecuador,2008,ECU,14575201.0,130654762337.0,30.488,2.092
Ecuador,2009,ECU,14825960.0,132310294703.0,33.815,2.281
Ecuador,2010,ECU,15076697.0,137913290159.0,36.469,2.419
Ecuador,2011,ECU,15326232.0,149795272280.0,38.48,2.511
Ecuador,2012,ECU,15572195.0,158246726051.0,37.493,2.408
Ecuador,2013,ECU,15807132.0,166075183974.0,39.685,2.511
Ecuador,2014,ECU,16035127.0,172367775440.0,43.76,2.729
Ecuador,2015,ECU,16266229.0,172538423301.0,41.298,2.539
Ecuador,2016,ECU,16505142.0,170423090933.0,39.375,2.386
Ecuador,2017,ECU,16759515.0,174458721084.0,39.196,2.339
Ecuador,2018,ECU,17049542.0,176707497535.0,38.451,2.255
Ecuador,2019,ECU,17340017.0,176728682555.0,40.083,2.312
Ecuador,2020,ECU,17546058.0,162965075602.0,32.473,1.851
Ecuador,2021,ECU,17682454.0,169866634253.0,38.185,2.159
Ecuador,2022,ECU,17823900.0,175028884708.0,42.066,2.36
Ecuador,2023,ECU,17980079.0,,44.6,2.481
Ecuador,2024,ECU,18135478.0,,45.98,2.535
Egypt,1950,EGY,21148168.0,30757265430.0,10.233,0.484
Egypt,1951,EGY,21605922.0,31319511767.0,10.559,0.489
Egypt,1952,EGY,22104946.0,31890447832.0,10.893,0.493
Egypt,1953,EGY,22644148.0,32425276611.0,10.779,0.476
Egypt,1954,EGY,23212564.0,33014046457.0,11.664,0.503
Egypt,1955,EGY,23795234.0,33660149082.0,10.642,0.447
Egypt,1956,EGY,24387350.0,35246453074.0,9.942,0.408
Egypt,1957,EGY,24994417.0,36864357105.0,11.917,0.477
Egypt,1958,EGY,25600327.0,38667510800.0,13.683,0.534
Egypt,1959,EGY,26226866.0,40509592207.0,12.707,0.484
Egypt,1960,EGY,26896480.0,42417642812.0,16.033,0.596
Egypt,1961,EGY,27600903.0,45220061162.0,17.066,0.618
Egypt,1962,EGY,28337017.0,48232704312.0,18.571,0.655
Egypt,1963,EGY,29091868.0,51444885351.0,21.527,0.74
Egypt,1964,EGY,29858925.0,54901977710.0,25.491,0.854
Egypt,1965,EGY,30629174.0,58532797078.0,27.609,0.901
Egypt,1966,EGY,31406543.0,58874123632.0,26.532,0.845
Egypt,1967,EGY,32196366.0,58134979062.0,19.65,0.61
Egypt,1968,EGY,32998322.0,59081301193.0,22.873,0.693
Egypt,1969,EGY,33811619.0,63097380070.0,19.665,0.582
Egypt,1970,EGY,34623990.0,67114480660.0,21.654,0.625
Egypt,1971,EGY,35433370.0,69906256035.0,22.977,0.648
Egypt,1972,EGY,36258327.0,71250784582.0,25.406,0.701
Egypt,1973,EGY,37102044.0,73196094210.0,23.663,0.638
Egypt,1974,EGY,37969667.0,76018039937.0,25.972,0.684
Egypt,1975,EGY,38875326.0,83697412500.0,30.899,0.795
Egypt,1976,EGY,39795558.0,96606690000.0,34.272,0.861
Egypt,1977,EGY,40748878.0,109254142863.0,37.616,0.923
Egypt,1978,EGY,41761437.0,117620134695.0,39.054,0.935
Egypt,1979,EGY,42818635.0,126908742875.0,42.662,0.996
Egypt,1980,EGY,43950413.0,140607640554.0,44.918,1.022
Egypt,1981,EGY,45147226.0,146244912996.0,50.58,1.12
Egypt,1982,EGY,46407612.0,161850661687.0,56.0,1.207
Egypt,1983,EGY,47786401.0,174291279742.0,56.38,1.18
Egypt,1984,EGY,49247336.0,184976095312.0,62.942,1.278
Egypt,1985,EGY,50734974.0,197156335898.0,63.087,1.243
Egypt,1986,EGY,52206296.0,202297853121.0,73.378,1.406
Egypt,1987,EGY,53674436.0,207425830324.0,73.377,1.367
Egypt,1988,EGY,55187680.0,216114296320.0,72.847,1.32
Egypt,1989,EGY,56710641.0,222664804375.0,69.94,1.233
Egypt,1990,EGY,58396625.0,227979905812.0,72.884,1.248
Egypt,1991,EGY,60029001.0,241323329041.0,74.447,1.24
Egypt,1992,EGY,61480663.0,254191038156.0,77.419,1.259
Egypt,1993,EGY,62915681.0,269984893134.0,90.835,1.444
Egypt,1994,EGY,64285596.0,286215812013.0,87.483,1.361
Egypt,1995,EGY,65652621.0,305979220895.0,97.968,1.492
Egypt,1996,EGY,67028045.0,328668878031.0,97.042,1.448
Egypt,1997,EGY,68431738.0,354503266736.0,110.934,1.621
Egypt,1998,EGY,69943297.0,380551417847.0,124.256,1.777
Egypt,1999,EGY,71520953.0,409935668443.0,126.987,1.776
Egypt,2000,EGY,73083287.0,444250275939.0,142.837,1.954
Egypt,2001,EGY,74652035.0,475679003242.0,126.372,1.693
Egypt,2002,EGY,76239140.0,501912285229.0,128.362,1.684
Egypt,2003,EGY,77853548.0,528750466385.0,149.954,1.926
Egypt,2004,EGY,79477441.0,561597926809.0,151.917,1.911
Egypt,2005,EGY,81101012.0,600297394092.0,166.934,2.058
Egypt,2006,EGY,82700404.0,650403845291.0,178.389,2.157
Egypt,2007,EGY,84276224.0,713462332878.0,189.201,2.245
Egypt,2008,EGY,85864791.0,775303694329.0,195.86,2.281
Egypt,2009,EGY,87501635.0,831415021492.0,205.243,2.346
Egypt,2010,EGY,89196073.0,898751418203.0,202.704,2.273
Egypt,2011,EGY,91093066.0,923052843843.0,221.675,2.434
Egypt,2012,EGY,93161000.0,950287307199.0,212.524,2.281
Egypt,2013,EGY,95333551.0,984556585202.0,219.087,2.298
Egypt,2014,EGY,97528655.0,1035721838706.0,227.254,2.33
Egypt,2015,EGY,99597334.0,1079611566322.0,226.654,2.276
Egypt,2016,EGY,101644583.0,1121578599865.0,245.164,2.412
Egypt,2017,EGY,103696055.0,1158060486104.0,253.364,2.443
Egypt,2018,EGY,105682092.0,1220661740193.0,241.903,2.289
Egypt,2019,EGY,107553159.0,1289253465646.0,234.06,2.176
Egypt,2020,EGY,109315118.0,1307778142529.0,246.323,2.253
Egypt,2021,EGY,110957005.0,1400985648780.0,266.839,2.405
Egypt,2022,EGY,112618252.0,1460427350416.0,249.899,2.219
Egypt,2023,EGY,114535772.0,,250.23,2.185
Egypt,2024,EGY,116538256.0,,258.368,2.217
El Salvador,1950,SLV,2183513.0,4607025115.0,0.268,0.123
El Salvador,1951,SLV,2235309.0,4697813872.0,0.323,0.145
El Salvador,1952,SLV,2287960.0,5049962255.0,0.389,0.17
El Salvador,1953,SLV,2341981.0,5409457708.0,0.418,0.178
El Salvador,1954,SLV,2397832.0,5474092830.0,0.47,0.196
El Salvador,1955,SLV,2456598.0,5752749792.0,0.462,0.188
El Salvador,1956,SLV,2518179.0,6208903406.0,0.527,0.209
El Salvador,1957,SLV,2582514.0,6537358685.0,0.597,0.231
El Salvador,1958,SLV,2648670.0,6679128452.0,0.597,0.225
El Salvador,1959,SLV,2717539.0,6978779205.0,0.604,0.222
El Salvador,1960,SLV,2791448.0,7261993000.0,0.619,0.222
El Salvador,1961,SLV,2870022.0,7517507689.0,0.582,0.203
El Salvador,1962,SLV,2949211.0,8413417629.0,0.648,0.22
El Salvador,1963,SLV,3028678.0,8780534912.0,1.125,0.371
El Salvador,1964,SLV,3111893.0,9596141724.0,1.231,0.395
El Salvador,1965,SLV,3199474.0,10112822222.0,1.04,0.325
El Salvador,1966,SLV,3290962.0,10836105773.0,1.304,0.396
El Salvador,1967,SLV,3385192.0,11425164024.0,1.157,0.342
El Salvador,1968,SLV,3480775.0,11795955920.0,1.26,0.362
El Salvador,1969,SLV,3576488.0,12211503046.0,1.19,0.333
El Salvador,1970,SLV,3668799.0,12570427554.0,1.428,0.389
El Salvador,1971,SLV,3757531.0,13182820116.0,1.509,0.402
El Salvador,1972,SLV,3846835.0,13906455445.0,1.677,0.436
El Salvador,1973,SLV,3938073.0,14612158971.0,1.967,0.499
El Salvador,1974,SLV,4029675.0,15542391281.0,1.97,0.489
El Salvador,1975,SLV,4120451.0,16413573103.0,2.105,0.511
El Salvador,1976,SLV,4210312.0,17058357500.0,2.207,0.524
El Salvador,1977,SLV,4301259.0,18087910404.0,2.281,0.53
El Salvador,1978,SLV,4394126.0,19247498474.0,2.381,0.542
El Salvador,1979,SLV,4480389.0,18922279500.0,2.376,0.53
El Salvador,1980,SLV,4540377.0,17280720800.0,2.118,0.467
El Salvador,1981,SLV,4570602.0,15850662218.0,1.818,0.398
El Salvador,1982,SLV,4622478.0,14958442836.0,1.751,0.379
El Salvador,1983,SLV,4707368.0,15073953925.0,1.884,0.4
El Salvador,1984,SLV,4798003.0,15421202358.0,1.587,0.331
El Salvador,1985,SLV,4894703.0,15722768434.0,1.963,0.401
El Salvador,1986,SLV,4992772.0,15830936553.0,1.965,0.394
El Salvador,1987,SLV,5092443.0,16252801599.0,2.411,0.474
El Salvador,1988,SLV,5195828.0,16515978445.0,2.43,0.468
El Salvador,1989,SLV,5298977.0,16692308713.0,2.544,0.48
El Salvador,1990,SLV,5399728.0,17260964768.0,2.471,0.458
El Salvador,1991,SLV,5495081.0,18153449125.0,3.149,0.573
El Salvador,1992,SLV,5585611.0,19825256603.0,3.313,0.593
El Salvador,1993,SLV,5659959.0,21604952339.0,3.966,0.701
El Salvador,1994,SLV,5714138.0,23258530978.0,4.502,0.788
El Salvador,1995,SLV,5762135.0,25119269330.0,4.986,0.865
El Salvador,1996,SLV,5805286.0,25931149474.0,4.4,0.758
El Salvador,1997,SLV,5844578.0,27444887250.0,5.398,0.924
El Salvador,1998,SLV,5880786.0,28907125564.0,5.711,0.971
El Salvador,1999,SLV,5913908.0,30355223155.0,5.567,0.941
El Salvador,2000,SLV,5943363.0,31478454275.0,5.648,0.95
El Salvador,2001,SLV,5968058.0,32499941192.0,5.829,0.977
El Salvador,2002,SLV,5986629.0,33751219265.0,6.036,1.008
El Salvador,2003,SLV,5998597.0,35029541311.0,6.396,1.066
El Salvador,2004,SLV,6004673.0,36185189370.0,6.216,1.035
El Salvador,2005,SLV,6005583.0,38001442916.0,6.262,1.043
El Salvador,2006,SLV,6002321.0,40054319005.0,6.689,1.114
El Salvador,2007,SLV,6009820.0,42202462933.0,6.819,1.135
El Salvador,2008,SLV,6029302.0,43393063628.0,6.375,1.057
El Salvador,2009,SLV,6048284.0,42668179532.0,6.283,1.039
El Salvador,2010,SLV,6068253.0,43862777197.0,6.287,1.036
El Salvador,2011,SLV,6090128.0,45520507146.0,6.467,1.062
El Salvador,2012,SLV,6113977.0,46608113564.0,6.436,1.053
El Salvador,2013,SLV,6138845.0,48017379514.0,6.058,0.987
El Salvador,2014,SLV,6162952.0,49026874064.0,6.12,0.993
El Salvador,2015,SLV,6183675.0,50319726389.0,6.637,1.073
El Salvador,2016,SLV,6200808.0,51794877474.0,6.572,1.06
El Salvador,2017,SLV,6213538.0,53295513328.0,5.942,0.956
El Salvador,2018,SLV,6219803.0,55053057931.0,6.452,1.037
El Salvador,2019,SLV,6222316.0,56393644127.0,7.634,1.227
El Salvador,2020,SLV,6234679.0,51960808936.0,6.135,0.984
El Salvador,2021,SLV,6255780.0,57771997522.0,6.977,1.115
El Salvador,2022,SLV,6280316.0,59270934820.0,7.913,1.26
El Salvador,2023,SLV,6309629.0,,8.67,1.374
El Salvador,2024,SLV,6338197.0,,8.972,1.416
Equatorial Guinea,1950,GNQ,226570.0,168167000.0,0.011,0.049
Equatorial Guinea,1951,GNQ,230628.0,176978000.0,0.011,0.048
Equatorial Guinea,1952,GNQ,234690.0,183365000.0,0.011,0.047
Equatorial Guinea,1953,GNQ,238805.0,190740000.0,0.011,0.046
Equatorial Guinea,1954,GNQ,242985.0,200923000.0,0.029,0.121
Equatorial Guinea,1955,GNQ,247228.0,206790000.0,0.037,0.148
Equatorial Guinea,1956,GNQ,251534.0,215260000.0,0.037,0.146
Equatorial Guinea,1957,GNQ,255931.0,223214000.0,0.033,0.129
Equatorial Guinea,1958,GNQ,260397.0,230838000.0,0.048,0.183
Equatorial Guinea,1959,GNQ,265003.0,243600000.0,0.048,0.18
Equatorial Guinea,1960,GNQ,269813.0,268644000.0,0.022,0.081
Equatorial Guinea,1961,GNQ,274907.0,295368000.0,0.022,0.08
Equatorial Guinea,1962,GNQ,280294.0,326190000.0,0.022,0.078
Equatorial Guinea,1963,GNQ,285974.0,371500000.0,0.026,0.09
Equatorial Guinea,1964,GNQ,291954.0,425880000.0,0.026,0.088
Equatorial Guinea,1965,GNQ,298248.0,480194000.0,0.029,0.098
Equatorial Guinea,1966,GNQ,304868.0,499968000.0,0.026,0.084
Equatorial Guinea,1967,GNQ,311814.0,535080000.0,0.026,0.082
Equatorial Guinea,1968,GNQ,318853.0,552826000.0,0.029,0.092
Equatorial Guinea,1969,GNQ,322525.0,538005000.0,0.044,0.136
Equatorial Guinea,1970,GNQ,320815.0,522180000.0,0.037,0.114
Equatorial Guinea,1971,GNQ,315946.0,544986000.0,0.066,0.209
Equatorial Guinea,1972,GNQ,309474.0,557946000.0,0.088,0.284
Equatorial Guinea,1973,GNQ,302293.0,597284000.0,0.029,0.097
Equatorial Guinea,1974,GNQ,294957.0,616500000.0,0.051,0.174
Equatorial Guinea,1975,GNQ,287912.0,656040000.0,0.062,0.216
Equatorial Guinea,1976,GNQ,281042.0,659523000.0,0.062,0.222
Equatorial Guinea,1977,GNQ,276784.0,707924000.0,0.062,0.225
Equatorial Guinea,1978,GNQ,276534.0,672945000.0,0.07,0.252
Equatorial Guinea,1979,GNQ,279848.0,636922000.0,0.062,0.223
Equatorial Guinea,1980,GNQ,288652.0,668928000.0,0.059,0.203
Equatorial Guinea,1981,GNQ,303262.0,708016000.0,0.07,0.23
Equatorial Guinea,1982,GNQ,322226.0,721905000.0,0.073,0.227
Equatorial Guinea,1983,GNQ,343429.0,760200000.0,0.062,0.181
Equatorial Guinea,1984,GNQ,364905.0,767655000.0,0.081,0.221
Equatorial Guinea,1985,GNQ,385553.0,865150000.0,0.066,0.171
Equatorial Guinea,1986,GNQ,404740.0,846356000.0,0.081,0.199
Equatorial Guinea,1987,GNQ,422529.0,882018000.0,0.099,0.234
Equatorial Guinea,1988,GNQ,439659.0,907104000.0,0.106,0.242
Equatorial Guinea,1989,GNQ,456821.0,894919000.0,0.117,0.257
Equatorial Guinea,1990,GNQ,474289.0,917854000.0,0.062,0.131
Equatorial Guinea,1991,GNQ,492220.0,925022421.0,0.066,0.134
Equatorial Guinea,1992,GNQ,510775.0,1054728158.0,0.066,0.129
Equatorial Guinea,1993,GNQ,530030.0,1160722252.0,0.07,0.131
Equatorial Guinea,1994,GNQ,550148.0,1275597171.0,1.149,2.089
Equatorial Guinea,1995,GNQ,571274.0,1433333474.0,1.223,2.142
Equatorial Guinea,1996,GNQ,593496.0,1938735996.0,1.359,2.29
Equatorial Guinea,1997,GNQ,616897.0,3808985683.0,1.975,3.201
Equatorial Guinea,1998,GNQ,641478.0,4506473125.0,2.295,3.578
Equatorial Guinea,1999,GNQ,667222.0,5587884417.0,2.511,3.763
Equatorial Guinea,2000,GNQ,703287.0,6341192117.0,2.699,3.838
Equatorial Guinea,2001,GNQ,749836.0,10710877546.0,3.091,4.122
Equatorial Guinea,2002,GNQ,797968.0,12944267386.0,2.765,3.465
Equatorial Guinea,2003,GNQ,847867.0,14778140796.0,3.13,3.691
Equatorial Guinea,2004,GNQ,899924.0,18414357582.0,6.137,6.82
Equatorial Guinea,2005,GNQ,947370.0,20168023886.0,6.206,6.551
Equatorial Guinea,2006,GNQ,990349.0,21346957199.0,6.172,6.233
Equatorial Guinea,2007,GNQ,1036053.0,24766652343.0,5.711,5.513
Equatorial Guinea,2008,GNQ,1084538.0,29298389312.0,5.926,5.464
Equatorial Guinea,2009,GNQ,1135683.0,29853093503.0,4.883,4.3
Equatorial Guinea,2010,GNQ,1189097.0,27366671882.0,6.377,5.363
Equatorial Guinea,2011,GNQ,1241843.0,29285788000.0,6.067,4.885
Equatorial Guinea,2012,GNQ,1293485.0,31730930000.0,6.875,5.315
Equatorial Guinea,2013,GNQ,1346220.0,30419136000.0,8.168,6.068
Equatorial Guinea,2014,GNQ,1399829.0,30256854000.0,7.641,5.459
Equatorial Guinea,2015,GNQ,1453925.0,28026102000.0,7.01,4.821
Equatorial Guinea,2016,GNQ,1508192.0,25203837269.0,7.538,4.998
Equatorial Guinea,2017,GNQ,1562401.0,23511758900.0,6.816,4.362
Equatorial Guinea,2018,GNQ,1616425.0,21813514918.0,7.034,4.352
Equatorial Guinea,2019,GNQ,1670184.0,20617750095.0,5.514,3.301
Equatorial Guinea,2020,GNQ,1716479.0,19743252847.0,6.39,3.722
Equatorial Guinea,2021,GNQ,1758796.0,19556604569.0,7.088,4.03
Equatorial Guinea,2022,GNQ,1803549.0,20191378731.0,7.497,4.157
Equatorial Guinea,2023,GNQ,1847556.0,,6.913,3.742
Equatorial Guinea,2024,GNQ,1892523.0,,7.01,3.704
Eritrea,1950,ERI,814880.0,,,
Eritrea,1951,ERI,827035.0,,,
Eritrea,1952,ERI,840352.0,,,
Eritrea,1953,ERI,854708.0,,,
Eritrea,1954,ERI,870030.0,,,
Eritrea,1955,ERI,886245.0,,,
Eritrea,1956,ERI,903421.0,,,
Eritrea,1957,ERI,918807.0,,,
Eritrea,1958,ERI,932595.0,,,
Eritrea,1959,ERI,950562.0,,,
Eritrea,1960,ERI,972558.0,,,
Eritrea,1961,ERI,995576.0,,,
Eritrea,1962,ERI,1019789.0,,,
Eritrea,1963,ERI,1045096.0,,,
Eritrea,1964,ERI,1071293.0,,,
Eritrea,1965,ERI,1098337.0,,,
Eritrea,1966,ERI,1124959.0,,,
Eritrea,1967,ERI,1152345.0,,,
Eritrea,1968,ERI,1181742.0,,,
Eritrea,1969,ERI,1212005.0,,,
Eritrea,1970,ERI,1243457.0,,,
Eritrea,1971,ERI,1276160.0,,,
Eritrea,1972,ERI,1309248.0,,,
Eritrea,1973,ERI,1342677.0,,,
Eritrea,1974,ERI,1375687.0,,,
Eritrea,1975,ERI,1408218.0,,,
Eritrea,1976,ERI,1443811.0,,,
Eritrea,1977,ERI,1482567.0,,,
Eritrea,1978,ERI,1522382.0,,,
Eritrea,1979,ERI,1563332.0,,,
Eritrea,1980,ERI,1605800.0,,,
Eritrea,1981,ERI,1649946.0,,,
Eritrea,1982,ERI,1695465.0,,,
Eritrea,1983,ERI,1736163.0,,,
Eritrea,1984,ERI,1771736.0,,,
Eritrea,1985,ERI,1807812.0,,,
Eritrea,1986,ERI,1845169.0,,,
Eritrea,1987,ERI,1888672.0,,,
Eritrea,1988,ERI,1938264.0,,,
Eritrea,1989,ERI,1987021.0,,,
Eritrea,1990,ERI,2032749.0,,,
Eritrea,1991,ERI,1919575.0,,,
Eritrea,1992,ERI,1798750.0,,,
Eritrea,1993,ERI,1856017.0,,,
Eritrea,1994,ERI,1913919.0,,0.707,0.37
Eritrea,1995,ERI,2025273.0,,0.79,0.39
Eritrea,1996,ERI,2128464.0,,0.862,0.405
Eritrea,1997,ERI,2152146.0,,0.768,0.357
Eritrea,1998,ERI,2180423.0,,0.586,0.269
Eritrea,1999,ERI,2212785.0,,0.615,0.278
Eritrea,2000,ERI,2247036.0,,0.604,0.269
Eritrea,2001,ERI,2312083.0,,0.637,0.276
Eritrea,2002,ERI,2392981.0,,0.509,0.213
Eritrea,2003,ERI,2493906.0,,0.78,0.313
Eritrea,2004,ERI,2598288.0,,0.633,0.244
Eritrea,2005,ERI,2661215.0,,0.586,0.22
Eritrea,2006,ERI,2703501.0,,0.454,0.168
Eritrea,2007,ERI,2743226.0,,0.424,0.155
Eritrea,2008,ERI,2816331.0,,0.398,0.141
Eritrea,2009,ERI,2887887.0,,0.446,0.154
Eritrea,2010,ERI,2945184.0,,0.468,0.159
Eritrea,2011,ERI,2998493.0,,0.578,0.193
Eritrea,2012,ERI,3036998.0,,0.608,0.2
Eritrea,2013,ERI,3074367.0,,0.57,0.185
Eritrea,2014,ERI,3095168.0,,0.569,0.184
Eritrea,2015,ERI,3105554.0,,0.557,0.18
Eritrea,2016,ERI,3124700.0,,0.554,0.177
Eritrea,2017,ERI,3150350.0,,0.553,0.176
Eritrea,2018,ERI,3192763.0,,0.616,0.193
Eritrea,2019,ERI,3240194.0,,0.645,0.199
Eritrea,2020,ERI,3291277.0,,0.641,0.195
Eritrea,2021,ERI,3350185.0,,0.682,0.203
Eritrea,2022,ERI,3409450.0,,0.718,0.211
Eritrea,2023,ERI,3470391.0,,0.731,0.211
Eritrea,2024,ERI,3535610.0,,0.743,0.21
Estonia,1950,EST,1102046.0,,6.853,6.218
Estonia,1951,EST,1116196.0,,7.428,6.655
Estonia,1952,EST,1129878.0,,7.955,7.041
Estonia,1953,EST,1142644.0,,8.417,7.367
Estonia,1954,EST,1154811.0,,9.195,7.962
Estonia,1955,EST,1166878.0,,10.427,8.936
Estonia,1956,EST,1178166.0,,11.432,9.703
Estonia,1957,EST,1188785.0,,12.511,10.524
Estonia,1958,EST,1200410.0,,13.355,11.125
Estonia,1959,EST,1209942.0,,14.043,11.606
Estonia,1960,EST,1220464.0,,14.623,11.982
Estonia,1961,EST,1235168.0,,15.081,12.209
Estonia,1962,EST,1249633.0,,15.827,12.665
Estonia,1963,EST,1263754.0,,16.971,13.429
Estonia,1964,EST,1278341.0,,18.046,14.116
Estonia,1965,EST,1292807.0,,19.143,14.807
Estonia,1966,EST,1306445.0,,20.216,15.474
Estonia,1967,EST,1320059.0,,21.135,16.011
Estonia,1968,EST,1334308.0,,21.726,16.282
Estonia,1969,EST,1348696.0,,22.623,16.774
Estonia,1970,EST,1361872.0,,23.799,17.475
Estonia,1971,EST,1374523.0,,25.259,18.376
Estonia,1972,EST,1387217.0,,26.582,19.162
Estonia,1973,EST,1399344.0,19468126786.0,27.712,19.803
Estonia,1974,EST,1411552.0,,28.774,20.385
Estonia,1975,EST,1423506.0,,30.254,21.253
Estonia,1976,EST,1434868.0,,31.417,21.896
Estonia,1977,EST,1446571.0,,32.485,22.456
Estonia,1978,EST,1458228.0,,33.595,23.039
Estonia,1979,EST,1468020.0,,33.871,23.073
Estonia,1980,EST,1476465.0,22298157299.0,35.207,23.846
Estonia,1981,EST,1485343.0,23113575898.0,34.534,23.25
Estonia,1982,EST,1494911.0,23954892363.0,35.186,23.537
Estonia,1983,EST,1505247.0,24781532566.0,35.69,23.71
Estonia,1984,EST,1515613.0,25425293342.0,36.009,23.759
Estonia,1985,EST,1525281.0,25443763167.0,38.842,25.465
Estonia,1986,EST,1535594.0,26143514714.0,38.839,25.293
Estonia,1987,EST,1547258.0,26398461135.0,37.908,24.5
Estonia,1988,EST,1559101.0,27713411813.0,38.014,24.382
Estonia,1989,EST,1567590.0,29500419830.0,38.945,24.844
Estonia,1990,EST,1570309.0,27066096904.0,36.906,23.503
Estonia,1991,EST,1565380.0,23940083198.0,34.135,21.806
Estonia,1992,EST,1540214.0,20201098370.0,24.413,15.85
Estonia,1993,EST,1504344.0,18206161939.0,19.433,12.918
Estonia,1994,EST,1475716.0,17713297126.0,20.039,13.579
Estonia,1995,EST,1452774.0,18632898028.0,18.053,12.427
Estonia,1996,EST,1434655.0,19286856884.0,19.033,13.267
Estonia,1997,EST,1421494.0,21171918456.0,18.673,13.136
Estonia,1998,EST,1411206.0,21698756967.0,16.933,11.999
Estonia,1999,EST,1403578.0,21126870271.0,15.93,11.349
Estonia,2000,EST,1397001.0,23525730943.0,15.471,11.074
Estonia,2001,EST,1388174.0,24618992841.0,15.87,11.432
Estonia,2002,EST,1379438.0,25689833693.0,15.358,11.134
Estonia,2003,EST,1370849.0,27160243367.0,17.251,12.584
Estonia,2004,EST,1362682.0,28392969678.0,17.322,12.712
Estonia,2005,EST,1354847.0,30566893529.0,17.09,12.614
Estonia,2006,EST,1346885.0,33162229951.0,16.438,12.205
Estonia,2007,EST,1340709.0,35115520992.0,19.93,14.866
Estonia,2008,EST,1337078.0,32659893005.0,17.815,13.324
Estonia,2009,EST,1334528.0,27402480486.0,14.405,10.794
Estonia,2010,EST,1331450.0,27586968284.0,18.965,14.244
Estonia,2011,EST,1327366.0,29217295065.0,18.948,14.275
Estonia,2012,EST,1322615.0,30160490093.0,17.761,13.429
Estonia,2013,EST,1317920.0,30600421813.0,19.634,14.898
Estonia,2014,EST,1314457.0,31521829560.0,18.784,14.29
Estonia,2015,EST,1314580.0,32106015454.0,15.78,12.004
Estonia,2016,EST,1315850.0,33119083785.0,17.433,13.248
Estonia,2017,EST,1317430.0,35037377711.0,18.616,14.131
Estonia,2018,EST,1321972.0,36363239216.0,17.801,13.465
Estonia,2019,EST,1326822.0,37723175050.0,12.288,9.261
Estonia,2020,EST,1329675.0,37515273353.0,9.198,6.918
Estonia,2021,EST,1331750.0,40521483538.0,10.391,7.802
Estonia,2022,EST,1350093.0,39999856613.0,11.966,8.863
Estonia,2023,EST,1367195.0,,8.744,6.396
Estonia,2024,EST,1360548.0,,8.307,6.105
Eswatini,1950,SWZ,271670.0,167539937.0,0.004,0.013
Eswatini,1951,SWZ,278618.0,176744480.0,0.004,0.013
Eswatini,1952,SWZ,285637.0,182272611.0,0.004,0.013
Eswatini,1953,SWZ,292742.0,189501946.0,0.004,0.013
Eswatini,1954,SWZ,299943.0,200069510.0,0.004,0.012
Eswatini,1955,SWZ,307222.0,206422403.0,0.004,0.012
Eswatini,1956,SWZ,314620.0,214622386.0,0.004,0.012
Eswatini,1957,SWZ,322131.0,222837360.0,0.004,0.011
Eswatini,1958,SWZ,329770.0,229028511.0,0.004,0.011
Eswatini,1959,SWZ,337521.0,242299898.0,0.004,0.011
Eswatini,1960,SWZ,345339.0,275492294.0,0.033,0.095
Eswatini,1961,SWZ,353265.0,310627269.0,0.004,0.01
Eswatini,1962,SWZ,361376.0,376296114.0,,
Eswatini,1963,SWZ,369768.0,397363723.0,,
Eswatini,1964,SWZ,378660.0,456314666.0,0.011,0.029
Eswatini,1965,SWZ,388342.0,527314903.0,0.081,0.208
Eswatini,1966,SWZ,398773.0,549730893.0,0.202,0.505
Eswatini,1967,SWZ,409044.0,602007393.0,0.227,0.555
Eswatini,1968,SWZ,419154.0,573858209.0,0.278,0.664
Eswatini,1969,SWZ,429884.0,598423960.0,0.304,0.707
Eswatini,1970,SWZ,441223.0,775567061.0,0.366,0.83
Eswatini,1971,SWZ,453192.0,804890326.0,0.399,0.881
Eswatini,1972,SWZ,465791.0,906918365.0,0.381,0.818
Eswatini,1973,SWZ,479043.0,938127253.0,0.37,0.773
Eswatini,1974,SWZ,493004.0,1117013673.0,0.311,0.632
Eswatini,1975,SWZ,507675.0,1487587623.0,0.337,0.664
Eswatini,1976,SWZ,523339.0,1682911696.0,0.333,0.637
Eswatini,1977,SWZ,540353.0,1700027807.0,0.341,0.631
Eswatini,1978,SWZ,558446.0,1722091364.0,0.44,0.787
Eswatini,1979,SWZ,577208.0,1758990136.0,0.447,0.774
Eswatini,1980,SWZ,596657.0,1801349357.0,0.465,0.78
Eswatini,1981,SWZ,616816.0,1924760526.0,0.436,0.707
Eswatini,1982,SWZ,637656.0,1952841361.0,0.436,0.684
Eswatini,1983,SWZ,658958.0,1942272365.0,0.271,0.411
Eswatini,1984,SWZ,680790.0,1990645668.0,0.333,0.49
Eswatini,1985,SWZ,706204.0,2029726967.0,0.44,0.623
Eswatini,1986,SWZ,734736.0,2406443975.0,0.458,0.623
Eswatini,1987,SWZ,763812.0,2646884098.0,0.436,0.571
Eswatini,1988,SWZ,799806.0,2846423533.0,0.436,0.545
Eswatini,1989,SWZ,837810.0,3114432666.0,0.436,0.52
Eswatini,1990,SWZ,872436.0,3420534889.0,0.96,1.1
Eswatini,1991,SWZ,908193.0,3548878922.0,0.872,0.96
Eswatini,1992,SWZ,943426.0,3732391463.0,0.832,0.882
Eswatini,1993,SWZ,971327.0,3919793436.0,0.707,0.728
Eswatini,1994,SWZ,971221.0,4084365870.0,1.077,1.109
Eswatini,1995,SWZ,970439.0,4356450718.0,1.059,1.091
Eswatini,1996,SWZ,989847.0,4598027973.0,0.788,0.796
Eswatini,1997,SWZ,1006647.0,4766768452.0,1.14,1.132
Eswatini,1998,SWZ,1019657.0,4867682233.0,1.161,1.139
Eswatini,1999,SWZ,1030785.0,4986982563.0,1.242,1.205
Eswatini,2000,SWZ,1041428.0,5050303320.0,1.205,1.158
Eswatini,2001,SWZ,1051066.0,5125500508.0,1.099,1.046
Eswatini,2002,SWZ,1059456.0,5280506497.0,1.081,1.02
Eswatini,2003,SWZ,1066706.0,5518729007.0,1.004,0.941
Eswatini,2004,SWZ,1073170.0,5696422388.0,1.004,0.935
Eswatini,2005,SWZ,1079022.0,6002942535.0,1.015,0.941
Eswatini,2006,SWZ,1084442.0,6319744849.0,1.015,0.936
Eswatini,2007,SWZ,1090713.0,6589486313.0,1.044,0.957
Eswatini,2008,SWZ,1098098.0,6906669172.0,1.019,0.928
Eswatini,2009,SWZ,1105158.0,7131566747.0,1.055,0.955
Eswatini,2010,SWZ,1111651.0,7332277029.0,0.997,0.897
Eswatini,2011,SWZ,1117845.0,7567466177.0,0.96,0.859
Eswatini,2012,SWZ,1123870.0,7793097968.0,1.11,0.988
Eswatini,2013,SWZ,1130000.0,8126636123.0,1.315,1.164
Eswatini,2014,SWZ,1136305.0,8327527350.0,0.762,0.671
Eswatini,2015,SWZ,1142822.0,8445665268.0,0.85,0.744
Eswatini,2016,SWZ,1149516.0,8545156780.0,1.022,0.889
Eswatini,2017,SWZ,1158198.0,8725282454.0,0.971,0.838
Eswatini,2018,SWZ,1168933.0,8936238936.0,1.015,0.868
Eswatini,2019,SWZ,1179885.0,9177836965.0,1.099,0.932
Eswatini,2020,SWZ,1192734.0,9034694873.0,0.989,0.829
Eswatini,2021,SWZ,1206598.0,9746927305.0,0.989,0.82
Eswatini,2022,SWZ,1218921.0,9594910875.0,1.028,0.844
Eswatini,2023,SWZ,1230507.0,,1.03,0.837
Eswatini,2024,SWZ,1242829.0,,1.045,0.841
Ethiopia,1950,ETH,17670418.0,12816444847.0,0.088,0.005
Ethiopia,1951,ETH,17989060.0,13194631406.0,0.062,0.003
Ethiopia,1952,ETH,18326176.0,13543810054.0,0.099,0.005
Ethiopia,1953,ETH,18674772.0,14338910949.0,0.183,0.01
Ethiopia,1954,ETH,19038036.0,14324960253.0,0.271,0.014
Ethiopia,1955,ETH,19419768.0,15096087974.0,0.227,0.012
Ethiopia,1956,ETH,19818886.0,15575803718.0,0.242,0.012
Ethiopia,1957,ETH,20173747.0,15468633837.0,0.322,0.016
Ethiopia,1958,ETH,20480281.0,15973565679.0,0.319,0.016
Ethiopia,1959,ETH,20878098.0,16448278125.0,0.337,0.016
Ethiopia,1960,ETH,21376688.0,17260063074.0,0.352,0.016
Ethiopia,1961,ETH,21906102.0,18125804359.0,0.341,0.016
Ethiopia,1962,ETH,22465125.0,18844801312.0,0.396,0.018
Ethiopia,1963,ETH,23051639.0,21366755925.0,0.421,0.018
Ethiopia,1964,ETH,23666547.0,22389040078.0,0.407,0.017
Ethiopia,1965,ETH,24310615.0,23721571218.0,0.644,0.027
Ethiopia,1966,ETH,24952691.0,24660953250.0,0.824,0.033
Ethiopia,1967,ETH,25620283.0,25707798964.0,1.073,0.042
Ethiopia,1968,ETH,26337933.0,26106776265.0,1.725,0.065
Ethiopia,1969,ETH,27072575.0,27119812917.0,1.666,0.062
Ethiopia,1970,ETH,27829135.0,28633734539.0,1.652,0.059
Ethiopia,1971,ETH,28600114.0,29865520609.0,1.849,0.065
Ethiopia,1972,ETH,29374611.0,31385113984.0,1.406,0.048
Ethiopia,1973,ETH,30166789.0,32393312882.0,1.751,0.058
Ethiopia,1974,ETH,30957277.0,32791202859.0,1.736,0.056
Ethiopia,1975,ETH,31723255.0,32856117328.0,1.209,0.038
Ethiopia,1976,ETH,32534428.0,33758170375.0,1.175,0.036
Ethiopia,1977,ETH,33167276.0,34642511796.0,1.047,0.032
Ethiopia,1978,ETH,33734601.0,34323218343.0,1.369,0.041
Ethiopia,1979,ETH,34238655.0,36463055132.0,1.844,0.054
Ethiopia,1980,ETH,34428515.0,38082969410.0,1.817,0.053
Ethiopia,1981,ETH,35304010.0,38888412914.0,1.86,0.053
Ethiopia,1982,ETH,36701293.0,39483909062.0,1.474,0.04
Ethiopia,1983,ETH,37740821.0,41460915550.0,1.835,0.049
Ethiopia,1984,ETH,38735728.0,40637087843.0,1.65,0.043
Ethiopia,1985,ETH,39842136.0,37958074687.0,1.799,0.045
Ethiopia,1986,ETH,41037658.0,40403510625.0,2.195,0.053
Ethiopia,1987,ETH,42460039.0,44197123359.0,2.554,0.06
Ethiopia,1988,ETH,44150834.0,45041421375.0,2.64,0.06
Ethiopia,1989,ETH,45879686.0,45764085968.0,2.794,0.061
Ethiopia,1990,ETH,47609760.0,45030920800.0,2.987,0.063
Ethiopia,1991,ETH,49717203.0,41447817951.0,2.958,0.06
Ethiopia,1992,ETH,51853756.0,37455354506.0,2.937,0.057
Ethiopia,1993,ETH,53708892.0,37874279529.0,2.994,0.056
Ethiopia,1994,ETH,55611514.0,40711848289.0,2.197,0.04
Ethiopia,1995,ETH,57537340.0,42631100913.0,2.506,0.044
Ethiopia,1996,ETH,59467640.0,46130264957.0,2.794,0.047
Ethiopia,1997,ETH,61404541.0,49275077370.0,2.98,0.049
Ethiopia,1998,ETH,63363523.0,48734081758.0,3.147,0.05
Ethiopia,1999,ETH,65374561.0,48438288398.0,3.094,0.047
Ethiopia,2000,ETH,67411496.0,50326965912.0,3.463,0.051
Ethiopia,2001,ETH,69487767.0,52434129516.0,4.265,0.061
Ethiopia,2002,ETH,71635521.0,54501781462.0,4.432,0.062
Ethiopia,2003,ETH,73832664.0,53892038989.0,4.87,0.066
Ethiopia,2004,ETH,76077211.0,55845384136.0,5.159,0.068
Ethiopia,2005,ETH,78367476.0,61634778962.0,4.956,0.063
Ethiopia,2006,ETH,80703495.0,67217118145.0,5.318,0.066
Ethiopia,2007,ETH,83103218.0,73421784125.0,5.84,0.07
Ethiopia,2008,ETH,85543670.0,79756503135.0,6.418,0.075
Ethiopia,2009,ETH,88007641.0,86391027022.0,6.453,0.073
Ethiopia,2010,ETH,90538518.0,94148625646.0,6.344,0.07
Ethiopia,2011,ETH,93149977.0,104948629242.0,7.355,0.079
Ethiopia,2012,ETH,95798771.0,116345224724.0,7.988,0.083
Ethiopia,2013,ETH,98438752.0,128310309167.0,9.744,0.099
Ethiopia,2014,ETH,101115615.0,141950543442.0,11.543,0.114
Ethiopia,2015,ETH,103867140.0,157107146471.0,12.564,0.121
Ethiopia,2016,ETH,106718163.0,173708917362.0,14.323,0.134
Ethiopia,2017,ETH,109666482.0,190761659136.0,14.603,0.133
Ethiopia,2018,ETH,112664157.0,206205566995.0,16.117,0.143
Ethiopia,2019,ETH,115737384.0,221885291686.0,17.177,0.148
Ethiopia,2020,ETH,118917670.0,237860193068.0,16.735,0.141
Ethiopia,2021,ETH,122138588.0,251849804145.0,17.906,0.147
Ethiopia,2022,ETH,125384285.0,269977225159.0,16.96,0.135
Ethiopia,2023,ETH,128691695.0,,17.571,0.137
Ethiopia,2024,ETH,132059770.0,,17.837,0.135
Europe,1950,,549374181.0,,2381.798,4.337
Europe,1951,,554348783.0,,2628.854,4.744
Europe,1952,,559311644.0,,2712.866,4.852
Europe,1953,,564673451.0,,2790.578,4.944
Europe,1954,,570282363.0,,2969.35,5.209
Europe,1955,,575990558.0,,3233.244,5.616
Europe,1956,,581712529.0,,3445.159,5.925
Europe,1957,,587753658.0,,3593.346,6.116
Europe,1958,,594196448.0,,3632.002,6.115
Europe,1959,,600407992.0,,3713.71,6.188
Europe,1960,,606417128.0,,3966.935,6.544
Europe,1961,,612470905.0,,4112.14,6.717
Europe,1962,,618430819.0,,4339.414,7.019
Europe,1963,,624213769.0,,4612.308,7.392
Europe,1964,,629781124.0,,4842.246,7.692
Europe,1965,,635044327.0,,4984.466,7.852
Europe,1966,,640050494.0,,5156.101,8.059
Europe,1967,,644746163.0,,5270.223,8.177
Europe,1968,,649263031.0,,5515.944,8.499
Europe,1969,,653794042.0,,5816.407,8.9
Europe,1970,,657660067.0,,6098.689,9.277
Europe,1971,,661624408.0,,6327.589,9.568
Europe,1972,,666196726.0,,6556.553,9.846
Europe,1973,,670479946.0,,6849.511,10.22
Europe,1974,,674419030.0,,6867.69,10.187
Europe,1975,,677953491.0,,6907.078,10.192
Europe,1976,,681333404.0,,7281.985,10.692
Europe,1977,,684781638.0,,7338.524,10.721
Europe,1978,,688120618.0,,7570.691,11.007
Europe,1979,,691438258.0,,7750.151,11.213
Europe,1980,,694976561.0,,7753.727,11.161
Europe,1981,,698297493.0,,7471.875,10.705
Europe,1982,,701163007.0,,7411.572,10.575
Europe,1983,,704000872.0,,7417.897,10.541
Europe,1984,,706845163.0,,7468.785,10.571
Europe,1985,,709686996.0,,7792.995,10.985
Europe,1986,,712751187.0,,7805.502,10.956
Europe,1987,,715938696.0,,7826.896,10.937
Europe,1988,,719157222.0,,7865.633,10.942
Europe,1989,,722217653.0,,7831.148,10.848
Europe,1990,,724943715.0,,8038.895,11.094
Europe,1991,,727298534.0,,7739.83,10.646
Europe,1992,,728443297.0,,7094.296,9.743
Europe,1993,,728848398.0,,6806.441,9.343
Europe,1994,,729745970.0,,6445.869,8.837
Europe,1995,,730260103.0,,6422.432,8.799
Europe,1996,,730267162.0,,6472.014,8.866
Europe,1997,,730339959.0,,6266.619,8.584
Europe,1998,,729796180.0,,6240.623,8.555
Europe,1999,,729166727.0,,6156.683,8.447
Europe,2000,,729129967.0,,6155.514,8.446
Europe,2001,,729220001.0,,6282.925,8.62
Europe,2002,,730126161.0,,6249.447,8.563
Europe,2003,,731394229.0,,6391.066,8.742
Europe,2004,,732282324.0,,6419.376,8.77
Europe,2005,,733101021.0,,6427.949,8.772
Europe,2006,,733756870.0,,6529.226,8.903
Europe,2007,,734987444.0,,6473.231,8.811
Europe,2008,,736658822.0,,6407.231,8.702
Europe,2009,,738063440.0,,5893.126,7.988
Europe,2010,,739291483.0,,6117.359,8.279
Europe,2011,,740524016.0,,6044.341,8.166
Europe,2012,,741642607.0,,5998.599,8.092
Europe,2013,,742672989.0,,5840.099,7.868
Europe,2014,,743860819.0,,5609.139,7.544
Europe,2015,,745474876.0,,5613.446,7.534
Europe,2016,,747258527.0,,5598.047,7.495
Europe,2017,,748701837.0,,5632.42,7.527
Europe,2018,,749853945.0,,5613.848,7.49
Europe,2019,,750809114.0,,5437.201,7.245
Europe,2020,,750844584.0,,5025.675,6.697
Europe,2021,,749949128.0,,5265.446,7.025
Europe,2022,,748314268.0,,5095.635,6.813
Europe,2023,,746966209.0,,4887.137,6.546
Europe,2024,,746460441.0,,4880.514,6.542
Europe (GCP),1950,,,,2381.798,
Europe (GCP),1951,,,,2628.854,
Europe (GCP),1952,,,,2712.866,
Europe (GCP),1953,,,,2790.577,
Europe (GCP),1954,,,,2969.35,
Europe (GCP),1955,,,,3233.244,
Europe (GCP),1956,,,,3445.159,
Europe (GCP),1957,,,,3593.346,
Europe (GCP),1958,,,,3632.002,
Europe (GCP),1959,,,,3713.71,
Europe (GCP),1960,,,,3966.934,
Europe (GCP),1961,,,,4112.14,
Europe (GCP),1962,,,,4339.414,
Europe (GCP),1963,,,,4612.308,
Europe (GCP),1964,,,,4842.247,
Europe (GCP),1965,,,,4984.466,
Europe (GCP),1966,,,,5156.101,
Europe (GCP),1967,,,,5270.223,
Europe (GCP),1968,,,,5515.944,
Europe (GCP),1969,,,,5816.407,
Europe (GCP),1970,,,,6098.689,
Europe (GCP),1971,,,,6327.588,
Europe (GCP),1972,,,,6556.553,
Europe (GCP),1973,,,,6849.511,
Europe (GCP),1974,,,,6867.69,
Europe (GCP),1975,,,,6907.078,
Europe (GCP),1976,,,,7281.985,
Europe (GCP),1977,,,,7338.524,
Europe (GCP),1978,,,,7570.69,
Europe (GCP),1979,,,,7750.151,
Europe (GCP),1980,,,,7753.727,
Europe (GCP),1981,,,,7471.875,
Europe (GCP),1982,,,,7411.572,
Europe (GCP),1983,,,,7417.897,
Europe (GCP),1984,,,,7468.784,
Europe (GCP),1985,,,,7792.995,
Europe (GCP),1986,,,,7805.502,
Europe (GCP),1987,,,,7826.896,
Europe (GCP),1988,,,,7865.633,
Europe (GCP),1989,,,,7831.148,
Europe (GCP),1990,,,,8038.895,
Europe (GCP),1991,,,,7739.83,
Europe (GCP),1992,,,,7094.296,
Europe (GCP),1993,,,,6806.441,
Europe (GCP),1994,,,,6445.869,
Europe (GCP),1995,,,,6422.432,
Europe (GCP),1996,,,,6472.014,
Europe (GCP),1997,,,,6266.619,
Europe (GCP),1998,,,,6240.623,
Europe (GCP),1999,,,,6156.683,
Europe (GCP),2000,,,,6155.515,
Europe (GCP),2001,,,,6282.925,
Europe (GCP),2002,,,,6249.447,
Europe (GCP),2003,,,,6391.066,
Europe (GCP),2004,,,,6419.376,
Europe (GCP),2005,,,,6427.949,
Europe (GCP),2006,,,,6529.226,
Europe (GCP),2007,,,,6473.231,
Europe (GCP),2008,,,,6407.231,
Europe (GCP),2009,,,,5893.126,
Europe (GCP),2010,,,,6117.359,
Europe (GCP),2011,,,,6044.341,
Europe (GCP),2012,,,,5998.598,
Europe (GCP),2013,,,,5840.099,
Europe (GCP),2014,,,,5609.14,
Europe (GCP),2015,,,,5613.446,
Europe (GCP),2016,,,,5598.047,
Europe (GCP),2017,,,,5632.42,
Europe (GCP),2018,,,,5613.848,
Europe (GCP),2019,,,,5437.201,
Europe (GCP),2020,,,,5025.676,
Europe (GCP),2021,,,,5265.446,
Europe (GCP),2022,,,,5095.634,
Europe (GCP),2023,,,,4887.137,
Europe (GCP),2024,,,,4880.514,
Europe (excl. EU-27),1950,,,,1104.221,4.996
Europe (excl. EU-27),1951,,,,1199.235,5.364
Europe (excl. EU-27),1952,,,,1226.131,5.423
Europe (excl. EU-27),1953,,,,1275.688,5.576
Europe (excl. EU-27),1954,,,,1358.004,5.863
Europe (excl. EU-27),1955,,,,1489.858,6.352
Europe (excl. EU-27),1956,,,,1577.981,6.642
Europe (excl. EU-27),1957,,,,1666.816,6.923
Europe (excl. EU-27),1958,,,,1720.942,7.052
Europe (excl. EU-27),1959,,,,1772.804,7.172
Europe (excl. EU-27),1960,,,,1865.352,7.454
Europe (excl. EU-27),1961,,,,1910.699,7.54
Europe (excl. EU-27),1962,,,,1982.855,7.733
Europe (excl. EU-27),1963,,,,2097.606,8.094
Europe (excl. EU-27),1964,,,,2196.238,8.393
Europe (excl. EU-27),1965,,,,2305.77,8.736
Europe (excl. EU-27),1966,,,,2395.799,9.006
Europe (excl. EU-27),1967,,,,2448.087,9.135
Europe (excl. EU-27),1968,,,,2520.332,9.34
Europe (excl. EU-27),1969,,,,2621.815,9.655
Europe (excl. EU-27),1970,,,,2764.275,10.125
Europe (excl. EU-27),1971,,,,2899.129,10.56
Europe (excl. EU-27),1972,,,,2997.881,10.853
Europe (excl. EU-27),1973,,,,3117.312,11.222
Europe (excl. EU-27),1974,,,,3154.719,11.296
Europe (excl. EU-27),1975,,,,3266.955,11.635
Europe (excl. EU-27),1976,,,,3365.919,11.925
Europe (excl. EU-27),1977,,,,3460.68,12.197
Europe (excl. EU-27),1978,,,,3562.693,12.493
Europe (excl. EU-27),1979,,,,3632.755,12.675
Europe (excl. EU-27),1980,,,,3672.411,12.751
Europe (excl. EU-27),1981,,,,3604.832,12.456
Europe (excl. EU-27),1982,,,,3636.829,12.504
Europe (excl. EU-27),1983,,,,3686.243,12.602
Europe (excl. EU-27),1984,,,,3702.121,12.578
Europe (excl. EU-27),1985,,,,3969.346,13.404
Europe (excl. EU-27),1986,,,,3998.361,13.416
Europe (excl. EU-27),1987,,,,3986.008,13.286
Europe (excl. EU-27),1988,,,,4067.255,13.472
Europe (excl. EU-27),1989,,,,3994.968,13.166
Europe (excl. EU-27),1990,,,,4168.642,13.684
Europe (excl. EU-27),1991,,,,3935.3,12.879
Europe (excl. EU-27),1992,,,,3416.56,11.192
Europe (excl. EU-27),1993,,,,3198.287,10.506
Europe (excl. EU-27),1994,,,,2856.415,9.389
Europe (excl. EU-27),1995,,,,2786.554,9.163
Europe (excl. EU-27),1996,,,,2751.304,9.057
Europe (excl. EU-27),1997,,,,2612.168,8.611
Europe (excl. EU-27),1998,,,,2595.974,8.573
Europe (excl. EU-27),1999,,,,2567.522,8.501
Europe (excl. EU-27),2000,,,,2555.099,8.484
Europe (excl. EU-27),2001,,,,2625.825,8.744
Europe (excl. EU-27),2002,,,,2592.056,8.643
Europe (excl. EU-27),2003,,,,2654.708,8.861
Europe (excl. EU-27),2004,,,,2675.993,8.953
Europe (excl. EU-27),2005,,,,2693.057,9.031
Europe (excl. EU-27),2006,,,,2777.221,9.328
Europe (excl. EU-27),2007,,,,2771.364,9.311
Europe (excl. EU-27),2008,,,,2781.405,9.341
Europe (excl. EU-27),2009,,,,2562.622,8.599
Europe (excl. EU-27),2010,,,,2693.033,9.027
Europe (excl. EU-27),2011,,,,2717.282,9.096
Europe (excl. EU-27),2012,,,,2739.982,9.155
Europe (excl. EU-27),2013,,,,2663.57,8.881
Europe (excl. EU-27),2014,,,,2570.278,8.553
Europe (excl. EU-27),2015,,,,2518.539,8.362
Europe (excl. EU-27),2016,,,,2503.531,8.291
Europe (excl. EU-27),2017,,,,2513.96,8.307
Europe (excl. EU-27),2018,,,,2564.364,8.464
Europe (excl. EU-27),2019,,,,2532.252,8.356
Europe (excl. EU-27),2020,,,,2398.624,7.924
Europe (excl. EU-27),2021,,,,2463.978,8.163
Europe (excl. EU-27),2022,,,,2358.689,7.893
Europe (excl. EU-27),2023,,,,2402.14,8.117
Europe (excl. EU-27),2024,,,,2454.348,8.297
Europe (excl. EU-28),1950,,,,604.993,3.54
Europe (excl. EU-28),1951,,,,655.444,3.784
Europe (excl. EU-28),1952,,,,698.719,3.979
Europe (excl. EU-28),1953,,,,736.588,4.137
Europe (excl. EU-28),1954,,,,805.972,4.461
Europe (excl. EU-28),1955,,,,913.738,4.983
Europe (excl. EU-28),1956,,,,1004.237,5.394
Europe (excl. EU-28),1957,,,,1096.567,5.799
Europe (excl. EU-28),1958,,,,1164.949,6.064
Europe (excl. EU-28),1959,,,,1226.44,6.291
Europe (excl. EU-28),1960,,,,1281.449,6.481
Europe (excl. EU-28),1961,,,,1322.121,6.594
Europe (excl. EU-28),1962,,,,1389.935,6.843
Europe (excl. EU-28),1963,,,,1494.224,7.271
Europe (excl. EU-28),1964,,,,1588.372,7.648
Europe (excl. EU-28),1965,,,,1683.655,8.034
Europe (excl. EU-28),1966,,,,1777.72,8.412
Europe (excl. EU-28),1967,,,,1856.023,8.713
Europe (excl. EU-28),1968,,,,1913.836,8.918
Europe (excl. EU-28),1969,,,,1993.425,9.225
Europe (excl. EU-28),1970,,,,2111.691,9.716
Europe (excl. EU-28),1971,,,,2238.733,10.239
Europe (excl. EU-28),1972,,,,2349.847,10.674
Europe (excl. EU-28),1973,,,,2457.728,11.091
Europe (excl. EU-28),1974,,,,2537.532,11.376
Europe (excl. EU-28),1975,,,,2663.701,11.862
Europe (excl. EU-28),1976,,,,2767.385,12.241
Europe (excl. EU-28),1977,,,,2856.311,12.552
Europe (excl. EU-28),1978,,,,2957.965,12.916
Europe (excl. EU-28),1979,,,,2988.246,12.971
Europe (excl. EU-28),1980,,,,3093.372,13.35
Europe (excl. EU-28),1981,,,,3044.285,13.06
Europe (excl. EU-28),1982,,,,3088.599,13.168
Europe (excl. EU-28),1983,,,,3140.769,13.298
Europe (excl. EU-28),1984,,,,3173.024,13.339
Europe (excl. EU-28),1985,,,,3409.712,14.236
Europe (excl. EU-28),1986,,,,3429.792,14.215
Europe (excl. EU-28),1987,,,,3414.358,14.043
Europe (excl. EU-28),1988,,,,3496.976,14.281
Europe (excl. EU-28),1989,,,,3413.406,13.862
Europe (excl. EU-28),1990,,,,3566.697,14.424
Europe (excl. EU-28),1991,,,,3325.887,13.41
Europe (excl. EU-28),1992,,,,2822.714,11.403
Europe (excl. EU-28),1993,,,,2618.675,10.621
Europe (excl. EU-28),1994,,,,2282.398,9.269
Europe (excl. EU-28),1995,,,,2220.395,9.028
Europe (excl. EU-28),1996,,,,2164.543,8.818
Europe (excl. EU-28),1997,,,,2049.46,8.368
Europe (excl. EU-28),1998,,,,2027.43,8.303
Europe (excl. EU-28),1999,,,,2005.873,8.249
Europe (excl. EU-28),2000,,,,1986.065,8.203
Europe (excl. EU-28),2001,,,,2047.855,8.497
Europe (excl. EU-28),2002,,,,2031.782,8.453
Europe (excl. EU-28),2003,,,,2083.089,8.688
Europe (excl. EU-28),2004,,,,2102.563,8.808
Europe (excl. EU-28),2005,,,,2122.719,8.934
Europe (excl. EU-28),2006,,,,2209.376,9.335
Europe (excl. EU-28),2007,,,,2211.797,9.368
Europe (excl. EU-28),2008,,,,2236.473,9.487
Europe (excl. EU-28),2009,,,,2068.514,8.783
Europe (excl. EU-28),2010,,,,2181.128,9.269
Europe (excl. EU-28),2011,,,,2247.568,9.555
Europe (excl. EU-28),2012,,,,2252.505,9.572
Europe (excl. EU-28),2013,,,,2185.959,9.281
Europe (excl. EU-28),2014,,,,2131.471,9.045
Europe (excl. EU-28),2015,,,,2096.078,8.889
Europe (excl. EU-28),2016,,,,2104.101,8.913
Europe (excl. EU-28),2017,,,,2126.593,9.0
Europe (excl. EU-28),2018,,,,2184.634,9.248
Europe (excl. EU-28),2019,,,,2167.499,9.186
Europe (excl. EU-28),2020,,,,2072.361,8.806
Europe (excl. EU-28),2021,,,,2121.612,9.059
Europe (excl. EU-28),2022,,,,2047.571,8.878
Europe (excl. EU-28),2023,,,,2094.314,9.216
Europe (excl. EU-28),2024,,,,2141.443,9.447
European Union (27),1950,,328139848.0,,1277.578,3.893
European Union (27),1951,,330569548.0,,1429.619,4.325
European Union (27),1952,,332995709.0,,1486.735,4.465
European Union (27),1953,,335659115.0,,1514.889,4.513
European Union (27),1954,,338440576.0,,1611.346,4.761
European Union (27),1955,,341203664.0,,1743.386,5.11
European Union (27),1956,,343895759.0,,1867.177,5.429
European Union (27),1957,,346772757.0,,1926.531,5.556
European Union (27),1958,,349930203.0,,1911.06,5.461
European Union (27),1959,,352992953.0,,1940.906,5.498
European Union (27),1960,,355933721.0,,2101.583,5.904
European Union (27),1961,,358836286.0,,2201.441,6.135
European Union (27),1962,,361790862.0,,2356.559,6.514
European Union (27),1963,,364808681.0,,2514.701,6.893
European Union (27),1964,,367854449.0,,2646.008,7.193
European Union (27),1965,,370867295.0,,2678.696,7.223
European Union (27),1966,,373786470.0,,2760.302,7.385
European Union (27),1967,,376493999.0,,2822.135,7.496
European Union (27),1968,,379165174.0,,2995.612,7.901
European Union (27),1969,,381993928.0,,3194.592,8.363
European Union (27),1970,,384384505.0,,3334.414,8.675
European Union (27),1971,,386827088.0,,3428.46,8.863
European Union (27),1972,,389707312.0,,3558.672,9.132
European Union (27),1973,,392415698.0,,3732.199,9.511
European Union (27),1974,,394860422.0,,3712.971,9.403
European Union (27),1975,,396893070.0,,3640.123,9.172
European Union (27),1976,,398786968.0,,3916.067,9.82
European Union (27),1977,,400767772.0,,3877.844,9.676
European Union (27),1978,,402652099.0,,4007.999,9.954
European Union (27),1979,,404555048.0,,4117.395,10.178
European Union (27),1980,,406687010.0,,4081.316,10.036
European Union (27),1981,,408606098.0,,3867.043,9.464
European Union (27),1982,,410027897.0,,3774.743,9.206
European Union (27),1983,,411187479.0,,3731.654,9.075
European Union (27),1984,,412217985.0,,3766.663,9.138
European Union (27),1985,,413267718.0,,3823.649,9.252
European Union (27),1986,,414423600.0,,3807.142,9.187
European Union (27),1987,,415621386.0,,3840.889,9.241
European Union (27),1988,,416955480.0,,3798.377,9.11
European Union (27),1989,,418482241.0,,3836.181,9.167
European Union (27),1990,,419997519.0,,3870.253,9.215
European Union (27),1991,,421419173.0,,3804.53,9.028
European Union (27),1992,,422863649.0,,3677.736,8.697
European Union (27),1993,,424104740.0,,3608.154,8.508
European Union (27),1994,,425189040.0,,3589.454,8.442
European Union (27),1995,,425847857.0,,3635.878,8.538
European Union (27),1996,,426181943.0,,3720.71,8.73
European Union (27),1997,,426651685.0,,3654.451,8.565
European Union (27),1998,,426655455.0,,3644.649,8.542
European Union (27),1999,,426830677.0,,3589.161,8.409
European Union (27),2000,,427627361.0,,3600.416,8.42
European Union (27),2001,,428578326.0,,3657.1,8.533
European Union (27),2002,,429890525.0,,3657.391,8.508
European Union (27),2003,,431461841.0,,3736.359,8.66
European Union (27),2004,,433058605.0,,3743.384,8.644
European Union (27),2005,,434557134.0,,3734.892,8.595
European Union (27),2006,,435683170.0,,3752.005,8.612
European Union (27),2007,,436994510.0,,3701.867,8.471
European Union (27),2008,,438548227.0,,3625.826,8.268
European Union (27),2009,,439690812.0,,3330.504,7.575
European Union (27),2010,,440608965.0,,3424.327,7.772
European Union (27),2011,,441440625.0,,3327.059,7.537
European Union (27),2012,,441999248.0,,3258.616,7.372
European Union (27),2013,,442399413.0,,3176.529,7.18
European Union (27),2014,,442964758.0,,3038.861,6.86
European Union (27),2015,,443910920.0,,3094.906,6.972
European Union (27),2016,,444911502.0,,3094.515,6.955
European Union (27),2017,,445696788.0,,3118.46,6.997
European Union (27),2018,,446503671.0,,3049.484,6.83
European Union (27),2019,,447369201.0,,2904.949,6.493
European Union (27),2020,,447777523.0,,2627.051,5.867
European Union (27),2021,,447705920.0,,2801.469,6.257
European Union (27),2022,,449113463.0,,2736.946,6.094
European Union (27),2023,,450657572.0,,2484.997,5.514
European Union (27),2024,,450259560.0,,2426.166,5.388
European Union (28),1950,,,,1776.805,4.697
European Union (28),1951,,,,1973.41,5.181
European Union (28),1952,,,,2014.148,5.252
European Union (28),1953,,,,2053.99,5.316
European Union (28),1954,,,,2163.377,5.556
European Union (28),1955,,,,2319.506,5.911
European Union (28),1956,,,,2440.922,6.175
European Union (28),1957,,,,2496.78,6.267
European Union (28),1958,,,,2467.053,6.139
European Union (28),1959,,,,2487.27,6.138
European Union (28),1960,,,,2685.485,6.574
European Union (28),1961,,,,2790.019,6.776
European Union (28),1962,,,,2949.479,7.106
European Union (28),1963,,,,3118.083,7.451
European Union (28),1964,,,,3253.875,7.713
European Union (28),1965,,,,3300.812,7.762
European Union (28),1966,,,,3378.381,7.885
European Union (28),1967,,,,3414.2,7.913
European Union (28),1968,,,,3602.108,8.292
European Union (28),1969,,,,3822.982,8.739
European Union (28),1970,,,,3986.999,9.06
European Union (28),1971,,,,4088.855,9.236
European Union (28),1972,,,,4206.706,9.437
European Union (28),1973,,,,4391.783,9.79
European Union (28),1974,,,,4330.158,9.599
European Union (28),1975,,,,4243.377,9.365
European Union (28),1976,,,,4514.6,9.922
European Union (28),1977,,,,4482.213,9.809
European Union (28),1978,,,,4612.726,10.053
European Union (28),1979,,,,4761.905,10.335
European Union (28),1980,,,,4660.355,10.066
European Union (28),1981,,,,4427.59,9.524
European Union (28),1982,,,,4322.972,9.27
European Union (28),1983,,,,4277.128,9.149
European Union (28),1984,,,,4295.76,9.166
European Union (28),1985,,,,4383.284,9.329
European Union (28),1986,,,,4375.71,9.287
European Union (28),1987,,,,4412.538,9.339
European Union (28),1988,,,,4368.656,9.217
European Union (28),1989,,,,4417.742,9.288
European Union (28),1990,,,,4472.198,9.369
European Union (28),1991,,,,4413.943,9.215
European Union (28),1992,,,,4271.583,8.888
European Union (28),1993,,,,4187.766,8.689
European Union (28),1994,,,,4163.471,8.617
European Union (28),1995,,,,4202.037,8.682
European Union (28),1996,,,,4307.47,8.891
European Union (28),1997,,,,4217.159,8.693
European Union (28),1998,,,,4213.193,8.682
European Union (28),1999,,,,4150.811,8.547
European Union (28),2000,,,,4169.449,8.567
European Union (28),2001,,,,4235.07,8.681
European Union (28),2002,,,,4217.665,8.617
European Union (28),2003,,,,4307.978,8.769
European Union (28),2004,,,,4316.813,8.752
European Union (28),2005,,,,4305.23,8.695
European Union (28),2006,,,,4319.851,8.697
European Union (28),2007,,,,4261.434,8.548
European Union (28),2008,,,,4170.758,8.332
European Union (28),2009,,,,3824.612,7.616
European Union (28),2010,,,,3936.231,7.816
European Union (28),2011,,,,3796.772,7.519
European Union (28),2012,,,,3746.093,7.404
European Union (28),2013,,,,3654.14,7.21
European Union (28),2014,,,,3477.668,6.848
European Union (28),2015,,,,3517.367,6.906
European Union (28),2016,,,,3493.946,6.84
European Union (28),2017,,,,3505.827,6.847
European Union (28),2018,,,,3429.214,6.681
European Union (28),2019,,,,3269.703,6.355
European Union (28),2020,,,,2953.314,5.733
European Union (28),2021,,,,3143.835,6.1
European Union (28),2022,,,,3048.064,5.892
European Union (28),2023,,,,2792.823,5.378
European Union (28),2024,,,,2739.072,5.274
Faroe Islands,1950,FRO,31690.0,,0.04,1.272
Faroe Islands,1951,FRO,31929.0,,0.04,1.262
Faroe Islands,1952,FRO,32038.0,,0.055,1.715
Faroe Islands,1953,FRO,32065.0,,0.084,2.628
Faroe Islands,1954,FRO,32094.0,,0.077,2.397
Faroe Islands,1955,FRO,32137.0,,0.099,3.078
Faroe Islands,1956,FRO,32349.0,,0.114,3.511
Faroe Islands,1957,FRO,32750.0,,0.095,2.909
Faroe Islands,1958,FRO,33195.0,,0.117,3.532
Faroe Islands,1959,FRO,33677.0,,0.099,2.938
Faroe Islands,1960,FRO,34150.0,,0.059,1.717
Faroe Islands,1961,FRO,34580.0,,0.114,3.285
Faroe Islands,1962,FRO,34988.0,,0.117,3.351
Faroe Islands,1963,FRO,35413.0,,0.125,3.518
Faroe Islands,1964,FRO,35866.0,,0.121,3.371
Faroe Islands,1965,FRO,36372.0,,0.136,3.727
Faroe Islands,1966,FRO,36840.0,,0.139,3.779
Faroe Islands,1967,FRO,37226.0,,0.169,4.528
Faroe Islands,1968,FRO,37586.0,,0.183,4.874
Faroe Islands,1969,FRO,37929.0,,0.213,5.603
Faroe Islands,1970,FRO,38294.0,,0.256,6.698
Faroe Islands,1971,FRO,38723.0,,0.26,6.718
Faroe Islands,1972,FRO,39199.0,,0.234,5.982
Faroe Islands,1973,FRO,39659.0,,0.253,6.375
Faroe Islands,1974,FRO,40134.0,,0.3,7.486
Faroe Islands,1975,FRO,40591.0,,0.348,8.575
Faroe Islands,1976,FRO,41045.0,,0.33,8.034
Faroe Islands,1977,FRO,41487.0,,0.407,9.803
Faroe Islands,1978,FRO,41989.0,,0.399,9.511
Faroe Islands,1979,FRO,42544.0,,0.48,11.282
Faroe Islands,1980,FRO,43092.0,,0.421,9.778
Faroe Islands,1981,FRO,43653.0,,0.44,10.072
Faroe Islands,1982,FRO,44193.0,,0.458,10.364
Faroe Islands,1983,FRO,44696.0,,0.487,10.903
Faroe Islands,1984,FRO,45168.0,,0.498,11.032
Faroe Islands,1985,FRO,45599.0,,0.517,11.33
Faroe Islands,1986,FRO,46028.0,,0.491,10.667
Faroe Islands,1987,FRO,46486.0,,0.498,10.719
Faroe Islands,1988,FRO,46981.0,,0.528,11.23
Faroe Islands,1989,FRO,47536.0,,0.579,12.178
Faroe Islands,1990,FRO,47525.0,,0.703,14.802
Faroe Islands,1991,FRO,46839.0,,0.66,14.081
Faroe Islands,1992,FRO,46043.0,,0.649,14.085
Faroe Islands,1993,FRO,45160.0,,0.583,12.9
Faroe Islands,1994,FRO,44195.0,,0.575,13.016
Faroe Islands,1995,FRO,43863.0,,0.572,13.031
Faroe Islands,1996,FRO,44203.0,,0.597,13.511
Faroe Islands,1997,FRO,44568.0,,0.586,13.154
Faroe Islands,1998,FRO,44920.0,,0.623,13.866
Faroe Islands,1999,FRO,45242.0,,0.634,14.011
Faroe Islands,2000,FRO,45687.0,,0.689,15.077
Faroe Islands,2001,FRO,46262.0,,0.762,16.474
Faroe Islands,2002,FRO,46852.0,,0.729,15.563
Faroe Islands,2003,FRO,47448.0,,0.733,15.444
Faroe Islands,2004,FRO,48041.0,,0.747,15.559
Faroe Islands,2005,FRO,48386.0,,0.722,14.918
Faroe Islands,2006,FRO,48456.0,,0.678,13.989
Faroe Islands,2007,FRO,48498.0,,0.692,14.279
Faroe Islands,2008,FRO,48528.0,,0.634,13.062
Faroe Islands,2009,FRO,48512.0,,0.575,11.858
Faroe Islands,2010,FRO,48191.0,,0.627,13.001
Faroe Islands,2011,FRO,47957.0,,0.564,11.766
Faroe Islands,2012,FRO,48113.0,,0.594,12.337
Faroe Islands,2013,FRO,48297.0,,0.649,13.428
Faroe Islands,2014,FRO,48515.0,,0.597,12.31
Faroe Islands,2015,FRO,48916.0,,0.608,12.434
Faroe Islands,2016,FRO,49554.0,,0.627,12.644
Faroe Islands,2017,FRO,50268.0,,0.703,13.995
Faroe Islands,2018,FRO,51062.0,,0.725,14.208
Faroe Islands,2019,FRO,51868.0,,0.74,14.269
Faroe Islands,2020,FRO,52615.0,,0.758,14.415
Faroe Islands,2021,FRO,53324.0,,0.784,14.704
Faroe Islands,2022,FRO,54039.0,,0.723,13.378
Faroe Islands,2023,FRO,54738.0,,0.714,13.038
Faroe Islands,2024,FRO,55419.0,,0.725,13.089
Fiji,1950,FJI,309525.0,,0.121,0.391
Fiji,1951,FJI,316137.0,,0.132,0.417
Fiji,1952,FJI,323374.0,,0.158,0.487
Fiji,1953,FJI,331225.0,,0.169,0.509
Fiji,1954,FJI,339754.0,,0.158,0.464
Fiji,1955,FJI,349084.0,,0.172,0.493
Fiji,1956,FJI,359218.0,,0.194,0.541
Fiji,1957,FJI,369923.0,,0.165,0.446
Fiji,1958,FJI,381079.0,,0.176,0.462
Fiji,1959,FJI,392770.0,,0.198,0.504
Fiji,1960,FJI,404901.0,,0.194,0.48
Fiji,1961,FJI,417418.0,,0.169,0.404
Fiji,1962,FJI,430550.0,,0.231,0.536
Fiji,1963,FJI,444288.0,,0.242,0.544
Fiji,1964,FJI,458333.0,,0.425,0.927
Fiji,1965,FJI,472583.0,,0.344,0.728
Fiji,1966,FJI,486493.0,,0.322,0.662
Fiji,1967,FJI,498881.0,,0.355,0.712
Fiji,1968,FJI,510008.0,,0.396,0.775
Fiji,1969,FJI,520805.0,,0.432,0.83
Fiji,1970,FJI,531198.0,,0.52,0.979
Fiji,1971,FJI,541132.0,,0.549,1.015
Fiji,1972,FJI,550508.0,,0.579,1.051
Fiji,1973,FJI,559232.0,,0.63,1.126
Fiji,1974,FJI,567498.0,,0.67,1.181
Fiji,1975,FJI,575919.0,,0.623,1.081
Fiji,1976,FJI,585544.0,,0.483,0.825
Fiji,1977,FJI,597811.0,,0.765,1.279
Fiji,1978,FJI,612101.0,,0.709,1.158
Fiji,1979,FJI,626876.0,,0.836,1.334
Fiji,1980,FJI,641985.0,,0.792,1.234
Fiji,1981,FJI,657473.0,,1.077,1.638
Fiji,1982,FJI,673422.0,,0.835,1.24
Fiji,1983,FJI,689845.0,,0.709,1.028
Fiji,1984,FJI,706722.0,,0.577,0.817
Fiji,1985,FJI,723767.0,,0.573,0.792
Fiji,1986,FJI,739320.0,,0.598,0.809
Fiji,1987,FJI,750551.0,,0.472,0.629
Fiji,1988,FJI,758707.0,,0.55,0.725
Fiji,1989,FJI,766331.0,,0.625,0.816
Fiji,1990,FJI,773325.0,,0.801,1.036
Fiji,1991,FJI,779666.0,,0.655,0.84
Fiji,1992,FJI,785349.0,,0.73,0.93
Fiji,1993,FJI,790380.0,,0.729,0.922
Fiji,1994,FJI,794779.0,,0.723,0.91
Fiji,1995,FJI,798750.0,,0.737,0.922
Fiji,1996,FJI,803788.0,,0.792,0.986
Fiji,1997,FJI,812145.0,,0.764,0.941
Fiji,1998,FJI,822259.0,,0.743,0.904
Fiji,1999,FJI,831835.0,,0.756,0.909
Fiji,2000,FJI,840913.0,,0.815,0.969
Fiji,2001,FJI,849606.0,,1.004,1.182
Fiji,2002,FJI,858057.0,,0.835,0.974
Fiji,2003,FJI,866297.0,,0.993,1.146
Fiji,2004,FJI,874369.0,,1.301,1.487
Fiji,2005,FJI,882384.0,,1.022,1.159
Fiji,2006,FJI,890370.0,,1.15,1.292
Fiji,2007,FJI,897843.0,,1.085,1.208
Fiji,2008,FJI,903403.0,,0.791,0.876
Fiji,2009,FJI,907248.0,,0.703,0.775
Fiji,2010,FJI,910427.0,,1.03,1.131
Fiji,2011,FJI,912991.0,,0.931,1.019
Fiji,2012,FJI,914920.0,,0.909,0.993
Fiji,2013,FJI,916359.0,,1.037,1.132
Fiji,2014,FJI,917589.0,,1.18,1.286
Fiji,2015,FJI,918585.0,,1.462,1.592
Fiji,2016,FJI,919167.0,,1.345,1.463
Fiji,2017,FJI,918762.0,,1.455,1.583
Fiji,2018,FJI,917185.0,,1.48,1.614
Fiji,2019,FJI,914906.0,,1.509,1.65
Fiji,2020,FJI,914971.0,,1.37,1.498
Fiji,2021,FJI,916718.0,,1.088,1.187
Fiji,2022,FJI,919428.0,,1.389,1.51
Fiji,2023,FJI,924150.0,,1.382,1.496
Fiji,2024,FJI,928800.0,,1.445,1.556
Finland,1950,FIN,4008410.0,27176332437.0,6.545,1.633
Finland,1951,FIN,4047646.0,29488628155.0,7.977,1.971
Finland,1952,FIN,4090839.0,30474225000.0,8.659,2.117
Finland,1953,FIN,4139764.0,30693650275.0,7.566,1.828
Finland,1954,FIN,4187256.0,33382152921.0,9.156,2.187
Finland,1955,FIN,4235197.0,35081910791.0,10.929,2.581
Finland,1956,FIN,4281930.0,36137549648.0,12.172,2.843
Finland,1957,FIN,4324192.0,37839324000.0,12.241,2.831
Finland,1958,FIN,4359882.0,38039253295.0,10.607,2.433
Finland,1959,FIN,4394750.0,40308190191.0,13.559,3.085
Finland,1960,FIN,4429631.0,43990358569.0,15.087,3.406
Finland,1961,FIN,4460998.0,47344634457.0,14.922,3.345
Finland,1962,FIN,4491739.0,48817492565.0,16.794,3.739
Finland,1963,FIN,4523897.0,50425849646.0,19.336,4.274
Finland,1964,FIN,4549092.0,52976891331.0,22.831,5.019
Finland,1965,FIN,4564150.0,55796186620.0,25.3,5.543
Finland,1966,FIN,4581446.0,57128019052.0,29.489,6.437
Finland,1967,FIN,4606642.0,58340961029.0,28.588,6.206
Finland,1968,FIN,4627352.0,59681453173.0,33.281,7.192
Finland,1969,FIN,4624083.0,65431183746.0,37.897,8.196
Finland,1970,FIN,4606308.0,70319884629.0,40.355,8.761
Finland,1971,FIN,4612135.0,71787710424.0,40.537,8.789
Finland,1972,FIN,4639548.0,77268851451.0,44.106,9.507
Finland,1973,FIN,4665909.0,82444986155.0,49.32,10.57
Finland,1974,FIN,4690366.0,84941608527.0,46.608,9.937
Finland,1975,FIN,4711172.0,85922512401.0,46.026,9.769
Finland,1976,FIN,4725340.0,85553422187.0,51.198,10.835
Finland,1977,FIN,4738581.0,85774123583.0,50.137,10.581
Finland,1978,FIN,4752243.0,87565325305.0,51.825,10.905
Finland,1979,FIN,4764437.0,93659510178.0,54.237,11.384
Finland,1980,FIN,4779358.0,98649605625.0,58.143,12.165
Finland,1981,FIN,4799849.0,100487243559.0,51.403,10.709
Finland,1982,FIN,4826884.0,103754927102.0,42.98,8.904
Finland,1983,FIN,4855791.0,106555392328.0,41.463,8.539
Finland,1984,FIN,4881827.0,109771886900.0,42.147,8.633
Finland,1985,FIN,4902262.0,113466477585.0,49.549,10.107
Finland,1986,FIN,4918256.0,116153580149.0,53.218,10.82
Finland,1987,FIN,4932257.0,120921063446.0,57.533,11.665
Finland,1988,FIN,4946629.0,126851451843.0,52.058,10.524
Finland,1989,FIN,4964525.0,134045454076.0,52.452,10.565
Finland,1990,FIN,4986576.0,134055215099.0,56.921,11.415
Finland,1991,FIN,5013889.0,126220143051.0,55.195,11.008
Finland,1992,FIN,5042145.0,122116750127.0,54.272,10.764
Finland,1993,FIN,5066594.0,121309307835.0,56.32,11.116
Finland,1994,FIN,5088454.0,126178680040.0,61.739,12.133
Finland,1995,FIN,5107919.0,131586003036.0,58.122,11.379
Finland,1996,FIN,5124715.0,136506127418.0,64.04,12.496
Finland,1997,FIN,5139927.0,145148158927.0,62.703,12.199
Finland,1998,FIN,5153545.0,153138899026.0,59.358,11.518
Finland,1999,FIN,5165516.0,160063696383.0,58.874,11.398
Finland,2000,FIN,5176197.0,169209765102.0,57.017,11.015
Finland,2001,FIN,5187970.0,173703951475.0,62.52,12.051
Finland,2002,FIN,5200548.0,176751491921.0,65.049,12.508
Finland,2003,FIN,5212958.0,180408462125.0,72.658,13.938
Finland,2004,FIN,5228147.0,187633923914.0,68.946,13.187
Finland,2005,FIN,5246078.0,192990732516.0,57.064,10.877
Finland,2006,FIN,5266248.0,200966858669.0,68.374,12.983
Finland,2007,FIN,5288715.0,211541390078.0,66.764,12.624
Finland,2008,FIN,5313379.0,213226105706.0,58.625,11.033
Finland,2009,FIN,5338854.0,195739132370.0,55.921,10.474
Finland,2010,FIN,5363347.0,201746033638.0,64.092,11.95
Finland,2011,FIN,5388236.0,207084301562.0,56.646,10.513
Finland,2012,FIN,5413978.0,204190196792.0,51.154,9.449
Finland,2013,FIN,5439057.0,202349011206.0,51.719,9.509
Finland,2014,FIN,5461686.0,201610622550.0,47.622,8.719
Finland,2015,FIN,5479719.0,202706706722.0,44.192,8.065
Finland,2016,FIN,5495468.0,208405735062.0,47.252,8.598
Finland,2017,FIN,5508398.0,215058877437.0,44.657,8.107
Finland,2018,FIN,5515730.0,217509947213.0,45.736,8.292
Finland,2019,FIN,5521754.0,220173891564.0,42.444,7.687
Finland,2020,FIN,5529616.0,214988893865.0,37.72,6.821
Finland,2021,FIN,5541069.0,221538476826.0,37.82,6.825
Finland,2022,FIN,5569300.0,226154847456.0,36.337,6.525
Finland,2023,FIN,5601185.0,,31.799,5.677
Finland,2024,FIN,5617311.0,,29.775,5.301
France,1950,FRA,41883122.0,351453788000.0,202.451,4.834
France,1951,FRA,42333662.0,373113710000.0,228.945,5.408
France,1952,FRA,42780274.0,382998896000.0,227.217,5.311
France,1953,FRA,43227873.0,394064700000.0,214.772,4.968
France,1954,FRA,43676898.0,413153816000.0,226.601,5.188
France,1955,FRA,44136093.0,436918058000.0,239.268,5.421
France,1956,FRA,44588525.0,458984646000.0,268.807,6.029
France,1957,FRA,45036374.0,486693408000.0,277.882,6.17
France,1958,FRA,45493502.0,498861258000.0,266.527,5.859
France,1959,FRA,45963766.0,513138996000.0,262.33,5.707
France,1960,FRA,46428136.0,549318528000.0,298.396,6.427
France,1961,FRA,46893841.0,579768656000.0,318.162,6.785
France,1962,FRA,47352626.0,618376451000.0,335.538,7.086
France,1963,FRA,47817823.0,650490670000.0,340.422,7.119
France,1964,FRA,48319087.0,693811349000.0,371.374,7.686
France,1965,FRA,48772824.0,727557418000.0,365.845,7.501
France,1966,FRA,49184651.0,764514102000.0,382.836,7.784
France,1967,FRA,49574907.0,799864800000.0,407.293,8.216
France,1968,FRA,49947252.0,835171410000.0,421.116,8.431
France,1969,FRA,50355300.0,893107440000.0,446.578,8.869
France,1970,FRA,50813071.0,944232666000.0,463.946,9.13
France,1971,FRA,51293056.0,989968592000.0,497.046,9.69
France,1972,FRA,51743877.0,1034024806000.0,517.593,10.003
France,1973,FRA,52162210.0,1090179853000.0,542.646,10.403
France,1974,FRA,52504744.0,1122228380000.0,524.737,9.994
France,1975,FRA,52746324.0,1114332615000.0,486.023,9.214
France,1976,FRA,52959120.0,1162522935000.0,527.372,9.958
France,1977,FRA,53197133.0,1205940906000.0,511.269,9.611
France,1978,FRA,53429668.0,1239356196000.0,532.682,9.97
France,1979,FRA,53660898.0,1279104536000.0,536.053,9.99
France,1980,FRA,53941061.0,1297124070000.0,514.509,9.538
France,1981,FRA,54255004.0,1310463345000.0,462.596,8.526
France,1982,FRA,54582405.0,1343411640000.0,443.396,8.123
France,1983,FRA,54889407.0,1359074700000.0,426.039,7.762
France,1984,FRA,55176626.0,1379095674000.0,414.656,7.515
France,1985,FRA,55467153.0,1398409950000.0,407.802,7.352
France,1986,FRA,55752833.0,1431625550000.0,392.872,7.047
France,1987,FRA,56048366.0,1467808684000.0,390.135,6.961
France,1988,FRA,56361846.0,1532315565000.0,387.601,6.877
France,1989,FRA,56685081.0,1594471896000.0,401.469,7.082
France,1990,FRA,56990239.0,1636207672000.0,394.904,6.929
France,1991,FRA,57271564.0,1654070164992.0,419.119,7.318
France,1992,FRA,57554867.0,1681416991070.0,408.433,7.096
France,1993,FRA,57801261.0,1671995828699.0,388.89,6.728
France,1994,FRA,57999868.0,1712086429935.0,381.903,6.585
France,1995,FRA,58192207.0,1748659531786.0,386.959,6.65
France,1996,FRA,58380638.0,1773843233893.0,403.352,6.909
France,1997,FRA,58568662.0,1816394950229.0,396.023,6.762
France,1998,FRA,58778817.0,1882050330390.0,414.357,7.049
France,1999,FRA,59084209.0,1949849405155.0,413.07,6.991
France,2000,FRA,59483716.0,2031676031476.0,407.445,6.85
France,2001,FRA,59905131.0,2077786711965.0,411.592,6.871
France,2002,FRA,60327247.0,2107316572579.0,407.027,6.747
France,2003,FRA,60741119.0,2130940712046.0,412.989,6.799
France,2004,FRA,61175244.0,2196883540402.0,414.073,6.769
France,2005,FRA,61625031.0,2238790479440.0,416.343,6.756
France,2006,FRA,62049831.0,2297018080700.0,406.669,6.554
France,2007,FRA,62432438.0,2354672057875.0,396.461,6.35
France,2008,FRA,62780187.0,2362451821701.0,389.794,6.209
France,2009,FRA,63106460.0,2295352990111.0,371.404,5.885
France,2010,FRA,63417366.0,2342490492199.0,377.079,5.946
France,2011,FRA,63733776.0,2393401943613.0,355.127,5.572
France,2012,FRA,64058465.0,2400896391731.0,358.1,5.59
France,2013,FRA,64387736.0,2414733629218.0,360.013,5.591
France,2014,FRA,64692495.0,2437822780219.0,327.809,5.067
France,2015,FRA,64916337.0,2464953810985.0,332.131,5.116
France,2016,FRA,65086853.0,2491956183265.0,335.496,5.155
France,2017,FRA,65284775.0,2549057506683.0,338.368,5.183
France,2018,FRA,65519537.0,2596599107835.0,323.102,4.931
France,2019,FRA,65729460.0,2644453795826.0,316.321,4.812
France,2020,FRA,65905273.0,2438594133224.0,281.515,4.272
France,2021,FRA,66083547.0,2604822841790.0,307.272,4.65
France,2022,FRA,66277412.0,2671568767031.0,295.304,4.456
France,2023,FRA,66438828.0,,270.263,4.068
France,2024,FRA,66548532.0,,264.156,3.969
French Polynesia,1950,PYF,64360.0,,,
French Polynesia,1951,PYF,65925.0,,,
French Polynesia,1952,PYF,67638.0,,,
French Polynesia,1953,PYF,69505.0,,,
French Polynesia,1954,PYF,71577.0,,,
French Polynesia,1955,PYF,73862.0,,0.044,0.595
French Polynesia,1956,PYF,76343.0,,0.044,0.576
French Polynesia,1957,PYF,78456.0,,0.051,0.654
French Polynesia,1958,PYF,80162.0,,0.051,0.64
French Polynesia,1959,PYF,81912.0,,0.029,0.358
French Polynesia,1960,PYF,83689.0,,0.037,0.438
French Polynesia,1961,PYF,85452.0,,0.059,0.686
French Polynesia,1962,PYF,87278.0,,0.048,0.546
French Polynesia,1963,PYF,89748.0,,0.066,0.735
French Polynesia,1964,PYF,92834.0,,0.066,0.71
French Polynesia,1965,PYF,96033.0,,0.084,0.878
French Polynesia,1966,PYF,99336.0,,0.121,1.217
French Polynesia,1967,PYF,102769.0,,0.139,1.355
French Polynesia,1968,PYF,106369.0,,0.154,1.447
French Polynesia,1969,PYF,110119.0,,0.161,1.464
French Polynesia,1970,PYF,114027.0,,0.194,1.703
French Polynesia,1971,PYF,117959.0,,0.227,1.926
French Polynesia,1972,PYF,121900.0,,0.216,1.773
French Polynesia,1973,PYF,125912.0,,0.209,1.659
French Polynesia,1974,PYF,129974.0,,0.216,1.663
French Polynesia,1975,PYF,134055.0,,0.213,1.585
French Polynesia,1976,PYF,138135.0,,0.264,1.91
French Polynesia,1977,PYF,142321.0,,0.275,1.931
French Polynesia,1978,PYF,146835.0,,0.311,2.121
French Polynesia,1979,PYF,151582.0,,0.282,1.861
French Polynesia,1980,PYF,156485.0,,0.293,1.873
French Polynesia,1981,PYF,161519.0,,0.33,2.042
French Polynesia,1982,PYF,166650.0,,0.337,2.023
French Polynesia,1983,PYF,171758.0,,0.421,2.453
French Polynesia,1984,PYF,176480.0,,0.462,2.616
French Polynesia,1985,PYF,181003.0,,0.59,3.259
French Polynesia,1986,PYF,185685.0,,0.608,3.276
French Polynesia,1987,PYF,190462.0,,0.612,3.213
French Polynesia,1988,PYF,195208.0,,0.575,2.947
French Polynesia,1989,PYF,199650.0,,0.542,2.716
French Polynesia,1990,PYF,203780.0,,0.524,2.571
French Polynesia,1991,PYF,207755.0,,0.528,2.54
French Polynesia,1992,PYF,211570.0,,0.498,2.355
French Polynesia,1993,PYF,215229.0,,0.52,2.417
French Polynesia,1994,PYF,218747.0,,0.535,2.445
French Polynesia,1995,PYF,222128.0,,0.524,2.359
French Polynesia,1996,PYF,225500.0,,0.524,2.324
French Polynesia,1997,PYF,229132.0,,0.542,2.367
French Polynesia,1998,PYF,232898.0,,0.535,2.297
French Polynesia,1999,PYF,236606.0,,0.594,2.509
French Polynesia,2000,PYF,240346.0,,0.685,2.851
French Polynesia,2001,PYF,244107.0,,0.769,3.152
French Polynesia,2002,PYF,247785.0,,0.806,3.253
French Polynesia,2003,PYF,251650.0,,0.835,3.32
French Polynesia,2004,PYF,255663.0,,0.843,3.296
French Polynesia,2005,PYF,259517.0,,0.832,3.205
French Polynesia,2006,PYF,263234.0,,0.839,3.187
French Polynesia,2007,PYF,266448.0,,0.857,3.218
French Polynesia,2008,PYF,268390.0,,0.868,3.235
French Polynesia,2009,PYF,269494.0,,0.861,3.195
French Polynesia,2010,PYF,270590.0,,0.923,3.412
French Polynesia,2011,PYF,271734.0,,0.883,3.25
French Polynesia,2012,PYF,273092.0,,0.876,3.207
French Polynesia,2013,PYF,274736.0,,0.883,3.214
French Polynesia,2014,PYF,276391.0,,0.85,3.076
French Polynesia,2015,PYF,277877.0,,0.846,3.046
French Polynesia,2016,PYF,279180.0,,0.868,3.11
French Polynesia,2017,PYF,280096.0,,0.876,3.126
French Polynesia,2018,PYF,279823.0,,0.879,3.143
French Polynesia,2019,PYF,279040.0,,0.89,3.191
French Polynesia,2020,PYF,279218.0,,0.832,2.979
French Polynesia,2021,PYF,279808.0,,0.868,3.103
French Polynesia,2022,PYF,280388.0,,0.887,3.162
French Polynesia,2023,PYF,281125.0,,0.882,3.139
French Polynesia,2024,PYF,281816.0,,0.923,3.275
Gabon,1950,GAB,472843.0,1229838780.0,0.01,0.022
Gabon,1951,GAB,475640.0,1275174091.0,0.014,0.029
Gabon,1952,GAB,478588.0,1322266372.0,0.018,0.038
Gabon,1953,GAB,481760.0,1370144415.0,0.015,0.032
Gabon,1954,GAB,485163.0,1420546547.0,0.016,0.033
Gabon,1955,GAB,488818.0,1473689374.0,0.016,0.033
Gabon,1956,GAB,492790.0,1527931389.0,0.021,0.042
Gabon,1957,GAB,497074.0,1583920337.0,0.022,0.045
Gabon,1958,GAB,501738.0,1643224180.0,0.025,0.051
Gabon,1959,GAB,506813.0,1704820954.0,0.022,0.043
Gabon,1960,GAB,512324.0,1775983909.0,0.132,0.257
Gabon,1961,GAB,518275.0,1988891210.0,0.165,0.318
Gabon,1962,GAB,524656.0,2049107565.0,0.088,0.168
Gabon,1963,GAB,531459.0,2121780818.0,0.073,0.138
Gabon,1964,GAB,538665.0,2158404720.0,0.191,0.354
Gabon,1965,GAB,546320.0,2194509572.0,0.216,0.396
Gabon,1966,GAB,554471.0,2292512018.0,0.381,0.687
Gabon,1967,GAB,563114.0,2387317517.0,1.011,1.796
Gabon,1968,GAB,572267.0,2447994715.0,1.96,3.425
Gabon,1969,GAB,583284.0,2645763278.0,1.433,2.456
Gabon,1970,GAB,595856.0,2874952758.0,2.081,3.493
Gabon,1971,GAB,608355.0,3169780065.0,2.843,4.674
Gabon,1972,GAB,620968.0,3528800848.0,2.737,4.408
Gabon,1973,GAB,634003.0,3888163368.0,5.309,8.374
Gabon,1974,GAB,647699.0,5423777293.0,5.448,8.412
Gabon,1975,GAB,662205.0,6464648201.0,5.364,8.1
Gabon,1976,GAB,677631.0,8766902518.0,5.704,8.417
Gabon,1977,GAB,693994.0,7664699309.0,6.306,9.087
Gabon,1978,GAB,711250.0,5820811637.0,7.555,10.622
Gabon,1979,GAB,729380.0,5849072987.0,6.747,9.25
Gabon,1980,GAB,748395.0,5997574675.0,6.625,8.852
Gabon,1981,GAB,768394.0,6303460487.0,6.564,8.543
Gabon,1982,GAB,789291.0,6108598084.0,6.544,8.29
Gabon,1983,GAB,811007.0,6451048102.0,5.509,6.792
Gabon,1984,GAB,833501.0,6934899204.0,5.979,7.174
Gabon,1985,GAB,856737.0,6773415803.0,6.299,7.352
Gabon,1986,GAB,880706.0,6719164448.0,4.951,5.621
Gabon,1987,GAB,905481.0,5567389218.0,4.009,4.428
Gabon,1988,GAB,931023.0,6282005493.0,4.321,4.641
Gabon,1989,GAB,957147.0,6819593533.0,5.757,6.015
Gabon,1990,GAB,983740.0,7172590144.0,4.485,4.559
Gabon,1991,GAB,1010821.0,7974667240.0,4.522,4.473
Gabon,1992,GAB,1038386.0,7946205803.0,4.917,4.735
Gabon,1993,GAB,1066404.0,8684711681.0,4.975,4.665
Gabon,1994,GAB,1094724.0,9485805468.0,4.542,4.149
Gabon,1995,GAB,1123212.0,10240919781.0,5.22,4.648
Gabon,1996,GAB,1152018.0,11022743781.0,5.886,5.109
Gabon,1997,GAB,1181445.0,12164042989.0,5.527,4.678
Gabon,1998,GAB,1211744.0,13062140404.0,6.453,5.325
Gabon,1999,GAB,1243023.0,12170660106.0,6.014,4.838
Gabon,2000,GAB,1275578.0,12538030035.0,6.128,4.804
Gabon,2001,GAB,1309594.0,13408080502.0,6.48,4.948
Gabon,2002,GAB,1345142.0,13745891364.0,6.25,4.647
Gabon,2003,GAB,1382354.0,14717147740.0,6.746,4.88
Gabon,2004,GAB,1421620.0,15597639635.0,6.386,4.492
Gabon,2005,GAB,1463503.0,16662264363.0,6.223,4.252
Gabon,2006,GAB,1508338.0,17083887620.0,5.543,3.675
Gabon,2007,GAB,1556242.0,19294943982.0,5.038,3.237
Gabon,2008,GAB,1607182.0,19821156608.0,5.379,3.347
Gabon,2009,GAB,1661567.0,21001791917.0,5.304,3.192
Gabon,2010,GAB,1719883.0,23885406357.0,5.528,3.214
Gabon,2011,GAB,1781987.0,27165828850.0,5.447,3.057
Gabon,2012,GAB,1846893.0,28592310064.0,5.016,2.716
Gabon,2013,GAB,1913061.0,30169739768.0,5.19,2.713
Gabon,2014,GAB,1978400.0,31507773384.0,5.663,2.863
Gabon,2015,GAB,2040990.0,32729961516.0,5.772,2.828
Gabon,2016,GAB,2100310.0,33414337569.0,5.613,2.672
Gabon,2017,GAB,2156902.0,33572391290.0,5.501,2.55
Gabon,2018,GAB,2212320.0,33855404131.0,5.563,2.515
Gabon,2019,GAB,2267711.0,35180839675.0,5.607,2.473
Gabon,2020,GAB,2322538.0,34525072669.0,5.636,2.427
Gabon,2021,GAB,2376729.0,35037430976.0,5.545,2.333
Gabon,2022,GAB,2430750.0,36035291983.0,5.783,2.379
Gabon,2023,GAB,2484790.0,,5.321,2.141
Gabon,2024,GAB,2538953.0,,5.399,2.126
Gambia,1950,GMB,306745.0,266122000.0,0.015,0.048
Gambia,1951,GMB,314501.0,282170000.0,0.015,0.047
Gambia,1952,GMB,322644.0,290248000.0,0.011,0.034
Gambia,1953,GMB,331095.0,301476000.0,0.011,0.033
Gambia,1954,GMB,339818.0,319332000.0,0.015,0.043
Gambia,1955,GMB,348799.0,328644000.0,0.015,0.042
Gambia,1956,GMB,358040.0,342090000.0,0.018,0.051
Gambia,1957,GMB,367552.0,354331000.0,0.022,0.06
Gambia,1958,GMB,377378.0,364204000.0,0.026,0.068
Gambia,1959,GMB,387547.0,386118000.0,0.018,0.047
Gambia,1960,GMB,398071.0,410784000.0,0.018,0.046
Gambia,1961,GMB,408937.0,478434000.0,0.022,0.054
Gambia,1962,GMB,420171.0,471988000.0,0.026,0.061
Gambia,1963,GMB,431766.0,475552000.0,0.029,0.068
Gambia,1964,GMB,443693.0,508326000.0,0.029,0.066
Gambia,1965,GMB,455960.0,563616000.0,0.029,0.064
Gambia,1966,GMB,468524.0,658170000.0,0.033,0.07
Gambia,1967,GMB,481598.0,681120000.0,0.033,0.068
Gambia,1968,GMB,495278.0,689626000.0,0.037,0.074
Gambia,1969,GMB,509443.0,764001000.0,0.048,0.093
Gambia,1970,GMB,524115.0,689670000.0,0.048,0.091
Gambia,1971,GMB,539394.0,689376000.0,0.055,0.102
Gambia,1972,GMB,555380.0,689678000.0,0.066,0.119
Gambia,1973,GMB,572006.0,753474000.0,0.062,0.109
Gambia,1974,GMB,589093.0,798600000.0,0.062,0.106
Gambia,1975,GMB,606829.0,847302000.0,0.099,0.163
Gambia,1976,GMB,625678.0,835752000.0,0.099,0.158
Gambia,1977,GMB,645781.0,848783000.0,0.114,0.176
Gambia,1978,GMB,667107.0,890736000.0,0.139,0.209
Gambia,1979,GMB,689783.0,862240000.0,0.147,0.212
Gambia,1980,GMB,713921.0,863900000.0,0.158,0.221
Gambia,1981,GMB,739132.0,1020591000.0,0.158,0.213
Gambia,1982,GMB,765759.0,1092471000.0,0.161,0.211
Gambia,1983,GMB,794528.0,1053702000.0,0.161,0.203
Gambia,1984,GMB,825634.0,1083342000.0,0.172,0.209
Gambia,1985,GMB,858879.0,1121623000.0,0.172,0.201
Gambia,1986,GMB,894019.0,1144710000.0,0.161,0.18
Gambia,1987,GMB,931102.0,1179634000.0,0.18,0.193
Gambia,1988,GMB,970162.0,1239875000.0,0.183,0.189
Gambia,1989,GMB,1011367.0,1283184000.0,0.18,0.178
Gambia,1990,GMB,1054703.0,1331400000.0,0.198,0.188
Gambia,1991,GMB,1099960.0,1378188611.0,0.198,0.18
Gambia,1992,GMB,1145583.0,1438713178.0,0.198,0.173
Gambia,1993,GMB,1188372.0,1492281313.0,0.209,0.176
Gambia,1994,GMB,1227233.0,1506439238.0,0.209,0.17
Gambia,1995,GMB,1264320.0,1529318604.0,0.216,0.171
Gambia,1996,GMB,1301421.0,1606890442.0,0.22,0.169
Gambia,1997,GMB,1338898.0,1625140474.0,0.224,0.167
Gambia,1998,GMB,1376994.0,1698553130.0,0.242,0.176
Gambia,1999,GMB,1415786.0,1829034023.0,0.275,0.194
Gambia,2000,GMB,1455095.0,1955249650.0,0.275,0.189
Gambia,2001,GMB,1495023.0,2082662873.0,0.3,0.201
Gambia,2002,GMB,1535700.0,2108436308.0,0.3,0.196
Gambia,2003,GMB,1577619.0,2172586623.0,0.3,0.19
Gambia,2004,GMB,1621309.0,2391385185.0,0.319,0.197
Gambia,2005,GMB,1667035.0,2386414713.0,0.319,0.191
Gambia,2006,GMB,1715285.0,2432257588.0,0.348,0.203
Gambia,2007,GMB,1765778.0,2539291281.0,0.348,0.197
Gambia,2008,GMB,1817859.0,2704420689.0,0.363,0.2
Gambia,2009,GMB,1871428.0,2899496318.0,0.374,0.2
Gambia,2010,GMB,1926634.0,3111135545.0,0.432,0.224
Gambia,2011,GMB,1983785.0,3000862000.0,0.443,0.223
Gambia,2012,GMB,2043097.0,3174000000.0,0.451,0.221
Gambia,2013,GMB,2103825.0,3327261000.0,0.429,0.204
Gambia,2014,GMB,2164535.0,3357018000.0,0.506,0.234
Gambia,2015,GMB,2224530.0,3514848000.0,0.583,0.262
Gambia,2016,GMB,2283775.0,3558432648.0,0.59,0.258
Gambia,2017,GMB,2342191.0,3704517995.0,0.597,0.255
Gambia,2018,GMB,2399633.0,3947001965.0,0.649,0.27
Gambia,2019,GMB,2456847.0,4192588256.0,0.711,0.289
Gambia,2020,GMB,2515744.0,4217390293.0,0.7,0.278
Gambia,2021,GMB,2576015.0,4439051582.0,0.725,0.282
Gambia,2022,GMB,2636472.0,4656793663.0,0.808,0.306
Gambia,2023,GMB,2697846.0,,0.773,0.286
Gambia,2024,GMB,2759999.0,,0.803,0.291
Georgia,1950,GEO,3497447.0,,2.473,0.707
Georgia,1951,GEO,3541240.0,,2.677,0.756
Georgia,1952,GEO,3586787.0,,2.866,0.799
Georgia,1953,GEO,3633971.0,,3.03,0.834
Georgia,1954,GEO,3682725.0,,3.306,0.898
Georgia,1955,GEO,3734031.0,,3.748,1.004
Georgia,1956,GEO,3789583.0,,4.114,1.085
Georgia,1957,GEO,3849537.0,,4.504,1.17
Georgia,1958,GEO,3913631.0,,4.811,1.229
Georgia,1959,GEO,3981697.0,,5.059,1.27
Georgia,1960,GEO,4053800.0,,5.268,1.3
Georgia,1961,GEO,4129030.0,,5.44,1.318
Georgia,1962,GEO,4205705.0,,5.719,1.36
Georgia,1963,GEO,4282796.0,,6.142,1.434
Georgia,1964,GEO,4358325.0,,6.541,1.501
Georgia,1965,GEO,4429323.0,,6.944,1.568
Georgia,1966,GEO,4503023.0,,7.336,1.629
Georgia,1967,GEO,4582954.0,,7.678,1.675
Georgia,1968,GEO,4663584.0,,7.902,1.694
Georgia,1969,GEO,4743027.0,,8.235,1.736
Georgia,1970,GEO,4804060.0,,8.654,1.801
Georgia,1971,GEO,4843142.0,,9.203,1.9
Georgia,1972,GEO,4877271.0,,9.696,1.988
Georgia,1973,GEO,4911012.0,45633238523.0,10.122,2.061
Georgia,1974,GEO,4944639.0,,10.525,2.128
Georgia,1975,GEO,4979408.0,,11.08,2.225
Georgia,1976,GEO,5015923.0,,11.517,2.296
Georgia,1977,GEO,5053556.0,,11.919,2.359
Georgia,1978,GEO,5091795.0,,12.339,2.423
Georgia,1979,GEO,5128680.0,,12.448,2.427
Georgia,1980,GEO,5165546.0,53075684400.0,12.94,2.505
Georgia,1981,GEO,5205035.0,56073504282.0,12.721,2.444
Georgia,1982,GEO,5246476.0,59230182873.0,12.967,2.472
Georgia,1983,GEO,5290185.0,62771734060.0,13.169,2.489
Georgia,1984,GEO,5334255.0,67763114261.0,13.302,2.494
Georgia,1985,GEO,5376897.0,72015928109.0,14.34,2.667
Georgia,1986,GEO,5419131.0,72225369347.0,14.157,2.612
Georgia,1987,GEO,5461017.0,71824271734.0,14.516,2.658
Georgia,1988,GEO,5500241.0,78021437607.0,15.133,2.751
Georgia,1989,GEO,5499644.0,76442578457.0,15.043,2.735
Georgia,1990,GEO,5448865.0,65874153359.0,14.85,2.725
Georgia,1991,GEO,5379509.0,51732418013.0,14.602,2.714
Georgia,1992,GEO,5294186.0,28371171916.0,14.127,2.668
Georgia,1993,GEO,5178784.0,19963504254.0,9.884,1.909
Georgia,1994,GEO,5046267.0,17806249680.0,5.897,1.169
Georgia,1995,GEO,4925742.0,18187119363.0,2.266,0.46
Georgia,1996,GEO,4812774.0,19998469132.0,4.046,0.841
Georgia,1997,GEO,4695359.0,22010932129.0,4.412,0.94
Georgia,1998,GEO,4576447.0,22536773053.0,4.864,1.063
Georgia,1999,GEO,4455581.0,23091342082.0,4.246,0.953
Georgia,2000,GEO,4328361.0,23550477143.0,4.497,1.039
Georgia,2001,GEO,4209641.0,24543619701.0,3.723,0.884
Georgia,2002,GEO,4127854.0,25794086372.0,3.347,0.811
Georgia,2003,GEO,4085489.0,28539726793.0,3.731,0.913
Georgia,2004,GEO,4056076.0,30055110813.0,4.278,1.055
Georgia,2005,GEO,4026135.0,32780625465.0,5.046,1.253
Georgia,2006,GEO,3996584.0,35705812889.0,6.273,1.57
Georgia,2007,GEO,3967592.0,40006939154.0,6.609,1.666
Georgia,2008,GEO,3941192.0,40781279289.0,5.747,1.458
Georgia,2009,GEO,3918935.0,39112877651.0,6.171,1.575
Georgia,2010,GEO,3895932.0,41359835742.0,6.29,1.614
Georgia,2011,GEO,3868724.0,44138043878.0,7.814,2.02
Georgia,2012,GEO,3839208.0,46970386649.0,8.294,2.16
Georgia,2013,GEO,3809128.0,48668828674.0,8.028,2.108
Georgia,2014,GEO,3792921.0,50830708616.0,9.058,2.388
Georgia,2015,GEO,3791570.0,52369351007.0,9.791,2.582
Georgia,2016,GEO,3792061.0,53891203471.0,10.043,2.648
Georgia,2017,GEO,3792860.0,56501161966.0,10.06,2.652
Georgia,2018,GEO,3794881.0,59237502380.0,9.888,2.606
Georgia,2019,GEO,3796722.0,62188716739.0,10.517,2.77
Georgia,2020,GEO,3795680.0,57984758412.0,10.378,2.734
Georgia,2021,GEO,3788450.0,64053441556.0,10.75,2.838
Georgia,2022,GEO,3794782.0,70528605169.0,12.0,3.162
Georgia,2023,GEO,3807494.0,,11.922,3.131
Georgia,2024,GEO,3807668.0,,11.784,3.095
Germany,1950,DEU,69847778.0,422965091953.0,510.499,7.309
Germany,1951,DEU,69782050.0,461743918375.0,576.631,8.263
Germany,1952,DEU,69826948.0,501792181828.0,610.757,8.747
Germany,1953,DEU,69935116.0,543743732343.0,623.25,8.912
Germany,1954,DEU,70104621.0,584376932156.0,659.494,9.407
Germany,1955,DEU,70334149.0,648607430625.0,723.231,10.283
Germany,1956,DEU,70613897.0,695152368843.0,765.942,10.847
Germany,1957,DEU,71088145.0,734905339593.0,777.666,10.939
Germany,1958,DEU,71694674.0,767711393867.0,756.119,10.546
Germany,1959,DEU,72241718.0,823838461875.0,755.483,10.458
Germany,1960,DEU,72811635.0,890210010796.0,813.602,11.174
Germany,1961,DEU,73376114.0,926835906445.0,834.506,11.373
Germany,1962,DEU,73997000.0,966424869859.0,882.843,11.931
Germany,1963,DEU,74698003.0,993706226179.0,945.242,12.654
Germany,1964,DEU,75313480.0,1054006883218.0,968.632,12.861
Germany,1965,DEU,75966968.0,1107504064578.0,959.842,12.635
Germany,1966,DEU,76611025.0,1140349155937.0,951.155,12.415
Germany,1967,DEU,76970794.0,1143923059359.0,936.013,12.161
Germany,1968,DEU,77321280.0,1204136496632.0,984.582,12.734
Germany,1969,DEU,77944022.0,1283751483890.0,1051.803,13.494
Germany,1970,DEU,78205103.0,1343859725507.0,1025.802,13.117
Germany,1971,DEU,78345876.0,1383509131023.0,1037.079,13.237
Germany,1972,DEU,78719924.0,1440601389742.0,1041.356,13.229
Germany,1973,DEU,78966975.0,1505896472437.0,1085.603,13.748
Germany,1974,DEU,78996691.0,1518360951937.0,1062.511,13.45
Germany,1975,DEU,78701861.0,1510149923703.0,1002.286,12.735
Germany,1976,DEU,78364503.0,1583048234281.0,1090.808,13.92
Germany,1977,DEU,78185560.0,1628636036117.0,1052.513,13.462
Germany,1978,DEU,78115357.0,1674283009992.0,1079.067,13.814
Germany,1979,DEU,78147898.0,1741603152539.0,1117.745,14.303
Germany,1980,DEU,78315373.0,1761467996906.0,1099.901,14.045
Germany,1981,DEU,78448044.0,1768196429703.0,1048.362,13.364
Germany,1982,DEU,78393670.0,1753143244687.0,1015.5,12.954
Germany,1983,DEU,78224137.0,1784298628750.0,1011.436,12.93
Germany,1984,DEU,77998197.0,1834585161062.0,1033.017,13.244
Germany,1985,DEU,77863423.0,1874769842531.0,1043.913,13.407
Germany,1986,DEU,77923806.0,1916181384234.0,1047.234,13.439
Germany,1987,DEU,78062321.0,1945055815890.0,1032.267,13.224
Germany,1988,DEU,78385992.0,2009989460679.0,1028.702,13.124
Germany,1989,DEU,79007062.0,2075675216851.0,1008.565,12.766
Germany,1990,DEU,79707963.0,2015547498359.0,1054.796,13.233
Germany,1991,DEU,80303190.0,2141316417831.0,1016.93,12.664
Germany,1992,DEU,80934901.0,2204952392823.0,969.464,11.978
Germany,1993,DEU,81486771.0,2206290854718.0,959.386,11.774
Germany,1994,DEU,81773613.0,2283952742009.0,943.228,11.535
Germany,1995,DEU,82019890.0,2347761113534.0,939.934,11.46
Germany,1996,DEU,82263195.0,2391519573153.0,959.69,11.666
Germany,1997,DEU,82389631.0,2461046373781.0,931.508,11.306
Germany,1998,DEU,82011933.0,2535903706522.0,923.499,11.261
Germany,1999,DEU,81678279.0,2613176576967.0,895.442,10.963
Germany,2000,DEU,81797255.0,2718560455818.0,898.976,10.99
Germany,2001,DEU,81933882.0,2793373055251.0,915.255,11.171
Germany,2002,DEU,82068328.0,2822441773260.0,898.834,10.952
Germany,2003,DEU,82111619.0,2831676106520.0,894.501,10.894
Germany,2004,DEU,82092706.0,2894624877966.0,876.57,10.678
Germany,2005,DEU,82046733.0,2945460930734.0,867.88,10.578
Germany,2006,DEU,81701971.0,3086359147617.0,886.434,10.85
Germany,2007,DEU,81298546.0,3220275669650.0,846.153,10.408
Germany,2008,DEU,81110780.0,3289020399474.0,856.643,10.561
Germany,2009,DEU,80935276.0,3136502162046.0,789.984,9.761
Germany,2010,DEU,80830916.0,3301123203586.0,826.705,10.228
Germany,2011,DEU,80857877.0,3467712967640.0,804.542,9.95
Germany,2012,DEU,80916391.0,3482225441398.0,814.093,10.061
Germany,2013,DEU,81041581.0,3497463140441.0,831.746,10.263
Germany,2014,DEU,81376078.0,3574741315261.0,792.584,9.74
Germany,2015,DEU,82077546.0,3628073946157.0,800.823,9.757
Germany,2016,DEU,82760102.0,3708979940863.0,797.988,9.642
Germany,2017,DEU,83104010.0,3808389445530.0,784.595,9.441
Germany,2018,DEU,83368507.0,3845758522294.0,758.771,9.101
Germany,2019,DEU,83559184.0,3886392581475.0,708.649,8.481
Germany,2020,DEU,83628711.0,3742721113842.0,647.177,7.739
Germany,2021,DEU,83697080.0,3841041747482.0,677.998,8.101
Germany,2022,DEU,84086227.0,3909612753939.0,667.843,7.942
Germany,2023,DEU,84548233.0,,593.766,7.023
Germany,2024,DEU,84552234.0,,572.319,6.769
Ghana,1950,GHA,5080664.0,9471847933.0,0.638,0.125
Ghana,1951,GHA,5229134.0,9829291757.0,0.876,0.167
Ghana,1952,GHA,5387494.0,9643969687.0,0.868,0.161
Ghana,1953,GHA,5553969.0,10980610968.0,1.019,0.183
Ghana,1954,GHA,5729430.0,12356388690.0,1.004,0.175
Ghana,1955,GHA,5914933.0,11570983195.0,1.187,0.201
Ghana,1956,GHA,6109604.0,12246858022.0,1.077,0.176
Ghana,1957,GHA,6312498.0,12641967833.0,1.293,0.205
Ghana,1958,GHA,6520157.0,12435584798.0,1.363,0.209
Ghana,1959,GHA,6735545.0,14239255227.0,1.323,0.196
Ghana,1960,GHA,6961216.0,15287348197.0,1.462,0.21
Ghana,1961,GHA,7162672.0,15823559281.0,1.345,0.188
Ghana,1962,GHA,7337378.0,16600794841.0,1.433,0.195
Ghana,1963,GHA,7514721.0,17169914228.0,1.722,0.229
Ghana,1964,GHA,7695744.0,17540206475.0,1.649,0.214
Ghana,1965,GHA,7882609.0,17781316552.0,1.704,0.216
Ghana,1966,GHA,8074529.0,17793748958.0,1.44,0.178
Ghana,1967,GHA,8271924.0,18118114308.0,1.495,0.181
Ghana,1968,GHA,8475734.0,18371777993.0,1.649,0.195
Ghana,1969,GHA,8690384.0,19027109062.0,1.488,0.171
Ghana,1970,GHA,8925813.0,19950905859.0,2.404,0.269
Ghana,1971,GHA,9176264.0,21547946044.0,2.03,0.221
Ghana,1972,GHA,9438189.0,20905428266.0,2.217,0.235
Ghana,1973,GHA,9714615.0,21489362556.0,2.257,0.232
Ghana,1974,GHA,10000528.0,22969375684.0,2.675,0.267
Ghana,1975,GHA,10294312.0,20114310261.0,2.411,0.234
Ghana,1976,GHA,10594918.0,19405241953.0,2.107,0.199
Ghana,1977,GHA,10911869.0,19832582164.0,2.696,0.247
Ghana,1978,GHA,11248453.0,21527328750.0,2.718,0.242
Ghana,1979,GHA,11597251.0,20985197288.0,2.521,0.217
Ghana,1980,GHA,11941451.0,20314685312.0,2.411,0.202
Ghana,1981,GHA,12281722.0,20343920898.0,2.847,0.232
Ghana,1982,GHA,12643820.0,18939202132.0,2.895,0.229
Ghana,1983,GHA,13029841.0,18070475618.0,3.51,0.269
Ghana,1984,GHA,13370591.0,19633898320.0,2.466,0.184
Ghana,1985,GHA,13661237.0,20623114270.0,3.144,0.23
Ghana,1986,GHA,13965221.0,21705410302.0,2.935,0.21
Ghana,1987,GHA,14289110.0,22750392246.0,3.147,0.22
Ghana,1988,GHA,14636577.0,24022226500.0,3.21,0.219
Ghana,1989,GHA,15006814.0,25253180566.0,3.059,0.204
Ghana,1990,GHA,15394650.0,26095563069.0,3.514,0.228
Ghana,1991,GHA,15787495.0,27591405114.0,3.902,0.247
Ghana,1992,GHA,16184863.0,28798780490.0,3.243,0.2
Ghana,1993,GHA,16589521.0,30003484574.0,3.818,0.23
Ghana,1994,GHA,16993190.0,31249854280.0,4.54,0.267
Ghana,1995,GHA,17399023.0,32723356676.0,4.624,0.266
Ghana,1996,GHA,17810184.0,34380471108.0,4.858,0.273
Ghana,1997,GHA,18238961.0,36217443285.0,5.514,0.302
Ghana,1998,GHA,18688041.0,38085090200.0,5.584,0.299
Ghana,1999,GHA,19149875.0,39944569386.0,5.613,0.293
Ghana,2000,GHA,19637085.0,41569375833.0,5.313,0.271
Ghana,2001,GHA,20167073.0,43462708607.0,5.969,0.296
Ghana,2002,GHA,20729392.0,45606385848.0,6.483,0.313
Ghana,2003,GHA,21296710.0,48182826322.0,6.685,0.314
Ghana,2004,GHA,21868298.0,51015950853.0,6.451,0.295
Ghana,2005,GHA,22449446.0,54178109578.0,6.113,0.272
Ghana,2006,GHA,23040704.0,57735681030.0,8.523,0.37
Ghana,2007,GHA,23642284.0,60409358255.0,8.982,0.38
Ghana,2008,GHA,24249945.0,66155974151.0,8.324,0.343
Ghana,2009,GHA,24862667.0,69564814012.0,6.868,0.276
Ghana,2010,GHA,25475000.0,75296610301.0,8.943,0.351
Ghana,2011,GHA,26095091.0,86160263888.0,10.329,0.396
Ghana,2012,GHA,26734273.0,93421855305.0,12.641,0.473
Ghana,2013,GHA,27386193.0,100187456075.0,12.61,0.46
Ghana,2014,GHA,28041592.0,103048820009.0,13.257,0.473
Ghana,2015,GHA,28696071.0,105234477793.0,14.568,0.508
Ghana,2016,GHA,29356736.0,108784039058.0,13.914,0.474
Ghana,2017,GHA,30008364.0,117627099029.0,12.437,0.414
Ghana,2018,GHA,30637592.0,124919973796.0,15.19,0.496
Ghana,2019,GHA,31258943.0,133049773378.0,16.415,0.525
Ghana,2020,GHA,31887802.0,133733644694.0,19.164,0.601
Ghana,2021,GHA,32518662.0,140896419821.0,20.556,0.632
Ghana,2022,GHA,33149152.0,145431875240.0,20.745,0.626
Ghana,2023,GHA,33787916.0,,20.136,0.596
Ghana,2024,GHA,34427417.0,,21.022,0.611
Greece,1950,GRC,7651080.0,23091516943.0,4.128,0.539
Greece,1951,GRC,7712877.0,25133722898.0,4.575,0.593
Greece,1952,GRC,7775541.0,25303194000.0,4.797,0.617
Greece,1953,GRC,7841269.0,28774727485.0,4.885,0.623
Greece,1954,GRC,7910864.0,29671336119.0,5.082,0.642
Greece,1955,GRC,7984712.0,31917911110.0,5.953,0.746
Greece,1956,GRC,8060991.0,34637759860.0,6.286,0.78
Greece,1957,GRC,8136981.0,36894464393.0,6.814,0.837
Greece,1958,GRC,8214992.0,38601687824.0,7.447,0.907
Greece,1959,GRC,8297715.0,40019053582.0,8.121,0.979
Greece,1960,GRC,8384484.0,41761937446.0,9.392,1.12
Greece,1961,GRC,8447008.0,45416653343.0,9.808,1.161
Greece,1962,GRC,8473374.0,47115797663.0,10.152,1.198
Greece,1963,GRC,8488371.0,51912264250.0,12.239,1.442
Greece,1964,GRC,8504000.0,56177339920.0,13.202,1.552
Greece,1965,GRC,8521368.0,61451243327.0,16.999,1.995
Greece,1966,GRC,8579991.0,65205340849.0,18.621,2.17
Greece,1967,GRC,8655153.0,68790155578.0,19.504,2.253
Greece,1968,GRC,8717916.0,73369978458.0,22.286,2.556
Greece,1969,GRC,8747069.0,80630470908.0,25.434,2.908
Greece,1970,GRC,8747778.0,87048776074.0,24.126,2.758
Greece,1971,GRC,8787031.0,93246910526.0,27.75,3.158
Greece,1972,GRC,8849379.0,104841366430.0,31.477,3.557
Greece,1973,GRC,8893404.0,108952706609.0,37.131,4.175
Greece,1974,GRC,8929111.0,104999066593.0,36.062,4.039
Greece,1975,GRC,9016969.0,111353885381.0,38.67,4.289
Greece,1976,GRC,9160211.0,118430933161.0,42.656,4.657
Greece,1977,GRC,9282025.0,122480960308.0,46.657,5.027
Greece,1978,GRC,9389966.0,130699231523.0,47.682,5.078
Greece,1979,GRC,9526008.0,135518423132.0,50.819,5.335
Greece,1980,GRC,9653419.0,137887819824.0,50.889,5.272
Greece,1981,GRC,9754398.0,137962177460.0,50.125,5.139
Greece,1982,GRC,9837470.0,138508058074.0,51.509,5.236
Greece,1983,GRC,9911493.0,139066318621.0,54.789,5.528
Greece,1984,GRC,9978779.0,142899252766.0,56.285,5.64
Greece,1985,GRC,10037038.0,147360306005.0,59.772,5.955
Greece,1986,GRC,10088766.0,149738266153.0,58.275,5.776
Greece,1987,GRC,10134533.0,149058782062.0,62.576,6.175
Greece,1988,GRC,10177007.0,155690542546.0,67.052,6.589
Greece,1989,GRC,10218041.0,161665833838.0,73.227,7.166
Greece,1990,GRC,10258494.0,161708974933.0,83.437,8.133
Greece,1991,GRC,10306645.0,167630714744.0,83.406,8.092
Greece,1992,GRC,10359895.0,170259945599.0,84.974,8.202
Greece,1993,GRC,10412752.0,168977989489.0,84.283,8.094
Greece,1994,GRC,10466266.0,173829055414.0,86.429,8.258
Greece,1995,GRC,10519233.0,178710456938.0,86.962,8.267
Greece,1996,GRC,10570083.0,185480705042.0,89.114,8.431
Greece,1997,GRC,10622327.0,195536972604.0,93.801,8.831
Greece,1998,GRC,10675411.0,204984690770.0,98.621,9.238
Greece,1999,GRC,10727953.0,213181329734.0,97.934,9.129
Greece,2000,GRC,10782638.0,223530895992.0,102.973,9.55
Greece,2001,GRC,10843166.0,234861781413.0,105.361,9.717
Greece,2002,GRC,10890287.0,246267119689.0,105.0,9.642
Greece,2003,GRC,10918467.0,262880256421.0,109.067,9.989
Greece,2004,GRC,10947369.0,278667908011.0,109.485,10.001
Greece,2005,GRC,10981340.0,282859759866.0,113.889,10.371
Greece,2006,GRC,11016107.0,301538680337.0,112.419,10.205
Greece,2007,GRC,11045737.0,314210147911.0,114.545,10.37
Greece,2008,GRC,11076874.0,315974328109.0,111.08,10.028
Greece,2009,GRC,11108067.0,305101334774.0,104.319,9.391
Greece,2010,GRC,11124666.0,290984350750.0,97.354,8.751
Greece,2011,GRC,11108838.0,266793942822.0,94.505,8.507
Greece,2012,GRC,11048291.0,247887031358.0,91.393,8.272
Greece,2013,GRC,10967534.0,241650188710.0,81.713,7.45
Greece,2014,GRC,10893169.0,242799798246.0,78.636,7.219
Greece,2015,GRC,10820902.0,242323725826.0,74.927,6.924
Greece,2016,GRC,10775506.0,241143085639.0,71.36,6.622
Greece,2017,GRC,10753532.0,243776808141.0,74.842,6.96
Greece,2018,GRC,10730846.0,247844015413.0,71.778,6.689
Greece,2019,GRC,10718581.0,252514250712.0,65.736,6.133
Greece,2020,GRC,10699370.0,229777821500.0,55.577,5.194
Greece,2021,GRC,10579561.0,249158215293.0,57.528,5.438
Greece,2022,GRC,10412481.0,263892672733.0,57.609,5.533
Greece,2023,GRC,10242910.0,,51.988,5.076
Greece,2024,GRC,10047813.0,,53.361,5.311
Greenland,1950,GRL,23231.0,,0.099,4.258
Greenland,1951,GRL,23689.0,,0.099,4.176
Greenland,1952,GRL,24194.0,,0.106,4.392
Greenland,1953,GRL,24827.0,,0.121,4.87
Greenland,1954,GRL,25518.0,,0.103,4.02
Greenland,1955,GRL,26283.0,,0.209,7.946
Greenland,1956,GRL,27199.0,,0.143,5.254
Greenland,1957,GRL,28285.0,,0.161,5.7
Greenland,1958,GRL,29457.0,,0.227,7.712
Greenland,1959,GRL,30746.0,,0.234,7.627
Greenland,1960,GRL,32123.0,,0.224,6.958
Greenland,1961,GRL,33435.0,,0.293,8.767
Greenland,1962,GRL,34667.0,,0.264,7.61
Greenland,1963,GRL,35923.0,,0.33,9.18
Greenland,1964,GRL,37225.0,,0.315,8.465
Greenland,1965,GRL,38583.0,,0.344,8.927
Greenland,1966,GRL,39990.0,,0.388,9.712
Greenland,1967,GRL,41421.0,,0.418,10.084
Greenland,1968,GRL,42801.0,,0.542,12.67
Greenland,1969,GRL,44159.0,,0.407,9.21
Greenland,1970,GRL,45485.0,,0.381,8.378
Greenland,1971,GRL,46519.0,,0.469,10.082
Greenland,1972,GRL,47279.0,,0.553,11.702
Greenland,1973,GRL,48000.0,,0.557,11.603
Greenland,1974,GRL,48647.0,,0.557,11.448
Greenland,1975,GRL,49189.0,,0.506,10.279
Greenland,1976,GRL,49612.0,,0.22,4.431
Greenland,1977,GRL,49776.0,,0.722,14.501
Greenland,1978,GRL,49771.0,,0.392,7.877
Greenland,1979,GRL,49802.0,,0.572,11.477
Greenland,1980,GRL,50130.0,,0.564,11.256
Greenland,1981,GRL,50732.0,,0.528,10.4
Greenland,1982,GRL,51354.0,,0.517,10.06
Greenland,1983,GRL,51987.0,,0.363,6.977
Greenland,1984,GRL,52632.0,,0.568,10.79
Greenland,1985,GRL,53234.0,,0.509,9.567
Greenland,1986,GRL,53759.0,,0.326,6.066
Greenland,1987,GRL,54280.0,,0.234,4.32
Greenland,1988,GRL,54819.0,,0.546,9.959
Greenland,1989,GRL,55333.0,,0.473,8.542
Greenland,1990,GRL,55650.0,,0.624,11.217
Greenland,1991,GRL,55740.0,,0.609,10.933
Greenland,1992,GRL,55769.0,,0.595,10.674
Greenland,1993,GRL,55780.0,,0.545,9.778
Greenland,1994,GRL,55766.0,,0.495,8.884
Greenland,1995,GRL,55857.0,,0.534,9.557
Greenland,1996,GRL,56020.0,,0.596,10.648
Greenland,1997,GRL,56115.0,,0.617,11.001
Greenland,1998,GRL,56175.0,,0.596,10.619
Greenland,1999,GRL,56148.0,,0.594,10.581
Greenland,2000,GRL,56228.0,,0.667,11.866
Greenland,2001,GRL,56433.0,,0.618,10.948
Greenland,2002,GRL,56617.0,,0.579,10.234
Greenland,2003,GRL,56781.0,,0.649,11.435
Greenland,2004,GRL,56926.0,,0.623,10.937
Greenland,2005,GRL,56969.0,,0.627,11.001
Greenland,2006,GRL,56901.0,,0.644,11.313
Greenland,2007,GRL,56807.0,,0.635,11.182
Greenland,2008,GRL,56683.0,,0.654,11.531
Greenland,2009,GRL,56547.0,,0.577,10.207
Greenland,2010,GRL,56634.0,,0.661,11.666
Greenland,2011,GRL,56853.0,,0.705,12.402
Greenland,2012,GRL,56797.0,,0.547,9.631
Greenland,2013,GRL,56532.0,,0.562,9.945
Greenland,2014,GRL,56195.0,,0.503,8.942
Greenland,2015,GRL,56048.0,,0.548,9.77
Greenland,2016,GRL,56082.0,,0.509,9.08
Greenland,2017,GRL,56094.0,,0.536,9.554
Greenland,2018,GRL,56100.0,,0.524,9.336
Greenland,2019,GRL,56109.0,,0.526,9.377
Greenland,2020,GRL,56105.0,,0.55,9.794
Greenland,2021,GRL,56065.0,,0.546,9.745
Greenland,2022,GRL,56014.0,,0.587,10.483
Greenland,2023,GRL,55951.0,,0.609,10.884
Greenland,2024,GRL,55864.0,,0.619,11.08
Grenada,1950,GRD,77280.0,,0.007,0.095
Grenada,1951,GRD,77952.0,,0.011,0.141
Grenada,1952,GRD,78952.0,,0.011,0.139
Grenada,1953,GRD,80229.0,,0.011,0.137
Grenada,1954,GRD,81795.0,,0.011,0.134
Grenada,1955,GRD,83657.0,,0.011,0.131
Grenada,1956,GRD,85817.0,,0.011,0.128
Grenada,1957,GRD,88168.0,,0.011,0.125
Grenada,1958,GRD,90432.0,,0.015,0.162
Grenada,1959,GRD,92449.0,,0.015,0.159
Grenada,1960,GRD,94074.0,,0.022,0.234
Grenada,1961,GRD,95347.0,,0.018,0.192
Grenada,1962,GRD,96393.0,,0.026,0.266
Grenada,1963,GRD,97212.0,,0.015,0.151
Grenada,1964,GRD,97772.0,,0.022,0.225
Grenada,1965,GRD,98081.0,,0.022,0.224
Grenada,1966,GRD,98137.0,,0.029,0.299
Grenada,1967,GRD,98079.0,,0.037,0.374
Grenada,1968,GRD,98097.0,,0.04,0.411
Grenada,1969,GRD,98220.0,,0.048,0.485
Grenada,1970,GRD,98431.0,,0.044,0.447
Grenada,1971,GRD,98659.0,,0.048,0.483
Grenada,1972,GRD,98793.0,,0.048,0.482
Grenada,1973,GRD,98723.0,,0.055,0.557
Grenada,1974,GRD,98501.0,,0.037,0.372
Grenada,1975,GRD,98144.0,,0.048,0.485
Grenada,1976,GRD,97655.0,,0.048,0.488
Grenada,1977,GRD,97031.0,,0.048,0.491
Grenada,1978,GRD,96322.0,,0.051,0.533
Grenada,1979,GRD,95507.0,,0.048,0.499
Grenada,1980,GRD,94554.0,,0.048,0.504
Grenada,1981,GRD,94066.0,,0.059,0.623
Grenada,1982,GRD,94399.0,,0.062,0.66
Grenada,1983,GRD,94963.0,,0.062,0.656
Grenada,1984,GRD,95518.0,,0.062,0.652
Grenada,1985,GRD,96124.0,,0.062,0.648
Grenada,1986,GRD,96807.0,,0.066,0.681
Grenada,1987,GRD,97537.0,,0.073,0.751
Grenada,1988,GRD,98323.0,,0.095,0.969
Grenada,1989,GRD,99133.0,,0.099,0.998
Grenada,1990,GRD,99973.0,,0.106,1.063
Grenada,1991,GRD,100806.0,,0.11,1.09
Grenada,1992,GRD,101618.0,,0.117,1.154
Grenada,1993,GRD,102398.0,,0.125,1.217
Grenada,1994,GRD,103150.0,,0.143,1.385
Grenada,1995,GRD,103890.0,,0.15,1.446
Grenada,1996,GRD,104599.0,,0.154,1.471
Grenada,1997,GRD,105309.0,,0.169,1.6
Grenada,1998,GRD,106023.0,,0.176,1.659
Grenada,1999,GRD,106744.0,,0.191,1.785
Grenada,2000,GRD,107466.0,,0.187,1.739
Grenada,2001,GRD,107998.0,,0.194,1.798
Grenada,2002,GRD,108414.0,,0.202,1.859
Grenada,2003,GRD,108895.0,,0.213,1.952
Grenada,2004,GRD,109338.0,,0.205,1.877
Grenada,2005,GRD,109744.0,,0.216,1.97
Grenada,2006,GRD,110149.0,,0.224,2.029
Grenada,2007,GRD,110532.0,,0.238,2.155
Grenada,2008,GRD,110911.0,,0.26,2.346
Grenada,2009,GRD,111266.0,,0.249,2.239
Grenada,2010,GRD,111600.0,,0.256,2.298
Grenada,2011,GRD,112093.0,,0.249,2.223
Grenada,2012,GRD,112792.0,,0.267,2.371
Grenada,2013,GRD,113499.0,,0.3,2.647
Grenada,2014,GRD,114148.0,,0.242,2.119
Grenada,2015,GRD,114691.0,,0.26,2.268
Grenada,2016,GRD,115147.0,,0.275,2.387
Grenada,2017,GRD,115448.0,,0.293,2.539
Grenada,2018,GRD,115703.0,,0.308,2.66
Grenada,2019,GRD,115995.0,,0.333,2.874
Grenada,2020,GRD,116353.0,,0.289,2.488
Grenada,2021,GRD,116696.0,,0.311,2.669
Grenada,2022,GRD,116928.0,,0.342,2.928
Grenada,2023,GRD,117094.0,,0.363,3.1
Grenada,2024,GRD,117218.0,,0.377,3.216
Guatemala,1950,GTM,3097199.0,9865907494.0,0.622,0.201
Guatemala,1951,GTM,3177369.0,10004358000.0,0.637,0.201
Guatemala,1952,GTM,3261653.0,10213516000.0,0.645,0.198
Guatemala,1953,GTM,3348816.0,10588291000.0,0.681,0.203
Guatemala,1954,GTM,3439109.0,10782944000.0,0.744,0.216
Guatemala,1955,GTM,3533311.0,11053790000.0,0.916,0.259
Guatemala,1956,GTM,3631180.0,12055894000.0,0.978,0.269
Guatemala,1957,GTM,3732743.0,12737280000.0,0.985,0.264
Guatemala,1958,GTM,3837036.0,13335210000.0,1.128,0.294
Guatemala,1959,GTM,3946497.0,13990280000.0,1.238,0.314
Guatemala,1960,GTM,4063659.0,14333600000.0,1.344,0.331
Guatemala,1961,GTM,4186205.0,14947424000.0,1.406,0.336
Guatemala,1962,GTM,4312050.0,15472281000.0,1.381,0.32
Guatemala,1963,GTM,4440271.0,16951572000.0,1.52,0.342
Guatemala,1964,GTM,4571105.0,17735100000.0,1.769,0.387
Guatemala,1965,GTM,4704973.0,18509400000.0,1.974,0.42
Guatemala,1966,GTM,4840960.0,19531819000.0,1.74,0.359
Guatemala,1967,GTM,4978867.0,20331388000.0,1.981,0.398
Guatemala,1968,GTM,5118119.0,22122325000.0,2.139,0.418
Guatemala,1969,GTM,5257088.0,23164047000.0,2.278,0.433
Guatemala,1970,GTM,5396972.0,24493392000.0,2.296,0.426
Guatemala,1971,GTM,5538359.0,25853385000.0,2.439,0.44
Guatemala,1972,GTM,5682834.0,27753870000.0,2.707,0.476
Guatemala,1973,GTM,5831640.0,29632945000.0,2.934,0.503
Guatemala,1974,GTM,5981201.0,31526353000.0,3.066,0.513
Guatemala,1975,GTM,6128733.0,32144490000.0,3.52,0.574
Guatemala,1976,GTM,6262409.0,34520955000.0,3.305,0.528
Guatemala,1977,GTM,6401516.0,37212985000.0,3.804,0.594
Guatemala,1978,GTM,6561540.0,39065976000.0,4.116,0.627
Guatemala,1979,GTM,6727798.0,40911808000.0,4.677,0.695
Guatemala,1980,GTM,6900215.0,42453600000.0,4.491,0.651
Guatemala,1981,GTM,7075648.0,42722224000.0,3.948,0.558
Guatemala,1982,GTM,7240249.0,41220649000.0,3.605,0.498
Guatemala,1983,GTM,7419642.0,40150565000.0,3.158,0.426
Guatemala,1984,GTM,7630682.0,40361220000.0,3.399,0.446
Guatemala,1985,GTM,7849691.0,40118652000.0,3.495,0.445
Guatemala,1986,GTM,8070818.0,40163520000.0,3.662,0.454
Guatemala,1987,GTM,8296488.0,41599680000.0,3.912,0.472
Guatemala,1988,GTM,8532104.0,43210656000.0,4.071,0.477
Guatemala,1989,GTM,8775549.0,44912264000.0,4.183,0.477
Guatemala,1990,GTM,9024775.0,46309390000.0,4.658,0.516
Guatemala,1991,GTM,9272592.0,47626497282.0,4.756,0.513
Guatemala,1992,GTM,9522265.0,50269786731.0,5.791,0.608
Guatemala,1993,GTM,9779760.0,52486732016.0,5.572,0.57
Guatemala,1994,GTM,10043713.0,54315587488.0,6.639,0.661
Guatemala,1995,GTM,10312999.0,56765526295.0,7.085,0.687
Guatemala,1996,GTM,10583528.0,58480373177.0,6.54,0.618
Guatemala,1997,GTM,10857754.0,61054671663.0,7.46,0.687
Guatemala,1998,GTM,11139147.0,64142605771.0,8.62,0.774
Guatemala,1999,GTM,11422977.0,66910781466.0,8.874,0.777
Guatemala,2000,GTM,11697592.0,68731616093.0,9.742,0.833
Guatemala,2001,GTM,11969423.0,70402333033.0,10.147,0.848
Guatemala,2002,GTM,12246923.0,73303957428.0,10.694,0.873
Guatemala,2003,GTM,12525843.0,75388396403.0,10.411,0.831
Guatemala,2004,GTM,12807409.0,78142886190.0,11.056,0.863
Guatemala,2005,GTM,13087637.0,80920955084.0,12.038,0.92
Guatemala,2006,GTM,13367455.0,85238080655.0,12.176,0.911
Guatemala,2007,GTM,13652042.0,90511916055.0,12.117,0.888
Guatemala,2008,GTM,13935172.0,93386251977.0,10.735,0.77
Guatemala,2009,GTM,14215614.0,93773785204.0,11.725,0.825
Guatemala,2010,GTM,14500118.0,96390296358.0,10.817,0.746
Guatemala,2011,GTM,14792123.0,100335200000.0,10.979,0.742
Guatemala,2012,GTM,15089639.0,103492749162.0,11.347,0.752
Guatemala,2013,GTM,15387339.0,107099471666.0,12.493,0.812
Guatemala,2014,GTM,15681725.0,111858970345.0,13.425,0.856
Guatemala,2015,GTM,15971745.0,116436247567.0,15.449,0.967
Guatemala,2016,GTM,16268761.0,119554400888.0,16.524,1.016
Guatemala,2017,GTM,16567363.0,123236680953.0,16.993,1.026
Guatemala,2018,GTM,16845688.0,127435350812.0,18.338,1.089
Guatemala,2019,GTM,17103803.0,132535316516.0,19.259,1.126
Guatemala,2020,GTM,17357331.0,130197392340.0,17.157,0.988
Guatemala,2021,GTM,17598652.0,140588440273.0,19.984,1.136
Guatemala,2022,GTM,17847877.0,146224632616.0,18.913,1.06
Guatemala,2023,GTM,18124841.0,,19.736,1.089
Guatemala,2024,GTM,18406366.0,,19.88,1.08
Guinea,1950,GIN,3013177.0,1344464697.0,0.182,0.061
Guinea,1951,GIN,3061981.0,1422524519.0,0.153,0.05
Guinea,1952,GIN,3111689.0,1465336962.0,0.171,0.055
Guinea,1953,GIN,3162520.0,1522641334.0,0.142,0.045
Guinea,1954,GIN,3214564.0,1611542720.0,0.167,0.052
Guinea,1955,GIN,3267862.0,1666553585.0,0.166,0.051
Guinea,1956,GIN,3322503.0,1726528154.0,0.193,0.058
Guinea,1957,GIN,3378657.0,1788549155.0,0.197,0.058
Guinea,1958,GIN,3436437.0,1841034572.0,0.165,0.048
Guinea,1959,GIN,3495776.0,1945851804.0,0.158,0.045
Guinea,1960,GIN,3556756.0,2027055451.0,0.41,0.115
Guinea,1961,GIN,3619554.0,2160197313.0,0.616,0.17
Guinea,1962,GIN,3684278.0,2316474183.0,0.66,0.179
Guinea,1963,GIN,3750961.0,2191478211.0,0.696,0.186
Guinea,1964,GIN,3819729.0,2330227441.0,0.7,0.183
Guinea,1965,GIN,3890724.0,2489841333.0,0.696,0.179
Guinea,1966,GIN,3964159.0,2543929700.0,0.718,0.181
Guinea,1967,GIN,4040156.0,2616349728.0,0.725,0.18
Guinea,1968,GIN,4118553.0,2694161738.0,0.747,0.181
Guinea,1969,GIN,4198302.0,2770583074.0,0.747,0.178
Guinea,1970,GIN,4277540.0,2859895656.0,0.791,0.185
Guinea,1971,GIN,4355205.0,3010269960.0,0.813,0.187
Guinea,1972,GIN,4431293.0,3079488319.0,0.832,0.188
Guinea,1973,GIN,4506326.0,3116195898.0,0.802,0.178
Guinea,1974,GIN,4580513.0,3277048589.0,0.839,0.183
Guinea,1975,GIN,4653877.0,3360288384.0,0.843,0.181
Guinea,1976,GIN,4727031.0,3625964913.0,0.887,0.188
Guinea,1977,GIN,4801129.0,3500597058.0,0.901,0.188
Guinea,1978,GIN,4877853.0,3726936452.0,0.901,0.185
Guinea,1979,GIN,4959287.0,3677147616.0,0.945,0.191
Guinea,1980,GIN,5047423.0,3758107109.0,0.964,0.191
Guinea,1981,GIN,5143296.0,3770853551.0,0.989,0.192
Guinea,1982,GIN,5247672.0,3836730498.0,0.982,0.187
Guinea,1983,GIN,5359815.0,3872161303.0,0.953,0.178
Guinea,1984,GIN,5480098.0,3922762242.0,0.978,0.179
Guinea,1985,GIN,5610369.0,4117875027.0,0.993,0.177
Guinea,1986,GIN,5750669.0,4229720701.0,0.997,0.173
Guinea,1987,GIN,5900199.0,4360595968.0,0.993,0.168
Guinea,1988,GIN,6056575.0,4619869617.0,1.026,0.169
Guinea,1989,GIN,6215816.0,4795308756.0,1.044,0.168
Guinea,1990,GIN,6434383.0,4999407010.0,0.967,0.15
Guinea,1991,GIN,6697167.0,5139871689.0,0.989,0.148
Guinea,1992,GIN,6914370.0,5362577356.0,1.015,0.147
Guinea,1993,GIN,7128174.0,5695353285.0,1.044,0.146
Guinea,1994,GIN,7345106.0,5997837304.0,1.085,0.148
Guinea,1995,GIN,7553252.0,6351702761.0,1.121,0.148
Guinea,1996,GIN,7770035.0,6708782077.0,1.183,0.152
Guinea,1997,GIN,7931371.0,7124296839.0,1.238,0.156
Guinea,1998,GIN,8081993.0,7467530405.0,1.312,0.162
Guinea,1999,GIN,8265121.0,7849296748.0,1.385,0.168
Guinea,2000,GIN,8428837.0,8142368042.0,1.444,0.171
Guinea,2001,GIN,8539963.0,8530150477.0,1.517,0.178
Guinea,2002,GIN,8674072.0,9080053247.0,1.579,0.182
Guinea,2003,GIN,8870790.0,9309105966.0,1.652,0.186
Guinea,2004,GIN,9062724.0,9645747516.0,1.722,0.19
Guinea,2005,GIN,9245844.0,10059820577.0,1.784,0.193
Guinea,2006,GIN,9441174.0,10279820925.0,1.847,0.196
Guinea,2007,GIN,9662278.0,11105668501.0,1.927,0.199
Guinea,2008,GIN,9898870.0,11730748654.0,1.964,0.198
Guinea,2009,GIN,10143540.0,11707653951.0,2.092,0.206
Guinea,2010,GIN,10396090.0,12362234837.0,2.459,0.236
Guinea,2011,GIN,10656812.0,13233698841.0,2.557,0.24
Guinea,2012,GIN,10921580.0,14087313893.0,2.393,0.219
Guinea,2013,GIN,11191874.0,14709018009.0,2.077,0.186
Guinea,2014,GIN,11472921.0,14874105154.0,2.371,0.207
Guinea,2015,GIN,11767077.0,14900874140.0,2.454,0.209
Guinea,2016,GIN,12073031.0,16533568057.0,2.7,0.224
Guinea,2017,GIN,12385668.0,18265129177.0,4.847,0.391
Guinea,2018,GIN,12704776.0,19467826772.0,3.77,0.297
Guinea,2019,GIN,13034349.0,20561330331.0,4.104,0.315
Guinea,2020,GIN,13371185.0,21528646361.0,4.43,0.331
Guinea,2021,GIN,13710515.0,22615336825.0,4.068,0.297
Guinea,2022,GIN,14055136.0,23678257190.0,4.052,0.288
Guinea,2023,GIN,14405469.0,,3.875,0.269
Guinea,2024,GIN,14754779.0,,4.026,0.273
Guinea-Bissau,1950,GNB,543632.0,264849818.0,0.007,0.013
Guinea-Bissau,1951,GNB,549745.0,282127571.0,0.004,0.007
Guinea-Bissau,1952,GNB,553920.0,299616955.0,0.011,0.02
Guinea-Bissau,1953,GNB,557634.0,319656396.0,0.007,0.013
Guinea-Bissau,1954,GNB,560983.0,383462713.0,0.007,0.013
Guinea-Bissau,1955,GNB,564074.0,368167395.0,0.011,0.019
Guinea-Bissau,1956,GNB,566981.0,419244588.0,0.011,0.019
Guinea-Bissau,1957,GNB,569752.0,447214658.0,0.011,0.019
Guinea-Bissau,1958,GNB,572426.0,461805532.0,0.011,0.019
Guinea-Bissau,1959,GNB,575035.0,467580989.0,0.015,0.025
Guinea-Bissau,1960,GNB,577634.0,493345605.0,0.018,0.032
Guinea-Bissau,1961,GNB,582546.0,529381576.0,0.029,0.05
Guinea-Bissau,1962,GNB,589479.0,564410186.0,0.04,0.068
Guinea-Bissau,1963,GNB,594426.0,590831172.0,0.048,0.08
Guinea-Bissau,1964,GNB,588550.0,626761664.0,0.059,0.1
Guinea-Bissau,1965,GNB,575012.0,662346692.0,0.066,0.115
Guinea-Bissau,1966,GNB,566915.0,696799341.0,0.066,0.116
Guinea-Bissau,1967,GNB,569016.0,740785568.0,0.048,0.084
Guinea-Bissau,1968,GNB,578180.0,776173165.0,0.062,0.108
Guinea-Bissau,1969,GNB,581625.0,820793448.0,0.059,0.101
Guinea-Bissau,1970,GNB,584409.0,864927927.0,0.07,0.119
Guinea-Bissau,1971,GNB,586230.0,830834882.0,0.073,0.125
Guinea-Bissau,1972,GNB,586632.0,883009764.0,0.066,0.112
Guinea-Bissau,1973,GNB,592815.0,893538313.0,0.11,0.185
Guinea-Bissau,1974,GNB,613346.0,933182737.0,0.103,0.167
Guinea-Bissau,1975,GNB,650972.0,1007079210.0,0.114,0.174
Guinea-Bissau,1976,GNB,694194.0,1057296158.0,0.095,0.137
Guinea-Bissau,1977,GNB,741796.0,981465312.0,0.103,0.138
Guinea-Bissau,1978,GNB,791693.0,1110635509.0,0.103,0.13
Guinea-Bissau,1979,GNB,819878.0,1132379933.0,0.11,0.134
Guinea-Bissau,1980,GNB,829314.0,952269884.0,0.147,0.177
Guinea-Bissau,1981,GNB,842436.0,946820985.0,0.143,0.17
Guinea-Bissau,1982,GNB,855899.0,987040095.0,0.143,0.167
Guinea-Bissau,1983,GNB,869596.0,954356089.0,0.143,0.164
Guinea-Bissau,1984,GNB,883528.0,1005343832.0,0.161,0.182
Guinea-Bissau,1985,GNB,897707.0,1048557525.0,0.172,0.192
Guinea-Bissau,1986,GNB,912129.0,1038959025.0,0.183,0.201
Guinea-Bissau,1987,GNB,926872.0,1098046390.0,0.194,0.21
Guinea-Bissau,1988,GNB,942065.0,1173783528.0,0.216,0.229
Guinea-Bissau,1989,GNB,957792.0,1223906604.0,0.231,0.241
Guinea-Bissau,1990,GNB,973678.0,1261819956.0,0.095,0.098
Guinea-Bissau,1991,GNB,994640.0,1300711311.0,0.095,0.096
Guinea-Bissau,1992,GNB,1024365.0,1333901605.0,0.095,0.093
Guinea-Bissau,1993,GNB,1058755.0,1360698820.0,0.099,0.093
Guinea-Bissau,1994,GNB,1092037.0,1398135470.0,0.099,0.091
Guinea-Bissau,1995,GNB,1119950.0,1448758085.0,0.103,0.092
Guinea-Bissau,1996,GNB,1143544.0,1501514648.0,0.099,0.087
Guinea-Bissau,1997,GNB,1165550.0,1589254020.0,0.117,0.101
Guinea-Bissau,1998,GNB,1187478.0,1315465409.0,0.088,0.074
Guinea-Bissau,1999,GNB,1210211.0,1485364038.0,0.099,0.082
Guinea-Bissau,2000,GNB,1234747.0,1486201658.0,0.051,0.042
Guinea-Bissau,2001,GNB,1261281.0,1520990575.0,0.048,0.038
Guinea-Bissau,2002,GNB,1289317.0,1507700424.0,0.062,0.048
Guinea-Bissau,2003,GNB,1318809.0,1522869105.0,0.073,0.056
Guinea-Bissau,2004,GNB,1349569.0,1573921435.0,0.044,0.033
Guinea-Bissau,2005,GNB,1381590.0,1653070519.0,0.092,0.066
Guinea-Bissau,2006,GNB,1415315.0,1701901067.0,0.117,0.083
Guinea-Bissau,2007,GNB,1450989.0,1768965179.0,0.084,0.058
Guinea-Bissau,2008,GNB,1488059.0,1837842538.0,0.117,0.079
Guinea-Bissau,2009,GNB,1526384.0,1913611627.0,0.099,0.065
Guinea-Bissau,2010,GNB,1566352.0,2015432308.0,0.103,0.065
Guinea-Bissau,2011,GNB,1608084.0,2192198781.0,0.11,0.068
Guinea-Bissau,2012,GNB,1651425.0,2160239109.0,0.114,0.069
Guinea-Bissau,2013,GNB,1695980.0,2238347369.0,0.143,0.084
Guinea-Bissau,2014,GNB,1741126.0,2253617077.0,0.143,0.082
Guinea-Bissau,2015,GNB,1786461.0,2372699688.0,0.154,0.086
Guinea-Bissau,2016,GNB,1831898.0,2519068025.0,0.169,0.092
Guinea-Bissau,2017,GNB,1877074.0,2668676184.0,0.183,0.098
Guinea-Bissau,2018,GNB,1922167.0,2771625236.0,0.198,0.103
Guinea-Bissau,2019,GNB,1967704.0,2896348420.0,0.256,0.13
Guinea-Bissau,2020,GNB,2013259.0,2939793794.0,0.311,0.155
Guinea-Bissau,2021,GNB,2058841.0,3127940606.0,0.341,0.166
Guinea-Bissau,2022,GNB,2105535.0,3259313986.0,0.344,0.164
Guinea-Bissau,2023,GNB,2153343.0,,0.329,0.153
Guinea-Bissau,2024,GNB,2201360.0,,0.342,0.155
Guyana,1950,GUY,418045.0,,0.26,0.622
Guyana,1951,GUY,429112.0,,0.286,0.666
Guyana,1952,GUY,441249.0,,0.337,0.764
Guyana,1953,GUY,454563.0,,0.451,0.991
Guyana,1954,GUY,468986.0,,0.473,1.008
Guyana,1955,GUY,484374.0,,0.517,1.067
Guyana,1956,GUY,500583.0,,0.55,1.098
Guyana,1957,GUY,517510.0,,0.535,1.034
Guyana,1958,GUY,535076.0,,0.458,0.856
Guyana,1959,GUY,553074.0,,0.553,1.0
Guyana,1960,GUY,569156.0,,0.66,1.159
Guyana,1961,GUY,582581.0,,0.736,1.264
Guyana,1962,GUY,595468.0,,0.678,1.138
Guyana,1963,GUY,608542.0,,0.616,1.012
Guyana,1964,GUY,621774.0,,0.649,1.043
Guyana,1965,GUY,635135.0,,1.077,1.696
Guyana,1966,GUY,648654.0,,1.18,1.819
Guyana,1967,GUY,662316.0,,1.323,1.997
Guyana,1968,GUY,676171.0,,1.33,1.967
Guyana,1969,GUY,690229.0,,1.367,1.98
Guyana,1970,GUY,702714.0,,1.579,2.247
Guyana,1971,GUY,712672.0,,1.499,2.103
Guyana,1972,GUY,721630.0,,1.561,2.163
Guyana,1973,GUY,730149.0,,1.803,2.469
Guyana,1974,GUY,738063.0,,1.554,2.105
Guyana,1975,GUY,745407.0,,1.825,2.448
Guyana,1976,GUY,752258.0,,1.751,2.328
Guyana,1977,GUY,758659.0,,1.898,2.502
Guyana,1978,GUY,764594.0,,2.056,2.688
Guyana,1979,GUY,770067.0,,1.521,1.975
Guyana,1980,GUY,774372.0,,1.788,2.309
Guyana,1981,GUY,776461.0,,1.799,2.317
Guyana,1982,GUY,776718.0,,1.403,1.807
Guyana,1983,GUY,775897.0,,1.246,1.606
Guyana,1984,GUY,774119.0,,1.403,1.813
Guyana,1985,GUY,771484.0,,1.418,1.838
Guyana,1986,GUY,768104.0,,1.044,1.36
Guyana,1987,GUY,764125.0,,1.308,1.712
Guyana,1988,GUY,759674.0,,1.403,1.847
Guyana,1989,GUY,754873.0,,1.183,1.568
Guyana,1990,GUY,749891.0,,1.129,1.505
Guyana,1991,GUY,747870.0,,1.107,1.48
Guyana,1992,GUY,749919.0,,1.041,1.388
Guyana,1993,GUY,752969.0,,1.044,1.387
Guyana,1994,GUY,755821.0,,1.458,1.929
Guyana,1995,GUY,758395.0,,1.565,2.063
Guyana,1996,GUY,760535.0,,1.656,2.178
Guyana,1997,GUY,762250.0,,1.806,2.37
Guyana,1998,GUY,763596.0,,1.828,2.394
Guyana,1999,GUY,764490.0,,1.836,2.401
Guyana,2000,GUY,764836.0,,1.748,2.285
Guyana,2001,GUY,764484.0,,1.74,2.277
Guyana,2002,GUY,763657.0,,1.711,2.241
Guyana,2003,GUY,763107.0,,1.869,2.449
Guyana,2004,GUY,762424.0,,1.927,2.528
Guyana,2005,GUY,760922.0,,1.616,2.124
Guyana,2006,GUY,758976.0,,1.51,1.989
Guyana,2007,GUY,756874.0,,1.781,2.353
Guyana,2008,GUY,754614.0,,1.704,2.258
Guyana,2009,GUY,752097.0,,1.905,2.533
Guyana,2010,GUY,749259.0,,1.883,2.514
Guyana,2011,GUY,746161.0,,1.957,2.622
Guyana,2012,GUY,746296.0,,1.957,2.622
Guyana,2013,GUY,750020.0,,1.902,2.535
Guyana,2014,GUY,754231.0,,1.975,2.618
Guyana,2015,GUY,758783.0,,1.964,2.588
Guyana,2016,GUY,763553.0,,2.209,2.893
Guyana,2017,GUY,768483.0,,2.158,2.808
Guyana,2018,GUY,791563.0,,2.319,2.93
Guyana,2019,GUY,807668.0,,2.645,3.275
Guyana,2020,GUY,807486.0,,3.1,3.839
Guyana,2021,GUY,815484.0,,2.933,3.596
Guyana,2022,GUY,821638.0,,4.397,5.351
Guyana,2023,GUY,826357.0,,4.379,5.299
Guyana,2024,GUY,831092.0,,4.51,5.427
Haiti,1950,HTI,3265716.0,5543630000.0,0.114,0.035
Haiti,1951,HTI,3314920.0,5625048000.0,0.132,0.04
Haiti,1952,HTI,3366271.0,5946420000.0,0.147,0.044
Haiti,1953,HTI,3419842.0,5755750000.0,0.158,0.046
Haiti,1954,HTI,3475540.0,6228504000.0,0.216,0.062
Haiti,1955,HTI,3533747.0,5976240000.0,0.267,0.076
Haiti,1956,HTI,3594808.0,6501019000.0,0.264,0.073
Haiti,1957,HTI,3657822.0,6114480000.0,0.253,0.069
Haiti,1958,HTI,3722713.0,6598235000.0,0.275,0.074
Haiti,1959,HTI,3789692.0,6285750000.0,0.253,0.067
Haiti,1960,HTI,3858447.0,6687873000.0,0.286,0.074
Haiti,1961,HTI,3929036.0,6418242000.0,0.297,0.075
Haiti,1962,HTI,4001578.0,7034144000.0,0.304,0.076
Haiti,1963,HTI,4073068.0,6579400000.0,0.249,0.061
Haiti,1964,HTI,4146245.0,6432040000.0,0.3,0.072
Haiti,1965,HTI,4223822.0,6501272000.0,0.304,0.072
Haiti,1966,HTI,4302647.0,6460734000.0,0.304,0.071
Haiti,1967,HTI,4383003.0,6323694000.0,0.26,0.059
Haiti,1968,HTI,4465327.0,6577560000.0,0.264,0.059
Haiti,1969,HTI,4549340.0,6790569000.0,0.315,0.069
Haiti,1970,HTI,4635126.0,7115747000.0,0.384,0.083
Haiti,1971,HTI,4723251.0,7569835000.0,0.403,0.085
Haiti,1972,HTI,4813866.0,7646895000.0,0.392,0.081
Haiti,1973,HTI,4906746.0,8005738000.0,0.421,0.086
Haiti,1974,HTI,5001803.0,8476572000.0,0.472,0.094
Haiti,1975,HTI,5099095.0,8566138000.0,0.483,0.095
Haiti,1976,HTI,5198354.0,9292440000.0,0.672,0.129
Haiti,1977,HTI,5299480.0,9341936000.0,0.704,0.133
Haiti,1978,HTI,5402580.0,9796930000.0,0.75,0.139
Haiti,1979,HTI,5507590.0,10529625000.0,0.75,0.136
Haiti,1980,HTI,5614494.0,11311429000.0,0.745,0.133
Haiti,1981,HTI,5723727.0,10988580000.0,0.758,0.132
Haiti,1982,HTI,5835939.0,10590195000.0,0.817,0.14
Haiti,1983,HTI,5951101.0,10692545000.0,0.885,0.149
Haiti,1984,HTI,6069238.0,10727850000.0,0.902,0.149
Haiti,1985,HTI,6190868.0,10790976000.0,0.928,0.15
Haiti,1986,HTI,6316123.0,10728445000.0,0.829,0.131
Haiti,1987,HTI,6445125.0,10655470000.0,0.898,0.139
Haiti,1988,HTI,6578150.0,10986759000.0,1.006,0.153
Haiti,1989,HTI,6714732.0,10662734000.0,1.022,0.152
Haiti,1990,HTI,6854444.0,10773450000.0,0.994,0.145
Haiti,1991,HTI,6995455.0,11156723437.0,0.974,0.139
Haiti,1992,HTI,7136577.0,10725683419.0,0.887,0.124
Haiti,1993,HTI,7278182.0,10302867632.0,0.683,0.094
Haiti,1994,HTI,7419776.0,9215060363.0,0.183,0.025
Haiti,1995,HTI,7562551.0,10289435607.0,0.876,0.116
Haiti,1996,HTI,7707560.0,10882101707.0,1.019,0.132
Haiti,1997,HTI,7854304.0,11346974445.0,1.348,0.172
Haiti,1998,HTI,8002144.0,11780950427.0,1.235,0.154
Haiti,1999,HTI,8151301.0,12289767443.0,1.271,0.156
Haiti,2000,HTI,8303151.0,12590117444.0,1.634,0.197
Haiti,2001,HTI,8455917.0,12654293375.0,1.466,0.173
Haiti,2002,HTI,8607648.0,12820096281.0,1.778,0.207
Haiti,2003,HTI,8759913.0,13072600973.0,1.692,0.193
Haiti,2004,HTI,8910267.0,12808948010.0,1.643,0.184
Haiti,2005,HTI,9061274.0,13245370242.0,1.715,0.189
Haiti,2006,HTI,9216569.0,13759840125.0,1.746,0.189
Haiti,2007,HTI,9373300.0,14437110458.0,1.766,0.188
Haiti,2008,HTI,9530782.0,14789629003.0,1.754,0.184
Haiti,2009,HTI,9689585.0,15482895499.0,1.881,0.194
Haiti,2010,HTI,9803299.0,14869726114.0,2.129,0.217
Haiti,2011,HTI,9914904.0,15936160000.0,2.272,0.229
Haiti,2012,HTI,10069770.0,16393482000.0,2.262,0.225
Haiti,2013,HTI,10222365.0,17085684000.0,2.703,0.264
Haiti,2014,HTI,10373241.0,17572203000.0,2.698,0.26
Haiti,2015,HTI,10523249.0,17862468000.0,2.654,0.252
Haiti,2016,HTI,10671462.0,18337150574.0,2.977,0.279
Haiti,2017,HTI,10817759.0,18822570039.0,3.133,0.29
Haiti,2018,HTI,10962373.0,19129086184.0,3.401,0.31
Haiti,2019,HTI,11105165.0,18799472313.0,3.119,0.281
Haiti,2020,HTI,11243846.0,18185520397.0,3.265,0.29
Haiti,2021,HTI,11374592.0,17851170361.0,3.507,0.308
Haiti,2022,HTI,11503603.0,17550916862.0,2.87,0.25
Haiti,2023,HTI,11637402.0,,2.865,0.246
Haiti,2024,HTI,11772562.0,,2.971,0.252
High-income countries,1950,,803677085.0,,5115.646,6.385
High-income countries,1951,,813122435.0,,5465.522,6.742
High-income countries,1952,,822761916.0,,5476.447,6.677
High-income countries,1953,,832946684.0,,5625.542,6.774
High-income countries,1954,,843457760.0,,5677.407,6.752
High-income countries,1955,,854182135.0,,6162.75,7.237
High-income countries,1956,,864982708.0,,6528.571,7.57
High-income countries,1957,,876095948.0,,6642.084,7.604
High-income countries,1958,,887590973.0,,6572.725,7.427
High-income countries,1959,,899076140.0,,6746.243,7.525
High-income countries,1960,,910579223.0,,7108.723,7.83
High-income countries,1961,,922087574.0,,7295.227,7.935
High-income countries,1962,,933393647.0,,7656.946,8.227
High-income countries,1963,,944422127.0,,8086.051,8.587
High-income countries,1964,,955942899.0,,8511.005,8.93
High-income countries,1965,,967359346.0,,8831.183,9.156
High-income countries,1966,,977693793.0,,9199.361,9.438
High-income countries,1967,,986958831.0,,9550.461,9.706
High-income countries,1968,,996237549.0,,10027.139,10.096
High-income countries,1969,,1006286584.0,,10649.794,10.616
High-income countries,1970,,1016197398.0,,11408.807,11.261
High-income countries,1971,,1026404337.0,,11707.312,11.441
High-income countries,1972,,1036705088.0,,12239.941,11.843
High-income countries,1973,,1046398353.0,,12830.88,12.301
High-income countries,1974,,1055695228.0,,12657.726,12.028
High-income countries,1975,,1064433412.0,,12430.597,11.716
High-income countries,1976,,1072839002.0,,13098.839,12.249
High-income countries,1977,,1081304497.0,,13334.148,12.372
High-income countries,1978,,1089655062.0,,13693.098,12.608
High-income countries,1979,,1098001915.0,,13993.646,12.787
High-income countries,1980,,1106630742.0,,13838.115,12.547
High-income countries,1981,,1115099447.0,,13342.396,12.006
High-income countries,1982,,1123182624.0,,12982.38,11.598
High-income countries,1983,,1131150387.0,,12986.074,11.52
High-income countries,1984,,1138944221.0,,13279.111,11.699
High-income countries,1985,,1146684440.0,,13571.279,11.876
High-income countries,1986,,1154735607.0,,13599.714,11.818
High-income countries,1987,,1163054785.0,,13859.903,11.958
High-income countries,1988,,1171490531.0,,14290.124,12.241
High-income countries,1989,,1179895365.0,,14477.019,12.313
High-income countries,1990,,1187956164.0,,15006.094,12.677
High-income countries,1991,,1196239408.0,,15335.967,12.866
High-income countries,1992,,1203963230.0,,14510.799,12.096
High-income countries,1993,,1210728993.0,,14538.071,12.051
High-income countries,1994,,1217906022.0,,14511.072,11.958
High-income countries,1995,,1224543783.0,,14628.97,11.99
High-income countries,1996,,1230513703.0,,14979.279,12.217
High-income countries,1997,,1236583684.0,,14900.45,12.094
High-income countries,1998,,1242177352.0,,14859.571,12.006
High-income countries,1999,,1247730970.0,,15028.272,12.089
High-income countries,2000,,1253937735.0,,15461.338,12.376
High-income countries,2001,,1260506416.0,,15468.816,12.317
High-income countries,2002,,1267822166.0,,15564.075,12.321
High-income countries,2003,,1275305584.0,,15852.178,12.475
High-income countries,2004,,1282405681.0,,16053.765,12.564
High-income countries,2005,,1289639261.0,,16125.542,12.549
High-income countries,2006,,1297063813.0,,16189.988,12.527
High-income countries,2007,,1305649028.0,,16308.89,12.535
High-income countries,2008,,1314867453.0,,16049.812,12.249
High-income countries,2009,,1323319806.0,,15093.003,11.445
High-income countries,2010,,1331186276.0,,15713.739,11.845
High-income countries,2011,,1339286565.0,,15608.247,11.694
High-income countries,2012,,1347506296.0,,15520.974,11.557
High-income countries,2013,,1355469061.0,,15485.766,11.463
High-income countries,2014,,1363592543.0,,15294.128,11.253
High-income countries,2015,,1372281696.0,,15215.524,11.124
High-income countries,2016,,1380894709.0,,15070.386,10.948
High-income countries,2017,,1388094202.0,,15069.183,10.89
High-income countries,2018,,1394159697.0,,15204.227,10.939
High-income countries,2019,,1400146576.0,,14916.665,10.686
High-income countries,2020,,1403650770.0,,13694.959,9.786
High-income countries,2021,,1404873283.0,,14370.719,10.26
High-income countries,2022,,1410112397.0,,14274.797,10.153
High-income countries,2023,,1416794460.0,,13890.804,9.833
High-income countries,2024,,1420176158.0,,13867.993,9.794
Honduras,1950,HND,1558941.0,2888660089.0,0.301,0.193
Honduras,1951,HND,1601493.0,3045678688.0,0.348,0.217
Honduras,1952,HND,1645832.0,3160854605.0,0.359,0.218
Honduras,1953,HND,1691967.0,3411884150.0,0.333,0.197
Honduras,1954,HND,1739823.0,3217085091.0,0.377,0.217
Honduras,1955,HND,1789399.0,3301166922.0,0.436,0.244
Honduras,1956,HND,1840670.0,3567247734.0,0.454,0.247
Honduras,1957,HND,1893583.0,3730211760.0,0.575,0.304
Honduras,1958,HND,1948157.0,3851311765.0,0.586,0.301
Honduras,1959,HND,2004321.0,3947414278.0,0.586,0.292
Honduras,1960,HND,2062067.0,4190171111.0,0.615,0.298
Honduras,1961,HND,2121245.0,4299816075.0,0.736,0.347
Honduras,1962,HND,2182064.0,4544012425.0,0.7,0.321
Honduras,1963,HND,2244884.0,4715229461.0,0.711,0.317
Honduras,1964,HND,2309861.0,4961632958.0,0.722,0.312
Honduras,1965,HND,2377163.0,5389673776.0,0.751,0.316
Honduras,1966,HND,2446752.0,5705854517.0,0.806,0.329
Honduras,1967,HND,2518650.0,6026660405.0,0.875,0.348
Honduras,1968,HND,2593057.0,6381909005.0,1.223,0.472
Honduras,1969,HND,2670286.0,6434031563.0,1.176,0.44
Honduras,1970,HND,2750721.0,6600752443.0,1.388,0.505
Honduras,1971,HND,2834624.0,6865540520.0,1.329,0.469
Honduras,1972,HND,2922075.0,7258677398.0,1.533,0.525
Honduras,1973,HND,3011471.0,7829935746.0,1.506,0.5
Honduras,1974,HND,3099844.0,7734149542.0,1.553,0.501
Honduras,1975,HND,3193239.0,7899072702.0,1.661,0.52
Honduras,1976,HND,3294460.0,8728614928.0,1.771,0.537
Honduras,1977,HND,3398659.0,9635930564.0,1.993,0.587
Honduras,1978,HND,3505466.0,10603300001.0,2.039,0.582
Honduras,1979,HND,3614990.0,11093014495.0,1.923,0.532
Honduras,1980,HND,3727179.0,11170077067.0,2.038,0.547
Honduras,1981,HND,3841781.0,11451429942.0,1.808,0.471
Honduras,1982,HND,3958735.0,11293337244.0,1.749,0.442
Honduras,1983,HND,4078177.0,11192001626.0,1.976,0.485
Honduras,1984,HND,4199855.0,11678661175.0,1.957,0.466
Honduras,1985,HND,4323338.0,12164889905.0,1.886,0.436
Honduras,1986,HND,4448905.0,12256584416.0,1.825,0.41
Honduras,1987,HND,4576911.0,12996598183.0,2.144,0.468
Honduras,1988,HND,4707683.0,13594610576.0,2.465,0.524
Honduras,1989,HND,4841843.0,14187663061.0,2.68,0.554
Honduras,1990,HND,4980493.0,14201085625.0,2.505,0.503
Honduras,1991,HND,5123797.0,14777670050.0,2.527,0.493
Honduras,1992,HND,5271437.0,15733343099.0,2.803,0.532
Honduras,1993,HND,5423253.0,16847892598.0,2.941,0.542
Honduras,1994,HND,5579247.0,16756478908.0,3.231,0.579
Honduras,1995,HND,5739636.0,17579243982.0,3.836,0.668
Honduras,1996,HND,5903962.0,18358896091.0,3.876,0.656
Honduras,1997,HND,6071458.0,19427979548.0,4.01,0.661
Honduras,1998,HND,6234436.0,20150664632.0,4.811,0.772
Honduras,1999,HND,6400470.0,19928432930.0,4.705,0.735
Honduras,2000,HND,6577781.0,21239307387.0,5.032,0.765
Honduras,2001,HND,6757992.0,21992955509.0,5.665,0.838
Honduras,2002,HND,6938866.0,22983633152.0,5.945,0.857
Honduras,2003,HND,7119213.0,24205428089.0,6.687,0.939
Honduras,2004,HND,7299003.0,25910108120.0,7.194,0.986
Honduras,2005,HND,7478362.0,27704981594.0,6.835,0.914
Honduras,2006,HND,7656832.0,29769398424.0,7.698,1.005
Honduras,2007,HND,7834806.0,31871721735.0,8.216,1.049
Honduras,2008,HND,8012590.0,33484306097.0,8.533,1.065
Honduras,2009,HND,8189904.0,32923391943.0,8.03,0.981
Honduras,2010,HND,8365881.0,34409603132.0,8.107,0.969
Honduras,2011,HND,8540587.0,35990758725.0,8.857,1.037
Honduras,2012,HND,8715081.0,37443688294.0,9.108,1.045
Honduras,2013,HND,8889276.0,38446700070.0,9.328,1.049
Honduras,2014,HND,9063127.0,39484545761.0,9.503,1.049
Honduras,2015,HND,9237306.0,40757802007.0,10.898,1.18
Honduras,2016,HND,9412380.0,42125312119.0,9.939,1.056
Honduras,2017,HND,9588144.0,43936103834.0,10.198,1.064
Honduras,2018,HND,9765209.0,45477892182.0,9.876,1.011
Honduras,2019,HND,9943637.0,46684518271.0,10.963,1.102
Honduras,2020,HND,10119638.0,42499283305.0,9.977,0.986
Honduras,2021,HND,10289881.0,47826185166.0,11.06,1.075
Honduras,2022,HND,10463880.0,49738252980.0,11.742,1.122
Honduras,2023,HND,10644853.0,,12.404,1.165
Honduras,2024,HND,10825704.0,,12.855,1.187
Hong Kong,1950,HKG,1978347.0,8001618916.0,1.319,0.667
Hong Kong,1951,HKG,2069492.0,7535991760.0,1.557,0.752
Hong Kong,1952,HKG,2164804.0,8211575257.0,1.535,0.709
Hong Kong,1953,HKG,2264328.0,8899769027.0,1.729,0.764
Hong Kong,1954,HKG,2368614.0,9659393692.0,1.799,0.759
Hong Kong,1955,HKG,2478199.0,10509110537.0,1.879,0.758
Hong Kong,1956,HKG,2594259.0,11447526135.0,2.121,0.818
Hong Kong,1957,HKG,2717187.0,12448238475.0,2.363,0.87
Hong Kong,1958,HKG,2845505.0,13474746082.0,2.374,0.834
Hong Kong,1959,HKG,2974551.0,14474460573.0,2.703,0.909
Hong Kong,1960,HKG,3094853.0,15390129234.0,2.953,0.954
Hong Kong,1961,HKG,3076660.0,16130572461.0,3.37,1.095
Hong Kong,1962,HKG,2889091.0,18540810522.0,3.681,1.274
Hong Kong,1963,HKG,2662600.0,20982930815.0,4.246,1.595
Hong Kong,1964,HKG,3136041.0,22430358576.0,4.22,1.346
Hong Kong,1965,HKG,3855425.0,25526550424.0,4.803,1.246
Hong Kong,1966,HKG,4015304.0,26098439163.0,5.162,1.285
Hong Kong,1967,HKG,3474133.0,26904000510.0,6.052,1.742
Hong Kong,1968,HKG,3065330.0,28300687187.0,6.198,2.022
Hong Kong,1969,HKG,3395527.0,32017986626.0,7.752,2.283
Hong Kong,1970,HKG,3739916.0,35354053283.0,8.392,2.244
Hong Kong,1971,HKG,3989231.0,38035056098.0,9.151,2.294
Hong Kong,1972,HKG,4117125.0,41958746730.0,9.276,2.253
Hong Kong,1973,HKG,4223248.0,46980618792.0,9.286,2.199
Hong Kong,1974,HKG,4330727.0,47875348024.0,10.667,2.463
Hong Kong,1975,HKG,4438382.0,47881247000.0,11.008,2.48
Hong Kong,1976,HKG,4545134.0,55544789514.0,12.49,2.748
Hong Kong,1977,HKG,4650487.0,61975544449.0,14.204,3.054
Hong Kong,1978,HKG,4754069.0,67200317357.0,15.714,3.305
Hong Kong,1979,HKG,4857668.0,74946933136.0,15.838,3.26
Hong Kong,1980,HKG,4962488.0,82606705355.0,16.6,3.345
Hong Kong,1981,HKG,5060960.0,90351786791.0,18.617,3.678
Hong Kong,1982,HKG,5150097.0,93056244997.0,19.623,3.81
Hong Kong,1983,HKG,5235115.0,98638830613.0,20.912,3.995
Hong Kong,1984,HKG,5315980.0,108818497511.0,22.225,4.181
Hong Kong,1985,HKG,5393122.0,109638268604.0,22.881,4.243
Hong Kong,1986,HKG,5451437.0,121782213002.0,25.526,4.682
Hong Kong,1987,HKG,5486376.0,137910684193.0,28.086,5.119
Hong Kong,1988,HKG,5514904.0,149349940514.0,29.285,5.31
Hong Kong,1989,HKG,5540576.0,153499109418.0,30.141,5.44
Hong Kong,1990,HKG,5560599.0,159035333203.0,27.148,4.882
Hong Kong,1991,HKG,5628091.0,166388672053.0,28.463,5.057
Hong Kong,1992,HKG,5759558.0,174712323919.0,32.922,5.716
Hong Kong,1993,HKG,5902506.0,183841594031.0,34.778,5.892
Hong Kong,1994,HKG,6042259.0,193897052623.0,31.079,5.144
Hong Kong,1995,HKG,6177105.0,196081470595.0,31.271,5.062
Hong Kong,1996,HKG,6302469.0,207053020618.0,28.909,4.587
Hong Kong,1997,HKG,6416674.0,216031296787.0,30.497,4.753
Hong Kong,1998,HKG,6521331.0,201421963837.0,38.925,5.969
Hong Kong,1999,HKG,6616524.0,205093825462.0,42.549,6.431
Hong Kong,2000,HKG,6704665.0,218622146616.0,39.765,5.931
Hong Kong,2001,HKG,6774243.0,219159408785.0,37.289,5.504
Hong Kong,2002,HKG,6821412.0,222182532288.0,39.003,5.718
Hong Kong,2003,HKG,6858906.0,225487397415.0,42.733,6.23
Hong Kong,2004,HKG,6888164.0,243895605092.0,41.158,5.975
Hong Kong,2005,HKG,6908483.0,259469641313.0,43.334,6.273
Hong Kong,2006,HKG,6931089.0,274690745926.0,41.915,6.047
Hong Kong,2007,HKG,6971344.0,291247413551.0,43.572,6.25
Hong Kong,2008,HKG,7020689.0,295823304243.0,42.794,6.095
Hong Kong,2009,HKG,7064464.0,285619082956.0,41.583,5.886
Hong Kong,2010,HKG,7101614.0,302377330309.0,40.063,5.641
Hong Kong,2011,HKG,7142969.0,314044556431.0,43.15,6.041
Hong Kong,2012,HKG,7201059.0,319384208506.0,42.738,5.935
Hong Kong,2013,HKG,7264330.0,329290162080.0,44.31,6.1
Hong Kong,2014,HKG,7319502.0,338386398632.0,45.492,6.215
Hong Kong,2015,HKG,7366411.0,346466191769.0,42.404,5.756
Hong Kong,2016,HKG,7408006.0,354003396927.0,43.366,5.854
Hong Kong,2017,HKG,7444889.0,367441685993.0,42.431,5.699
Hong Kong,2018,HKG,7471190.0,377902310676.0,42.597,5.702
Hong Kong,2019,HKG,7485817.0,371582312306.0,41.897,5.597
Hong Kong,2020,HKG,7490240.0,347263059452.0,33.513,4.474
Hong Kong,2021,HKG,7484604.0,369654417943.0,33.637,4.494
Hong Kong,2022,HKG,7465913.0,356690492875.0,30.764,4.121
Hong Kong,2023,HKG,7442738.0,,32.957,4.428
Hong Kong,2024,HKG,7414914.0,,33.324,4.494
Hungary,1950,HUN,9337883.0,36913114000.0,18.39,1.969
Hungary,1951,HUN,9423178.0,40481208000.0,22.185,2.354
Hungary,1952,HUN,9503933.0,41846112000.0,27.208,2.863
Hungary,1953,HUN,9594481.0,42611395000.0,31.766,3.311
Hungary,1954,HUN,9704596.0,44094358000.0,34.009,3.504
Hungary,1955,HUN,9823216.0,48083550000.0,35.694,3.634
Hungary,1956,HUN,9853996.0,45907752000.0,33.163,3.365
Hungary,1957,HUN,9837926.0,49696789000.0,38.446,3.908
Hungary,1958,HUN,9880680.0,53036694000.0,39.247,3.972
Hungary,1959,HUN,9936845.0,55180161000.0,41.918,4.218
Hungary,1960,HUN,9983383.0,58064104156.0,45.358,4.543
Hungary,1961,HUN,10026515.0,61006407000.0,48.974,4.884
Hungary,1962,HUN,10058067.0,63547845000.0,50.545,5.025
Hungary,1963,HUN,10083843.0,67044604000.0,56.261,5.579
Hungary,1964,HUN,10114375.0,70807256000.0,62.385,6.168
Hungary,1965,HUN,10141118.0,71364970230.0,61.274,6.042
Hungary,1966,HUN,10170409.0,75426855410.0,61.71,6.068
Hungary,1967,HUN,10206812.0,79752914046.0,58.811,5.762
Hungary,1968,HUN,10244548.0,80722757768.0,61.13,5.967
Hungary,1969,HUN,10281595.0,83133409822.0,62.38,6.067
Hungary,1970,HUN,10315142.0,82851086308.0,69.96,6.782
Hungary,1971,HUN,10343972.0,86536292455.0,69.247,6.694
Hungary,1972,HUN,10374303.0,88401742426.0,69.384,6.688
Hungary,1973,HUN,10407441.0,92999780625.0,73.007,7.015
Hungary,1974,HUN,10453918.0,95403763391.0,74.028,7.081
Hungary,1975,HUN,10515654.0,97450933351.0,75.3,7.161
Hungary,1976,HUN,10573770.0,97744552927.0,79.92,7.558
Hungary,1977,HUN,10623145.0,103871973823.0,83.075,7.82
Hungary,1978,HUN,10660190.0,106380779153.0,88.04,8.259
Hungary,1979,HUN,10688259.0,106597207312.0,86.058,8.052
Hungary,1980,HUN,10695372.0,107668199050.0,86.697,8.106
Hungary,1981,HUN,10679329.0,108436033824.0,86.437,8.094
Hungary,1982,HUN,10656109.0,112333180394.0,86.684,8.135
Hungary,1983,HUN,10622989.0,111181103525.0,88.946,8.373
Hungary,1984,HUN,10584329.0,114105941195.0,90.665,8.566
Hungary,1985,HUN,10547258.0,111300347132.0,85.936,8.148
Hungary,1986,HUN,10511099.0,113513156802.0,83.198,7.915
Hungary,1987,HUN,10475103.0,115264971685.0,84.115,8.03
Hungary,1988,HUN,10440534.0,117029097500.0,78.031,7.474
Hungary,1989,HUN,10403421.0,114408742705.0,75.909,7.297
Hungary,1990,HUN,10381280.0,106788855164.0,73.427,7.073
Hungary,1991,HUN,10378174.0,95825225553.0,69.825,6.728
Hungary,1992,HUN,10371477.0,94567780137.0,62.281,6.005
Hungary,1993,HUN,10356869.0,95740692963.0,62.991,6.082
Hungary,1994,HUN,10339936.0,100339331340.0,61.88,5.985
Hungary,1995,HUN,10322792.0,104751822959.0,61.464,5.954
Hungary,1996,HUN,10302238.0,106886865711.0,63.083,6.123
Hungary,1997,HUN,10278600.0,112676520011.0,61.676,6.0
Hungary,1998,HUN,10251717.0,119818720518.0,61.255,5.975
Hungary,1999,HUN,10219797.0,126176462095.0,61.575,6.025
Hungary,2000,HUN,10190598.0,134151505450.0,58.244,5.716
Hungary,2001,HUN,10166693.0,142043461403.0,59.828,5.885
Hungary,2002,HUN,10138461.0,151456660939.0,58.842,5.804
Hungary,2003,HUN,10108970.0,160456137012.0,61.611,6.095
Hungary,2004,HUN,10085788.0,171925388770.0,59.985,5.947
Hungary,2005,HUN,10065703.0,183107031890.0,60.142,5.975
Hungary,2006,HUN,10049946.0,194033322767.0,59.529,5.923
Hungary,2007,HUN,10034084.0,198872162765.0,58.449,5.825
Hungary,2008,HUN,10016653.0,204720371926.0,57.184,5.709
Hungary,2009,HUN,10001381.0,195180908684.0,51.458,5.145
Hungary,2010,HUN,9979128.0,200496589291.0,51.993,5.21
Hungary,2011,HUN,9946675.0,208407605976.0,50.156,5.042
Hungary,2012,HUN,9916621.0,205802052322.0,46.72,4.711
Hungary,2013,HUN,9889344.0,209511661762.0,43.487,4.397
Hungary,2014,HUN,9862843.0,218378634753.0,43.639,4.425
Hungary,2015,HUN,9839211.0,226474616785.0,46.567,4.733
Hungary,2016,HUN,9810529.0,231459349147.0,47.039,4.795
Hungary,2017,HUN,9785608.0,241347220007.0,49.424,5.051
Hungary,2018,HUN,9774395.0,254289117363.0,49.366,5.051
Hungary,2019,HUN,9770346.0,266658311342.0,49.159,5.031
Hungary,2020,HUN,9749459.0,254563881936.0,47.105,4.832
Hungary,2021,HUN,9707848.0,272892486007.0,48.326,4.978
Hungary,2022,HUN,9684308.0,285385229433.0,45.267,4.674
Hungary,2023,HUN,9686465.0,,40.344,4.165
Hungary,2024,HUN,9676135.0,,40.017,4.136
Iceland,1950,ISL,142684.0,1214687154.0,0.74,5.187
Iceland,1951,ISL,145432.0,1176480351.0,0.645,4.434
Iceland,1952,ISL,147778.0,1305468775.0,0.777,5.256
Iceland,1953,ISL,150750.0,1342105855.0,0.916,6.076
Iceland,1954,ISL,154272.0,1460002131.0,0.78,5.059
Iceland,1955,ISL,157751.0,1595612288.0,0.912,5.783
Iceland,1956,ISL,161091.0,1665698651.0,0.949,5.891
Iceland,1957,ISL,164767.0,1664143696.0,0.964,5.848
Iceland,1958,ISL,168490.0,1783571886.0,1.092,6.48
Iceland,1959,ISL,172008.0,1844104378.0,1.238,7.198
Iceland,1960,ISL,175572.0,1927249746.0,1.212,6.906
Iceland,1961,ISL,179014.0,1919292826.0,1.092,6.098
Iceland,1962,ISL,182360.0,2081775983.0,1.198,6.568
Iceland,1963,ISL,185658.0,2293658080.0,1.304,7.024
Iceland,1964,ISL,189043.0,2527905943.0,1.308,6.917
Iceland,1965,ISL,192344.0,2711260720.0,1.396,7.255
Iceland,1966,ISL,195604.0,2945495389.0,1.494,7.64
Iceland,1967,ISL,198796.0,2909013916.0,1.443,7.259
Iceland,1968,ISL,201519.0,2746591693.0,1.593,7.907
Iceland,1969,ISL,203383.0,2816529574.0,1.264,6.213
Iceland,1970,ISL,204489.0,3026862377.0,1.388,6.789
Iceland,1971,ISL,206171.0,3422363672.0,1.472,7.141
Iceland,1972,ISL,209209.0,3634269544.0,1.483,7.088
Iceland,1973,ISL,212385.0,3881376798.0,1.75,8.24
Iceland,1974,ISL,215273.0,4102783593.0,1.738,8.076
Iceland,1975,ISL,218029.0,4128417095.0,1.613,7.4
Iceland,1976,ISL,220196.0,4375583553.0,1.701,7.726
Iceland,1977,ISL,221842.0,4761430653.0,1.903,8.577
Iceland,1978,ISL,223580.0,5048370999.0,1.921,8.591
Iceland,1979,ISL,225765.0,5292233641.0,1.983,8.784
Iceland,1980,ISL,228147.0,5596332897.0,1.862,8.161
Iceland,1981,ISL,230754.0,5835622894.0,1.748,7.575
Iceland,1982,ISL,233852.0,5961541416.0,1.594,6.816
Iceland,1983,ISL,236968.0,5832393814.0,1.543,6.509
Iceland,1984,ISL,239513.0,6072950813.0,1.81,7.556
Iceland,1985,ISL,241414.0,6274063966.0,1.623,6.721
Iceland,1986,ISL,243195.0,6667649366.0,1.78,7.32
Iceland,1987,ISL,245864.0,7236537224.0,1.845,7.504
Iceland,1988,ISL,249734.0,7230172431.0,1.841,7.372
Iceland,1989,ISL,252861.0,7241678454.0,1.896,7.5
Iceland,1990,ISL,254842.0,7325718271.0,2.222,8.719
Iceland,1991,ISL,257817.0,7288590266.0,2.103,8.157
Iceland,1992,ISL,261087.0,7011078151.0,2.249,8.615
Iceland,1993,ISL,263760.0,7076878574.0,2.4,9.1
Iceland,1994,ISL,266063.0,7301854318.0,2.349,8.83
Iceland,1995,ISL,267516.0,7280955133.0,2.469,9.229
Iceland,1996,ISL,268967.0,7601917128.0,2.523,9.38
Iceland,1997,ISL,271194.0,8108417582.0,2.618,9.655
Iceland,1998,ISL,274121.0,8607334873.0,2.638,9.625
Iceland,1999,ISL,277450.0,8919642339.0,2.841,10.239
Iceland,2000,ISL,281293.0,9307402059.0,2.933,10.426
Iceland,2001,ISL,285058.0,9632094658.0,2.865,10.051
Iceland,2002,ISL,287609.0,9623436669.0,2.992,10.403
Iceland,2003,ISL,289616.0,9810546928.0,2.985,10.308
Iceland,2004,ISL,292172.0,10591927126.0,3.107,10.635
Iceland,2005,ISL,296852.0,11206862490.0,2.976,10.026
Iceland,2006,ISL,303883.0,11775508947.0,3.154,10.38
Iceland,2007,ISL,311662.0,12798725464.0,3.494,11.212
Iceland,2008,ISL,317519.0,13031114591.0,3.811,12.004
Iceland,2009,ISL,318619.0,12031037299.0,3.73,11.708
Iceland,2010,ISL,318163.0,11531450215.0,3.627,11.399
Iceland,2011,ISL,319139.0,11716753534.0,3.503,10.978
Iceland,2012,ISL,320851.0,11841375384.0,3.499,10.906
Iceland,2013,ISL,323891.0,12380449213.0,3.489,10.772
Iceland,2014,ISL,327517.0,12589333385.0,3.445,10.519
Iceland,2015,ISL,330962.0,13147880818.0,3.541,10.699
Iceland,2016,ISL,335571.0,13976682094.0,3.494,10.411
Iceland,2017,ISL,343537.0,14562998209.0,3.611,10.511
Iceland,2018,ISL,352860.0,15275006901.0,3.665,10.388
Iceland,2019,ISL,360709.0,15550746271.0,3.553,9.849
Iceland,2020,ISL,366626.0,14424580947.0,3.339,9.107
Iceland,2021,ISL,372647.0,15049658393.0,3.491,9.367
Iceland,2022,ISL,380368.0,16019540441.0,3.598,9.458
Iceland,2023,ISL,387559.0,,3.508,9.052
Iceland,2024,ISL,393404.0,,3.803,9.667
India,1950,IND,346278818.0,354333000000.0,60.943,0.176
India,1951,IND,353870058.0,362445000000.0,63.806,0.18
India,1952,IND,361874906.0,373116000000.0,67.249,0.186
India,1953,IND,370104570.0,396813000000.0,68.608,0.185
India,1954,IND,378687141.0,413406000000.0,72.307,0.191
India,1955,IND,387700892.0,423654000000.0,78.694,0.203
India,1956,IND,396988905.0,447917000000.0,81.619,0.206
India,1957,IND,406253895.0,443356000000.0,91.618,0.226
India,1958,IND,415777436.0,476938000000.0,95.801,0.23
India,1959,IND,425780669.0,486918000000.0,101.436,0.238
India,1960,IND,435990342.0,520800000000.0,111.32,0.255
India,1961,IND,446564731.0,536352000000.0,120.399,0.27
India,1962,IND,457283091.0,548432000000.0,132.58,0.29
India,1963,IND,468138576.0,576288000000.0,142.439,0.304
India,1964,IND,479229599.0,620466000000.0,139.483,0.291
India,1965,IND,490140142.0,596065000000.0,153.697,0.314
India,1966,IND,500740250.0,601425000000.0,159.371,0.318
India,1967,IND,511606377.0,650716000000.0,159.557,0.312
India,1968,IND,522716893.0,668220000000.0,174.071,0.333
India,1969,IND,533880545.0,712563000000.0,177.411,0.332
India,1970,IND,545864271.0,748744000000.0,181.724,0.333
India,1971,IND,558096385.0,755656000000.0,191.965,0.344
India,1972,IND,570482138.0,753543000000.0,203.037,0.356
India,1973,IND,583465599.0,788800000000.0,209.096,0.358
India,1974,IND,597041391.0,796992000000.0,215.854,0.362
India,1975,IND,611309536.0,868010000000.0,234.21,0.383
India,1976,IND,625861887.0,878540000000.0,244.75,0.391
India,1977,IND,640801106.0,947196000000.0,258.962,0.404
India,1978,IND,655728226.0,997920000000.0,263.15,0.401
India,1979,IND,671155746.0,947528000000.0,276.285,0.412
India,1980,IND,687354029.0,1015105000000.0,291.714,0.424
India,1981,IND,703696251.0,1077444000000.0,314.969,0.448
India,1982,IND,720313473.0,1111560000000.0,325.383,0.452
India,1983,IND,737372683.0,1202349000000.0,352.205,0.478
India,1984,IND,754875449.0,1248910000000.0,361.569,0.479
India,1985,IND,772647800.0,1298600000000.0,397.601,0.515
India,1986,IND,790689977.0,1353105000000.0,426.318,0.539
India,1987,IND,808931268.0,1412884000000.0,455.355,0.563
India,1988,IND,827342994.0,1560090000000.0,491.7,0.594
India,1989,IND,846039528.0,1663728000000.0,540.662,0.639
India,1990,IND,864972221.0,1750993000000.0,577.987,0.668
India,1991,IND,883927605.0,1768493598375.0,615.388,0.696
India,1992,IND,902957075.0,1851711465033.0,655.424,0.726
India,1993,IND,922118380.0,1944353884791.0,677.262,0.734
India,1994,IND,941163772.0,2055026658036.0,714.043,0.759
India,1995,IND,960301046.0,2189535837458.0,760.48,0.792
India,1996,IND,979678460.0,2345228680352.0,823.602,0.841
India,1997,IND,999133764.0,2426804815330.0,857.976,0.859
India,1998,IND,1018665080.0,2567853125008.0,875.783,0.86
India,1999,IND,1038225822.0,2710353015518.0,961.194,0.926
India,2000,IND,1057922731.0,2804478499774.0,987.065,0.933
India,2001,IND,1077898579.0,2940745466088.0,1001.198,0.929
India,2002,IND,1097600380.0,3024984520809.0,1032.75,0.941
India,2003,IND,1116803000.0,3251114494190.0,1068.398,0.957
India,2004,IND,1135991509.0,3495022816540.0,1134.611,0.999
India,2005,IND,1154676321.0,3752627653422.0,1195.393,1.035
India,2006,IND,1172878888.0,4069856052453.0,1293.321,1.103
India,2007,IND,1190676028.0,4403215224414.0,1393.485,1.17
India,2008,IND,1207930960.0,4649548164533.0,1490.366,1.234
India,2009,IND,1225524764.0,4993478894185.0,1613.328,1.316
India,2010,IND,1243481565.0,5361371354007.0,1678.53,1.35
India,2011,IND,1261224956.0,5720692888000.0,1765.695,1.4
India,2012,IND,1278674501.0,6052427493607.0,1926.986,1.507
India,2013,IND,1295829507.0,6424470752490.0,1995.337,1.54
India,2014,IND,1312277184.0,6875186158349.0,2148.052,1.637
India,2015,IND,1328024494.0,7391521519812.0,2231.817,1.681
India,2016,IND,1343944296.0,8057465593010.0,2352.54,1.75
India,2017,IND,1359657398.0,8550029645172.0,2425.722,1.784
India,2018,IND,1374659067.0,9173201683791.0,2595.227,1.888
India,2019,IND,1389030307.0,9595463242427.0,2611.175,1.88
India,2020,IND,1402617694.0,8945313249462.0,2422.732,1.727
India,2021,IND,1414203896.0,9801621018003.0,2675.778,1.892
India,2022,IND,1425423209.0,10476248645535.0,2831.132,1.986
India,2023,IND,1438069597.0,,3062.756,2.13
India,2024,IND,1450935785.0,,3193.478,2.201
Indonesia,1950,IDN,68799031.0,105742750000.0,9.831,0.143
Indonesia,1951,IDN,70286313.0,113595817218.0,9.39,0.134
Indonesia,1952,IDN,71876439.0,119008853460.0,12.721,0.177
Indonesia,1953,IDN,73569145.0,125027602835.0,13.08,0.178
Indonesia,1954,IDN,75367367.0,132648518468.0,14.747,0.196
Indonesia,1955,IDN,77273505.0,136433233929.0,20.844,0.27
Indonesia,1956,IDN,79282557.0,138179182640.0,21.811,0.275
Indonesia,1957,IDN,81390843.0,147685297078.0,22.412,0.275
Indonesia,1958,IDN,83592765.0,142311993750.0,22.206,0.266
Indonesia,1959,IDN,85892866.0,148373769921.0,23.862,0.278
Indonesia,1960,IDN,88296074.0,154784588937.0,21.385,0.242
Indonesia,1961,IDN,90791252.0,164961480937.0,26.002,0.286
Indonesia,1962,IDN,93375848.0,164672686500.0,22.975,0.246
Indonesia,1963,IDN,96051426.0,158306819414.0,22.763,0.237
Indonesia,1964,IDN,98833758.0,164270395804.0,22.374,0.226
Indonesia,1965,IDN,101365131.0,165966270867.0,24.668,0.243
Indonesia,1966,IDN,103792758.0,165937625312.0,23.375,0.225
Indonesia,1967,IDN,106526398.0,162199042031.0,24.54,0.23
Indonesia,1968,IDN,109450008.0,177944031406.0,27.563,0.252
Indonesia,1969,IDN,112517639.0,199907967734.0,33.362,0.297
Indonesia,1970,IDN,115657496.0,220830571796.0,35.791,0.309
Indonesia,1971,IDN,118833700.0,233065685015.0,38.955,0.328
Indonesia,1972,IDN,122039844.0,259469195351.0,43.306,0.355
Indonesia,1973,IDN,125288516.0,297900740234.0,49.097,0.392
Indonesia,1974,IDN,128555052.0,313092753187.0,51.225,0.398
Indonesia,1975,IDN,131843848.0,313087937500.0,53.931,0.409
Indonesia,1976,IDN,135173656.0,340620621000.0,61.785,0.457
Indonesia,1977,IDN,138533540.0,367091499843.0,82.41,0.595
Indonesia,1978,IDN,141953161.0,383794656468.0,93.928,0.662
Indonesia,1979,IDN,145434830.0,404845744687.0,95.123,0.654
Indonesia,1980,IDN,148950537.0,439667550265.0,94.854,0.637
Indonesia,1981,IDN,152485036.0,469898598187.0,100.272,0.658
Indonesia,1982,IDN,156052153.0,452605700484.0,105.555,0.676
Indonesia,1983,IDN,159651382.0,470680097062.0,105.149,0.659
Indonesia,1984,IDN,163251124.0,503305954218.0,112.42,0.689
Indonesia,1985,IDN,166776183.0,515643133687.0,121.548,0.729
Indonesia,1986,IDN,170175065.0,545914214562.0,122.109,0.718
Indonesia,1987,IDN,173511157.0,572866984531.0,123.813,0.714
Indonesia,1988,IDN,176855071.0,605642460937.0,132.649,0.75
Indonesia,1989,IDN,180201638.0,660041602546.0,131.586,0.73
Indonesia,1990,IDN,183501097.0,718548888843.0,154.991,0.845
Indonesia,1991,IDN,186778239.0,786440054225.0,174.754,0.936
Indonesia,1992,IDN,190043742.0,841780430872.0,199.298,1.049
Indonesia,1993,IDN,193305169.0,912702668892.0,214.963,1.112
Indonesia,1994,IDN,196591829.0,986200274496.0,219.2,1.115
Indonesia,1995,IDN,199888055.0,1072204353033.0,222.225,1.112
Indonesia,1996,IDN,203204353.0,1161281457768.0,252.856,1.244
Indonesia,1997,IDN,206536089.0,1221454544616.0,279.696,1.354
Indonesia,1998,IDN,209826791.0,1066065643776.0,244.315,1.164
Indonesia,1999,IDN,213004667.0,1079382527522.0,291.771,1.37
Indonesia,2000,IDN,216077789.0,1138300071768.0,281.054,1.301
Indonesia,2001,IDN,219097905.0,1185220908414.0,316.759,1.446
Indonesia,2002,IDN,222088499.0,1244249942443.0,308.201,1.388
Indonesia,2003,IDN,225048005.0,1309811268640.0,339.024,1.506
Indonesia,2004,IDN,227926649.0,1387446383159.0,342.709,1.504
Indonesia,2005,IDN,230871648.0,1474875329634.0,347.361,1.505
Indonesia,2006,IDN,233951650.0,1565012923832.0,346.366,1.481
Indonesia,2007,IDN,237062338.0,1674227359084.0,387.577,1.635
Indonesia,2008,IDN,240157902.0,1809491142510.0,365.384,1.521
Indonesia,2009,IDN,243220024.0,1905717479305.0,398.624,1.639
Indonesia,2010,IDN,246305327.0,2039334560589.0,445.37,1.808
Indonesia,2011,IDN,249470029.0,2178184530109.0,500.458,2.006
Indonesia,2012,IDN,252698525.0,2309530044109.0,515.77,2.041
Indonesia,2013,IDN,255852464.0,2437876929100.0,493.435,1.929
Indonesia,2014,IDN,258877395.0,2559933272409.0,498.029,1.924
Indonesia,2015,IDN,261799249.0,2684763880628.0,551.16,2.105
Indonesia,2016,IDN,264627429.0,2819889903036.0,547.969,2.071
Indonesia,2017,IDN,267346654.0,2962852274581.0,570.928,2.136
Indonesia,2018,IDN,269951847.0,3116158974437.0,607.378,2.25
Indonesia,2019,IDN,272489381.0,3272568062078.0,665.049,2.441
Indonesia,2020,IDN,274814861.0,3204972631957.0,623.304,2.268
Indonesia,2021,IDN,276758056.0,3323654666991.0,632.946,2.287
Indonesia,2022,IDN,278830527.0,3500093638879.0,758.021,2.719
Indonesia,2023,IDN,281190068.0,,762.358,2.711
Indonesia,2024,IDN,283487933.0,,812.22,2.865
International aviation,1950,,,,3.575,
International aviation,1951,,,,3.949,
International aviation,1952,,,,4.187,
International aviation,1953,,,,4.897,
International aviation,1954,,,,5.782,
International aviation,1955,,,,6.604,
International aviation,1956,,,,7.695,
International aviation,1957,,,,8.45,
International aviation,1958,,,,9.605,
International aviation,1959,,,,11.038,
International aviation,1960,,,,14.574,
International aviation,1961,,,,18.088,
International aviation,1962,,,,21.278,
International aviation,1963,,,,23.065,
International aviation,1964,,,,26.721,
International aviation,1965,,,,31.001,
International aviation,1966,,,,36.948,
International aviation,1967,,,,46.08,
International aviation,1968,,,,53.203,
International aviation,1969,,,,51.708,
International aviation,1970,,,,74.598,
International aviation,1971,,,,81.961,
International aviation,1972,,,,86.019,
International aviation,1973,,,,90.442,
International aviation,1974,,,,84.805,
International aviation,1975,,,,83.017,
International aviation,1976,,,,84.496,
International aviation,1977,,,,95.445,
International aviation,1978,,,,98.577,
International aviation,1979,,,,102.515,
International aviation,1980,,,,104.853,
International aviation,1981,,,,105.62,
International aviation,1982,,,,105.522,
International aviation,1983,,,,107.985,
International aviation,1984,,,,115.691,
International aviation,1985,,,,117.394,
International aviation,1986,,,,124.021,
International aviation,1987,,,,216.499,
International aviation,1988,,,,225.67,
International aviation,1989,,,,241.417,
International aviation,1990,,,,188.996,
International aviation,1991,,,,197.357,
International aviation,1992,,,,218.755,
International aviation,1993,,,,225.995,
International aviation,1994,,,,240.029,
International aviation,1995,,,,253.752,
International aviation,1996,,,,268.67,
International aviation,1997,,,,287.073,
International aviation,1998,,,,306.863,
International aviation,1999,,,,315.129,
International aviation,2000,,,,320.342,
International aviation,2001,,,,322.69,
International aviation,2002,,,,341.556,
International aviation,2003,,,,355.306,
International aviation,2004,,,,386.366,
International aviation,2005,,,,407.806,
International aviation,2006,,,,421.49,
International aviation,2007,,,,436.283,
International aviation,2008,,,,442.281,
International aviation,2009,,,,425.129,
International aviation,2010,,,,448.827,
International aviation,2011,,,,466.316,
International aviation,2012,,,,480.94,
International aviation,2013,,,,494.792,
International aviation,2014,,,,494.141,
International aviation,2015,,,,514.844,
International aviation,2016,,,,536.874,
International aviation,2017,,,,555.845,
International aviation,2018,,,,593.353,
International aviation,2019,,,,597.521,
International aviation,2020,,,,258.86,
International aviation,2021,,,,281.429,
International aviation,2022,,,,407.078,
International aviation,2023,,,,501.516,
International aviation,2024,,,,569.039,
International shipping,1950,,,,127.138,
International shipping,1951,,,,151.515,
International shipping,1952,,,,153.94,
International shipping,1953,,,,158.781,
International shipping,1954,,,,158.299,
International shipping,1955,,,,181.681,
International shipping,1956,,,,194.386,
International shipping,1957,,,,215.919,
International shipping,1958,,,,198.829,
International shipping,1959,,,,202.745,
International shipping,1960,,,,222.079,
International shipping,1961,,,,243.427,
International shipping,1962,,,,249.769,
International shipping,1963,,,,260.974,
International shipping,1964,,,,284.644,
International shipping,1965,,,,290.897,
International shipping,1966,,,,311.402,
International shipping,1967,,,,326.618,
International shipping,1968,,,,340.866,
International shipping,1969,,,,360.665,
International shipping,1970,,,,359.846,
International shipping,1971,,,,376.97,
International shipping,1972,,,,403.573,
International shipping,1973,,,,433.333,
International shipping,1974,,,,401.568,
International shipping,1975,,,,362.02,
International shipping,1976,,,,351.659,
International shipping,1977,,,,350.666,
International shipping,1978,,,,354.643,
International shipping,1979,,,,352.343,
International shipping,1980,,,,339.462,
International shipping,1981,,,,304.549,
International shipping,1982,,,,265.864,
International shipping,1983,,,,248.772,
International shipping,1984,,,,242.461,
International shipping,1985,,,,248.468,
International shipping,1986,,,,268.159,
International shipping,1987,,,,309.61,
International shipping,1988,,,,318.639,
International shipping,1989,,,,322.534,
International shipping,1990,,,,358.873,
International shipping,1991,,,,345.312,
International shipping,1992,,,,335.062,
International shipping,1993,,,,331.44,
International shipping,1994,,,,344.801,
International shipping,1995,,,,363.505,
International shipping,1996,,,,399.846,
International shipping,1997,,,,416.211,
International shipping,1998,,,,439.391,
International shipping,1999,,,,458.29,
International shipping,2000,,,,463.178,
International shipping,2001,,,,454.813,
International shipping,2002,,,,455.289,
International shipping,2003,,,,473.954,
International shipping,2004,,,,517.1,
International shipping,2005,,,,531.422,
International shipping,2006,,,,569.105,
International shipping,2007,,,,611.969,
International shipping,2008,,,,615.9,
International shipping,2009,,,,588.92,
International shipping,2010,,,,623.205,
International shipping,2011,,,,639.74,
International shipping,2012,,,,613.153,
International shipping,2013,,,,615.404,
International shipping,2014,,,,621.706,
International shipping,2015,,,,637.775,
International shipping,2016,,,,632.205,
International shipping,2017,,,,645.271,
International shipping,2018,,,,643.022,
International shipping,2019,,,,642.053,
International shipping,2020,,,,580.691,
International shipping,2021,,,,597.654,
International shipping,2022,,,,558.591,
International shipping,2023,,,,581.238,
International shipping,2024,,,,623.424,
Iran,1950,IRN,16510553.0,44850894000.0,9.601,0.581
Iran,1951,IRN,16921282.0,44840294359.0,6.914,0.409
Iran,1952,IRN,17344436.0,44843149695.0,4.092,0.236
Iran,1953,IRN,17778109.0,44886632476.0,3.829,0.215
Iran,1954,IRN,18226205.0,44884368375.0,1.044,0.057
Iran,1955,IRN,18700800.0,44862809115.0,15.813,0.846
Iran,1956,IRN,19204391.0,48871698175.0,22.808,1.188
Iran,1957,IRN,19726844.0,55700860113.0,21.8,1.105
Iran,1958,IRN,20266508.0,62178753076.0,25.229,1.245
Iran,1959,IRN,20846777.0,67527564515.0,25.569,1.227
Iran,1960,IRN,21470433.0,74059073005.0,37.359,1.74
Iran,1961,IRN,22125729.0,80338485496.0,36.509,1.65
Iran,1962,IRN,22807908.0,81892025187.0,37.428,1.641
Iran,1963,IRN,23519008.0,90921961382.0,41.305,1.756
Iran,1964,IRN,24262863.0,97500512097.0,47.519,1.959
Iran,1965,IRN,25036982.0,109475800625.0,53.718,2.146
Iran,1966,IRN,25829273.0,120466928355.0,64.103,2.482
Iran,1967,IRN,26628430.0,134024240734.0,67.881,2.549
Iran,1968,IRN,27437391.0,154230441263.0,82.33,3.001
Iran,1969,IRN,28273483.0,174223159406.0,83.039,2.937
Iran,1970,IRN,29145099.0,192659383855.0,91.787,3.149
Iran,1971,IRN,30029069.0,216529776000.0,101.628,3.384
Iran,1972,IRN,30921178.0,251717221253.0,106.015,3.429
Iran,1973,IRN,31839835.0,273301948734.0,129.475,4.066
Iran,1974,IRN,32796453.0,297538961542.0,143.772,4.384
Iran,1975,IRN,33802971.0,311929458003.0,139.214,4.118
Iran,1976,IRN,34837282.0,365375401171.0,156.49,4.492
Iran,1977,IRN,35933181.0,360749420839.0,163.806,4.559
Iran,1978,IRN,37126534.0,318003256796.0,162.289,4.371
Iran,1979,IRN,38424956.0,290524362906.0,163.137,4.246
Iran,1980,IRN,39842323.0,249697463468.0,120.695,3.029
Iran,1981,IRN,41989316.0,242198929683.0,113.273,2.698
Iran,1982,IRN,44272140.0,280254598203.0,138.132,3.12
Iran,1983,IRN,46029540.0,317242867718.0,150.028,3.259
Iran,1984,IRN,47793999.0,322589094761.0,150.401,3.147
Iran,1985,IRN,49582289.0,330378097328.0,160.486,3.237
Iran,1986,IRN,51446046.0,299361778375.0,148.305,2.883
Iran,1987,IRN,53323491.0,294831460492.0,159.34,2.988
Iran,1988,IRN,55072691.0,278182811296.0,175.958,3.195
Iran,1989,IRN,56704920.0,288903877046.0,191.114,3.37
Iran,1990,IRN,58380098.0,318478243281.0,211.075,3.616
Iran,1991,IRN,59986931.0,376283104666.0,223.042,3.718
Iran,1992,IRN,61184982.0,424984709524.0,228.194,3.73
Iran,1993,IRN,61403548.0,419990120256.0,236.993,3.86
Iran,1994,IRN,61520598.0,419488447798.0,264.822,4.305
Iran,1995,IRN,62205571.0,437566117340.0,270.875,4.355
Iran,1996,IRN,62881298.0,483475486274.0,276.62,4.399
Iran,1997,IRN,63639637.0,512736336735.0,269.263,4.231
Iran,1998,IRN,64519866.0,541099749969.0,305.642,4.737
Iran,1999,IRN,65445389.0,563869043718.0,374.452,5.722
Iran,2000,IRN,66418661.0,595554549032.0,367.213,5.529
Iran,2001,IRN,67452005.0,636570203280.0,389.912,5.781
Iran,2002,IRN,68011318.0,698059655739.0,397.031,5.838
Iran,2003,IRN,68769343.0,779969698412.0,410.967,5.976
Iran,2004,IRN,70256316.0,849441950372.0,442.119,6.293
Iran,2005,IRN,71828455.0,908856025194.0,466.795,6.499
Iran,2006,IRN,73392747.0,995245162302.0,501.015,6.826
Iran,2007,IRN,74602648.0,1098784519617.0,507.771,6.806
Iran,2008,IRN,75514201.0,1132365762681.0,528.528,6.999
Iran,2009,IRN,76457831.0,1208128386676.0,543.406,7.107
Iran,2010,IRN,77420851.0,1310507059384.0,561.496,7.253
Iran,2011,IRN,78383602.0,1345049307937.0,576.366,7.353
Iran,2012,IRN,79370583.0,1324570752684.0,599.278,7.55
Iran,2013,IRN,80414689.0,1287095594893.0,609.997,7.586
Iran,2014,IRN,81502045.0,1352737013920.0,644.228,7.904
Iran,2015,IRN,82619365.0,1331012211481.0,641.959,7.77
Iran,2016,IRN,83812230.0,1413723685657.0,644.68,7.692
Iran,2017,IRN,85026761.0,1486668357750.0,696.407,8.19
Iran,2018,IRN,86117999.0,1483607175221.0,664.523,7.716
Iran,2019,IRN,87051649.0,1438754460224.0,727.269,8.354
Iran,2020,IRN,87723448.0,1446203709942.0,745.596,8.499
Iran,2021,IRN,88455490.0,1525523070071.0,779.525,8.813
Iran,2022,IRN,89524247.0,1572209055082.0,767.178,8.57
Iran,2023,IRN,90608708.0,,789.676,8.715
Iran,2024,IRN,91567737.0,,792.631,8.656
Iraq,1950,IRQ,5653357.0,11225324801.0,1.649,0.292
Iraq,1951,IRQ,5774132.0,12205860642.0,2.429,0.421
Iraq,1952,IRQ,5913013.0,13506463493.0,1.96,0.331
Iraq,1953,IRQ,6064249.0,18969127317.0,2.527,0.417
Iraq,1954,IRQ,6219477.0,22545258201.0,3.048,0.49
Iraq,1955,IRQ,6366279.0,21623615481.0,4.099,0.644
Iraq,1956,IRQ,6507499.0,23127861968.0,6.395,0.983
Iraq,1957,IRQ,6633379.0,22907525481.0,5.97,0.9
Iraq,1958,IRQ,6741679.0,25565155311.0,6.666,0.989
Iraq,1959,IRQ,6870386.0,26644595246.0,7.314,1.065
Iraq,1960,IRQ,7022057.0,29744049863.0,8.256,1.176
Iraq,1961,IRQ,7194561.0,33164031367.0,8.709,1.211
Iraq,1962,IRQ,7413876.0,34818409212.0,9.021,1.217
Iraq,1963,IRQ,7667932.0,34189525555.0,9.383,1.224
Iraq,1964,IRQ,7929572.0,38285466525.0,9.064,1.143
Iraq,1965,IRQ,8202145.0,41774680277.0,19.293,2.352
Iraq,1966,IRQ,8485103.0,43987528355.0,27.676,3.262
Iraq,1967,IRQ,8778876.0,42962740268.0,18.373,2.093
Iraq,1968,IRQ,9085016.0,50599356796.0,19.696,2.168
Iraq,1969,IRQ,9403356.0,52311484614.0,22.601,2.404
Iraq,1970,IRQ,9735611.0,52114082093.0,23.884,2.453
Iraq,1971,IRQ,10077818.0,55337284757.0,28.832,2.861
Iraq,1972,IRQ,10430169.0,53295796537.0,29.52,2.83
Iraq,1973,IRQ,10795872.0,62224501119.0,30.613,2.836
Iraq,1974,IRQ,11167770.0,65566679534.0,30.909,2.768
Iraq,1975,IRQ,11543643.0,76468253923.0,33.12,2.869
Iraq,1976,IRQ,11927652.0,92032418903.0,48.747,4.087
Iraq,1977,IRQ,12331051.0,94552362736.0,43.656,3.54
Iraq,1978,IRQ,12753355.0,111778015722.0,42.251,3.313
Iraq,1979,IRQ,13170372.0,137502640891.0,52.908,4.017
Iraq,1980,IRQ,13591996.0,134511807084.0,45.473,3.346
Iraq,1981,IRQ,14006379.0,110104428901.0,32.042,2.288
Iraq,1982,IRQ,14406082.0,109191244640.0,30.538,2.12
Iraq,1983,IRQ,14840558.0,99708341948.0,38.652,2.604
Iraq,1984,IRQ,15310729.0,99953479108.0,40.071,2.617
Iraq,1985,IRQ,15683431.0,98367610894.0,44.53,2.839
Iraq,1986,IRQ,16074146.0,97354060343.0,47.596,2.961
Iraq,1987,IRQ,16521051.0,100119382570.0,52.684,3.189
Iraq,1988,IRQ,16908823.0,78971519267.0,67.698,4.004
Iraq,1989,IRQ,17364553.0,71995360828.0,72.974,4.202
Iraq,1990,IRQ,17581208.0,71051759191.0,49.683,2.826
Iraq,1991,IRQ,17767257.0,26538332738.0,45.505,2.561
Iraq,1992,IRQ,18300849.0,36550621836.0,59.02,3.225
Iraq,1993,IRQ,19201195.0,39244447591.0,63.263,3.295
Iraq,1994,IRQ,20139818.0,39993906175.0,76.573,3.802
Iraq,1995,IRQ,20825859.0,39049963235.0,79.841,3.834
Iraq,1996,IRQ,21501321.0,47130675910.0,74.823,3.48
Iraq,1997,IRQ,22176604.0,48594367863.0,76.296,3.44
Iraq,1998,IRQ,22884402.0,59869187777.0,80.984,3.539
Iraq,1999,IRQ,23636530.0,69697267568.0,82.416,3.487
Iraq,2000,IRQ,24424060.0,83019213791.0,83.722,3.428
Iraq,2001,IRQ,25197842.0,97219510326.0,96.802,3.842
Iraq,2002,IRQ,26006558.0,112141846978.0,97.09,3.733
Iraq,2003,IRQ,26802660.0,94480598969.0,101.424,3.784
Iraq,2004,IRQ,27577876.0,155937247290.0,113.016,4.098
Iraq,2005,IRQ,28407450.0,170895694120.0,114.282,4.023
Iraq,2006,IRQ,28616518.0,190082841273.0,98.838,3.454
Iraq,2007,IRQ,28391606.0,200529416438.0,61.361,2.161
Iraq,2008,IRQ,28971042.0,231588128927.0,94.335,3.256
Iraq,2009,IRQ,30058207.0,259745648872.0,105.211,3.5
Iraq,2010,IRQ,31045367.0,297507194079.0,113.983,3.672
Iraq,2011,IRQ,32161425.0,344220720679.0,123.526,3.841
Iraq,2012,IRQ,33654843.0,392191319237.0,134.04,3.983
Iraq,2013,IRQ,35281987.0,422107689937.0,141.704,4.016
Iraq,2014,IRQ,36550058.0,425222855485.0,137.513,3.762
Iraq,2015,IRQ,37560535.0,436010743372.0,142.53,3.795
Iraq,2016,IRQ,38469628.0,502280002568.0,153.132,3.981
Iraq,2017,IRQ,39337358.0,485207548291.0,167.472,4.257
Iraq,2018,IRQ,40265629.0,508026800522.0,186.156,4.623
Iraq,2019,IRQ,41192172.0,537548265143.0,191.778,4.656
Iraq,2020,IRQ,42116602.0,453147782672.0,172.098,4.086
Iraq,2021,IRQ,43071208.0,487935979007.0,193.115,4.484
Iraq,2022,IRQ,44070556.0,527639326800.0,217.644,4.939
Iraq,2023,IRQ,45074055.0,,227.91,5.056
Iraq,2024,IRQ,46042015.0,,233.635,5.074
Ireland,1950,IRL,2912656.0,16308451437.0,9.726,3.339
Ireland,1951,IRL,2936865.0,16717148037.0,10.507,3.577
Ireland,1952,IRL,2941463.0,17137265614.0,9.62,3.27
Ireland,1953,IRL,2929083.0,17604288812.0,9.535,3.255
Ireland,1954,IRL,2915174.0,17761579171.0,9.092,3.119
Ireland,1955,IRL,2899545.0,18219999337.0,11.715,4.04
Ireland,1956,IRL,2883752.0,17985311199.0,10.923,3.788
Ireland,1957,IRL,2869103.0,17957214397.0,9.718,3.387
Ireland,1958,IRL,2854004.0,17591039049.0,8.956,3.138
Ireland,1959,IRL,2839216.0,18300655017.0,12.312,4.336
Ireland,1960,IRL,2827691.0,19328400000.0,11.168,3.95
Ireland,1961,IRL,2824696.0,20252304150.0,12.353,4.373
Ireland,1962,IRL,2831496.0,20913700000.0,13.107,4.629
Ireland,1963,IRL,2843035.0,21902250000.0,13.447,4.73
Ireland,1964,IRL,2857169.0,22763072000.0,14.216,4.976
Ireland,1965,IRL,2873157.0,23154676000.0,13.717,4.774
Ireland,1966,IRL,2888884.0,23351748000.0,15.095,5.225
Ireland,1967,IRL,2905420.0,24740753933.0,16.395,5.643
Ireland,1968,IRL,2922789.0,26786262500.0,17.798,6.089
Ireland,1969,IRL,2940759.0,28395874547.0,18.494,6.289
Ireland,1970,IRL,2961402.0,29149939064.0,19.39,6.548
Ireland,1971,IRL,2993119.0,30164222894.0,22.476,7.509
Ireland,1972,IRL,3037153.0,32122151362.0,22.036,7.256
Ireland,1973,IRL,3084436.0,33639246665.0,22.846,7.407
Ireland,1974,IRL,3132177.0,35069144451.0,23.293,7.437
Ireland,1975,IRL,3180119.0,37053673169.0,22.051,6.934
Ireland,1976,IRL,3228393.0,37568364768.0,22.29,6.904
Ireland,1977,IRL,3277756.0,40653356286.0,23.565,7.189
Ireland,1978,IRL,3329185.0,43579100000.0,23.576,7.082
Ireland,1979,IRL,3375806.0,44914946348.0,27.399,8.116
Ireland,1980,IRL,3415240.0,46301214000.0,26.275,7.693
Ireland,1981,IRL,3448825.0,47839154843.0,26.062,7.557
Ireland,1982,IRL,3475532.0,48932280000.0,25.566,7.356
Ireland,1983,IRL,3497614.0,48814224000.0,25.725,7.355
Ireland,1984,IRL,3515953.0,50941115000.0,25.549,7.267
Ireland,1985,IRL,3531275.0,52512360000.0,26.746,7.574
Ireland,1986,IRL,3541875.0,52286104000.0,28.55,8.061
Ireland,1987,IRL,3540382.0,54719772690.0,30.226,8.538
Ireland,1988,IRL,3525092.0,57578366393.0,29.884,8.477
Ireland,1989,IRL,3511070.0,60929426753.0,30.061,8.562
Ireland,1990,IRL,3514015.0,66087470680.0,32.945,9.375
Ireland,1991,IRL,3534258.0,67931954747.0,33.675,9.528
Ireland,1992,IRL,3558417.0,71260987727.0,33.496,9.413
Ireland,1993,IRL,3576118.0,73767381672.0,33.717,9.428
Ireland,1994,IRL,3590162.0,78958775461.0,34.839,9.704
Ireland,1995,IRL,3610695.0,87444502170.0,35.853,9.93
Ireland,1996,IRL,3638507.0,96380321753.0,37.469,10.298
Ireland,1997,IRL,3672287.0,108003078862.0,38.805,10.567
Ireland,1998,IRL,3711075.0,118588811316.0,40.708,10.969
Ireland,1999,IRL,3752938.0,132916954385.0,42.44,11.309
Ireland,2000,IRL,3802589.0,147722370991.0,45.25,11.9
Ireland,2001,IRL,3862981.0,158384851025.0,47.608,12.324
Ireland,2002,IRL,3928441.0,169226186783.0,46.081,11.73
Ireland,2003,IRL,3992935.0,177468844871.0,45.684,11.441
Ireland,2004,IRL,4066066.0,191402766075.0,46.167,11.354
Ireland,2005,IRL,4155283.0,204898243531.0,48.153,11.588
Ireland,2006,IRL,4268775.0,219162994472.0,47.597,11.15
Ireland,2007,IRL,4393518.0,230371638354.0,47.658,10.847
Ireland,2008,IRL,4485992.0,223067117042.0,47.361,10.558
Ireland,2009,IRL,4533750.0,215181048184.0,42.177,9.303
Ireland,2010,IRL,4559084.0,221852442105.0,41.791,9.167
Ireland,2011,IRL,4579603.0,224397469453.0,38.054,8.31
Ireland,2012,IRL,4600135.0,217871560184.0,38.224,8.309
Ireland,2013,IRL,4624686.0,222738952818.0,37.279,8.061
Ireland,2014,IRL,4658236.0,236178350686.0,36.85,7.911
Ireland,2015,IRL,4702497.0,249955928768.0,38.715,8.233
Ireland,2016,IRL,4753506.0,255118282428.0,40.369,8.492
Ireland,2017,IRL,4810258.0,266528546717.0,39.04,8.116
Ireland,2018,IRL,4872559.0,282500483309.0,38.922,7.988
Ireland,2019,IRL,4933493.0,294503693886.0,37.2,7.54
Ireland,2020,IRL,4982602.0,274762344680.0,35.053,7.035
Ireland,2021,IRL,5028428.0,287639621097.0,37.474,7.452
Ireland,2022,IRL,5110015.0,308390920561.0,36.676,7.177
Ireland,2023,IRL,5196629.0,,33.568,6.46
Ireland,2024,IRL,5255016.0,,33.311,6.339
Israel,1950,ISR,1289244.0,5774728106.0,1.669,1.295
Israel,1951,ISR,1351813.0,7502140166.0,2.918,2.159
Israel,1952,ISR,1414224.0,7825772504.0,3.659,2.587
Israel,1953,ISR,1476336.0,7732000628.0,4.04,2.736
Israel,1954,ISR,1538044.0,9205237418.0,4.325,2.812
Israel,1955,ISR,1599497.0,10453216664.0,4.815,3.011
Israel,1956,ISR,1660640.0,11383412780.0,4.794,2.887
Israel,1957,ISR,1720530.0,12372223569.0,5.171,3.005
Israel,1958,ISR,1779007.0,13262256420.0,5.537,3.112
Israel,1959,ISR,1836348.0,14935422894.0,5.603,3.051
Israel,1960,ISR,1891941.0,15917733206.0,6.46,3.414
Israel,1961,ISR,1956894.0,17656586588.0,7.061,3.608
Israel,1962,ISR,2040967.0,19402350426.0,7.932,3.887
Israel,1963,ISR,2135049.0,21455392705.0,8.2,3.84
Israel,1964,ISR,2231855.0,23558016330.0,9.137,4.094
Israel,1965,ISR,2331450.0,25774106268.0,12.929,5.545
Israel,1966,ISR,2433836.0,26059961103.0,13.581,5.58
Israel,1967,ISR,2538658.0,26714975642.0,13.528,5.329
Israel,1968,ISR,2645472.0,30793714001.0,13.794,5.214
Israel,1969,ISR,2754159.0,34677898122.0,14.801,5.374
Israel,1970,ISR,2864773.0,37492044301.0,16.559,5.78
Israel,1971,ISR,2977303.0,41612219555.0,16.219,5.448
Israel,1972,ISR,3079404.0,46772752447.0,16.891,5.485
Israel,1973,ISR,3163042.0,49156995002.0,19.261,6.089
Israel,1974,ISR,3239987.0,52506460561.0,19.369,5.978
Israel,1975,ISR,3318087.0,54258217675.0,19.54,5.889
Israel,1976,ISR,3398266.0,54959612811.0,19.497,5.737
Israel,1977,ISR,3479619.0,54959326386.0,19.766,5.68
Israel,1978,ISR,3560404.0,57612679892.0,21.032,5.907
Israel,1979,ISR,3640877.0,61235977952.0,20.864,5.731
Israel,1980,ISR,3721666.0,65435675540.0,20.985,5.639
Israel,1981,ISR,3802233.0,68815619833.0,21.018,5.528
Israel,1982,ISR,3883640.0,70049631411.0,23.855,6.142
Israel,1983,ISR,3959631.0,72521861150.0,23.709,5.988
Israel,1984,ISR,4033735.0,73171252211.0,23.498,5.825
Israel,1985,ISR,4105362.0,75693883804.0,24.613,5.995
Israel,1986,ISR,4168966.0,79316328300.0,26.348,6.32
Israel,1987,ISR,4236875.0,85032772945.0,27.069,6.389
Israel,1988,ISR,4307324.0,86737062375.0,29.703,6.896
Israel,1989,ISR,4381512.0,87503240711.0,31.394,7.165
Israel,1990,ISR,4544995.0,93268265028.0,35.824,7.882
Israel,1991,ISR,4779892.0,97235343963.0,36.148,7.563
Israel,1992,ISR,4957240.0,103860017405.0,42.082,8.489
Israel,1993,ISR,5086041.0,107424032339.0,44.235,8.697
Israel,1994,ISR,5216697.0,114572102371.0,47.475,9.101
Israel,1995,ISR,5354734.0,125219738356.0,49.866,9.312
Israel,1996,ISR,5499555.0,131748252991.0,51.936,9.444
Israel,1997,ISR,5646476.0,136529502967.0,54.866,9.717
Israel,1998,ISR,5790143.0,141524295423.0,56.01,9.673
Israel,1999,ISR,5946079.0,146070391087.0,54.756,9.209
Israel,2000,ISR,6111194.0,158656383479.0,59.519,9.739
Israel,2001,ISR,6259977.0,158567053954.0,63.024,10.068
Israel,2002,ISR,6387714.0,158018046039.0,59.305,9.284
Israel,2003,ISR,6502821.0,159162904545.0,62.415,9.598
Israel,2004,ISR,6615084.0,166466423998.0,58.679,8.871
Israel,2005,ISR,6728212.0,172697410123.0,56.528,8.402
Israel,2006,ISR,6844029.0,181910800706.0,62.149,9.081
Israel,2007,ISR,6962456.0,192596811708.0,62.8,9.02
Israel,2008,ISR,7082621.0,197785749719.0,67.98,9.598
Israel,2009,ISR,7206096.0,199771084186.0,63.861,8.862
Israel,2010,ISR,7336735.0,210327630432.0,68.287,9.308
Israel,2011,ISR,7471023.0,220210380263.0,68.595,9.181
Israel,2012,ISR,7607781.0,225909436249.0,74.781,9.83
Israel,2013,ISR,7749369.0,235885601546.0,63.095,8.142
Israel,2014,ISR,7897173.0,245129958334.0,60.279,7.633
Israel,2015,ISR,8052916.0,251223879854.0,62.936,7.815
Israel,2016,ISR,8210006.0,262584215516.0,61.164,7.45
Israel,2017,ISR,8361796.0,273812314306.0,58.849,7.038
Israel,2018,ISR,8510067.0,284956472967.0,59.986,7.049
Israel,2019,ISR,8657466.0,296799271432.0,58.95,6.809
Israel,2020,ISR,8800380.0,291287719910.0,59.285,6.737
Israel,2021,ISR,8942925.0,316373426613.0,58.95,6.592
Israel,2022,ISR,9103143.0,336722563455.0,62.267,6.84
Israel,2023,ISR,9256311.0,,55.382,5.983
Israel,2024,ISR,9387015.0,,52.637,5.607
Italy,1950,ITA,46391674.0,262940110000.0,41.431,0.893
Italy,1951,ITA,46751901.0,282516444000.0,48.822,1.044
Italy,1952,ITA,47018177.0,303680086000.0,50.621,1.077
Italy,1953,ITA,47410885.0,325628030000.0,55.998,1.181
Italy,1954,ITA,47832233.0,342536508000.0,64.945,1.358
Italy,1955,ITA,48130817.0,362461749000.0,73.273,1.522
Italy,1956,ITA,48401948.0,378893145000.0,83.479,1.725
Italy,1957,ITA,48657025.0,401226756000.0,87.082,1.79
Italy,1958,ITA,48927096.0,422722944000.0,87.602,1.79
Italy,1959,ITA,49219450.0,449036152000.0,94.096,1.912
Italy,1960,ITA,49514555.0,473363382734.0,109.218,2.206
Italy,1961,ITA,49815254.0,513214657664.0,124.393,2.497
Italy,1962,ITA,50170591.0,553275693898.0,146.27,2.915
Italy,1963,ITA,50570978.0,592671529843.0,164.575,3.254
Italy,1964,ITA,51019579.0,615796777476.0,175.743,3.445
Italy,1965,ITA,51480733.0,629615787023.0,189.543,3.682
Italy,1966,ITA,51919068.0,662465744179.0,213.997,4.122
Italy,1967,ITA,52338335.0,709741860656.0,234.148,4.474
Italy,1968,ITA,52712156.0,768994548476.0,249.187,4.727
Italy,1969,ITA,53060141.0,812977616000.0,269.676,5.082
Italy,1970,ITA,53390231.0,831317785406.0,296.379,5.551
Italy,1971,ITA,53707794.0,846968256500.0,311.06,5.792
Italy,1972,ITA,54067562.0,871751794687.0,328.245,6.071
Italy,1973,ITA,54450571.0,928806501562.0,353.356,6.489
Italy,1974,ITA,54821114.0,972368721304.0,358.26,6.535
Italy,1975,ITA,55166046.0,951557550058.0,341.056,6.182
Italy,1976,ITA,55459415.0,1013301897480.0,365.799,6.596
Italy,1977,ITA,55714552.0,1042645918097.0,354.421,6.361
Italy,1978,ITA,55938969.0,1081497979335.0,371.277,6.637
Italy,1979,ITA,56132382.0,1142855339257.0,385.259,6.863
Italy,1980,ITA,56412086.0,1183161666878.0,386.437,6.85
Italy,1981,ITA,56646752.0,1188868855925.0,375.307,6.625
Italy,1982,ITA,56719178.0,1194202254410.0,366.883,6.468
Italy,1983,ITA,56766114.0,1208770101503.0,358.409,6.314
Italy,1984,ITA,56810355.0,1239849227203.0,364.605,6.418
Italy,1985,ITA,56855499.0,1274693666324.0,368.986,6.49
Italy,1986,ITA,56875982.0,1310891922914.0,363.188,6.386
Italy,1987,ITA,56891919.0,1351528447250.0,380.099,6.681
Italy,1988,ITA,56928748.0,1403770038566.0,385.962,6.78
Italy,1989,ITA,56976750.0,1444197021007.0,404.742,7.104
Italy,1990,ITA,57031457.0,1475485283347.0,438.208,7.684
Italy,1991,ITA,57075394.0,1509175668697.0,437.742,7.67
Italy,1992,ITA,57124993.0,1531924051790.0,437.937,7.666
Italy,1993,ITA,57170762.0,1529550155063.0,430.268,7.526
Italy,1994,ITA,57420136.0,1573414707872.0,424.507,7.393
Italy,1995,ITA,57403342.0,1630199200435.0,448.596,7.815
Italy,1996,ITA,57162098.0,1662793011167.0,442.843,7.747
Italy,1997,ITA,57189272.0,1705188033729.0,448.571,7.844
Italy,1998,ITA,57215190.0,1744897501196.0,460.824,8.054
Italy,1999,ITA,57240796.0,1784529161518.0,465.508,8.132
Italy,2000,ITA,57272200.0,1863751547560.0,469.598,8.199
Italy,2001,ITA,57305760.0,1910272015654.0,469.679,8.196
Italy,2002,ITA,57420636.0,1929301903714.0,477.136,8.309
Italy,2003,ITA,57739697.0,1947667703883.0,495.094,8.575
Italy,2004,ITA,58176736.0,1994293720592.0,500.687,8.606
Italy,2005,ITA,58519696.0,2029243417217.0,501.365,8.567
Italy,2006,ITA,58754434.0,2086553648584.0,496.075,8.443
Italy,2007,ITA,59108723.0,2134371774096.0,489.794,8.286
Italy,2008,ITA,59561687.0,2129113318512.0,478.132,8.028
Italy,2009,ITA,59904016.0,2029023036275.0,424.032,7.079
Italy,2010,ITA,60164212.0,2080545936781.0,435.672,7.241
Italy,2011,ITA,60367882.0,2110883320816.0,423.897,7.022
Italy,2012,ITA,60531522.0,2047959835066.0,403.444,6.665
Italy,2013,ITA,60653864.0,2010255414011.0,369.461,6.091
Italy,2014,ITA,60664169.0,2010164047423.0,349.389,5.759
Italy,2015,ITA,60575314.0,2025809415322.0,361.244,5.964
Italy,2016,ITA,60478103.0,2052012434345.0,358.133,5.922
Italy,2017,ITA,60390317.0,2086237040647.0,352.666,5.84
Italy,2018,ITA,60277496.0,2105551772855.0,349.048,5.791
Italy,2019,ITA,60130136.0,2115725732767.0,339.638,5.648
Italy,2020,ITA,59912763.0,1925751927111.0,302.6,5.051
Italy,2021,ITA,59729353.0,2060299944789.0,335.93,5.624
Italy,2022,ITA,59619106.0,2136009300257.0,340.115,5.705
Italy,2023,ITA,59499452.0,,312.291,5.249
Italy,2024,ITA,59342870.0,,301.93,5.088
Jamaica,1950,JAM,1407214.0,2928323353.0,0.271,0.193
Jamaica,1951,JAM,1447471.0,3164039343.0,0.52,0.359
Jamaica,1952,JAM,1481349.0,3418349644.0,0.564,0.381
Jamaica,1953,JAM,1509742.0,3898115506.0,0.615,0.407
Jamaica,1954,JAM,1533451.0,4346986654.0,0.791,0.516
Jamaica,1955,JAM,1553716.0,4793952272.0,0.985,0.634
Jamaica,1956,JAM,1571975.0,5271322639.0,1.26,0.801
Jamaica,1957,JAM,1589680.0,6039043925.0,1.604,1.009
Jamaica,1958,JAM,1608269.0,6134628109.0,1.355,0.843
Jamaica,1959,JAM,1628236.0,6476415710.0,1.839,1.129
Jamaica,1960,JAM,1650009.0,6902446563.0,1.468,0.89
Jamaica,1961,JAM,1673267.0,7097582691.0,2.128,1.272
Jamaica,1962,JAM,1696935.0,7224990616.0,2.117,1.248
Jamaica,1963,JAM,1721105.0,7462037766.0,2.395,1.392
Jamaica,1964,JAM,1745574.0,8049816873.0,4.062,2.327
Jamaica,1965,JAM,1769206.0,8698580784.0,2.989,1.689
Jamaica,1966,JAM,1791477.0,9078569171.0,3.516,1.963
Jamaica,1967,JAM,1812870.0,9428312068.0,3.864,2.132
Jamaica,1968,JAM,1833769.0,9912352360.0,3.879,2.115
Jamaica,1969,JAM,1855132.0,10648104350.0,4.267,2.3
Jamaica,1970,JAM,1878191.0,11925133167.0,4.989,2.656
Jamaica,1971,JAM,1903734.0,11924026519.0,5.747,3.019
Jamaica,1972,JAM,1931552.0,12285338195.0,6.282,3.252
Jamaica,1973,JAM,1961225.0,13405469482.0,8.29,4.227
Jamaica,1974,JAM,1990904.0,12901168409.0,7.594,3.815
Jamaica,1975,JAM,2018985.0,12900802816.0,8.181,4.052
Jamaica,1976,JAM,2045578.0,12119776884.0,7.276,3.557
Jamaica,1977,JAM,2070657.0,11864633620.0,7.441,3.594
Jamaica,1978,JAM,2094848.0,11947695112.0,9.112,4.35
Jamaica,1979,JAM,2119492.0,11738129533.0,8.529,4.024
Jamaica,1980,JAM,2145661.0,11088294818.0,8.445,3.936
Jamaica,1981,JAM,2173823.0,11382174316.0,7.408,3.408
Jamaica,1982,JAM,2203895.0,11535213282.0,6.214,2.82
Jamaica,1983,JAM,2234834.0,11802646582.0,6.445,2.884
Jamaica,1984,JAM,2264563.0,11703298664.0,5.141,2.27
Jamaica,1985,JAM,2290657.0,11161991207.0,5.042,2.201
Jamaica,1986,JAM,2312124.0,11346420325.0,4.547,1.967
Jamaica,1987,JAM,2329816.0,12223987698.0,5.379,2.309
Jamaica,1988,JAM,2345786.0,12576230122.0,4.525,1.929
Jamaica,1989,JAM,2361923.0,13436048232.0,6.724,2.847
Jamaica,1990,JAM,2379880.0,14169709989.0,7.527,3.163
Jamaica,1991,JAM,2400873.0,14561139268.0,7.751,3.228
Jamaica,1992,JAM,2424698.0,15185307675.0,7.709,3.179
Jamaica,1993,JAM,2449913.0,15692820704.0,8.001,3.266
Jamaica,1994,JAM,2475225.0,16160332925.0,8.189,3.308
Jamaica,1995,JAM,2500152.0,16727506200.0,9.173,3.669
Jamaica,1996,JAM,2524470.0,16930975718.0,9.688,3.837
Jamaica,1997,JAM,2547853.0,16827001355.0,10.068,3.952
Jamaica,1998,JAM,2569740.0,16799001649.0,9.694,3.772
Jamaica,1999,JAM,2589796.0,17139281457.0,9.958,3.845
Jamaica,2000,JAM,2607827.0,17441468822.0,10.314,3.955
Jamaica,2001,JAM,2624410.0,17823908809.0,10.576,4.03
Jamaica,2002,JAM,2640582.0,18032751164.0,10.203,3.864
Jamaica,2003,JAM,2656629.0,18718066744.0,10.667,4.015
Jamaica,2004,JAM,2672227.0,18987080266.0,10.574,3.957
Jamaica,2005,JAM,2687070.0,19174940176.0,10.413,3.875
Jamaica,2006,JAM,2700973.0,19747242374.0,11.574,4.285
Jamaica,2007,JAM,2713808.0,20046356418.0,10.749,3.961
Jamaica,2008,JAM,2725633.0,19893168382.0,10.776,3.954
Jamaica,2009,JAM,2737001.0,19223460566.0,7.937,2.9
Jamaica,2010,JAM,2748573.0,18949004011.0,7.677,2.793
Jamaica,2011,JAM,2760493.0,19220287418.0,8.226,2.98
Jamaica,2012,JAM,2772432.0,19123987392.0,7.887,2.845
Jamaica,2013,JAM,2783689.0,19166827044.0,8.467,3.042
Jamaica,2014,JAM,2793756.0,19277035737.0,7.675,2.747
Jamaica,2015,JAM,2802536.0,19444553127.0,7.966,2.843
Jamaica,2016,JAM,2809919.0,19735837824.0,8.134,2.895
Jamaica,2017,JAM,2815765.0,19869841700.0,7.768,2.759
Jamaica,2018,JAM,2820103.0,20232863013.0,8.061,2.858
Jamaica,2019,JAM,2823275.0,20429119874.0,9.439,3.343
Jamaica,2020,JAM,2830745.0,18402554628.0,6.866,2.425
Jamaica,2021,JAM,2837680.0,19249256856.0,7.313,2.577
Jamaica,2022,JAM,2839150.0,20019224153.0,7.908,2.785
Jamaica,2023,JAM,2839785.0,,8.069,2.841
Jamaica,2024,JAM,2839182.0,,8.402,2.959
Japan,1950,JPN,86443278.0,256610910000.0,102.541,1.186
Japan,1951,JPN,87849929.0,288620292945.0,123.381,1.404
Japan,1952,JPN,89135133.0,321973403281.0,130.362,1.463
Japan,1953,JPN,90324185.0,345711967062.0,145.869,1.615
Japan,1954,JPN,91407673.0,365311013812.0,142.662,1.561
Japan,1955,JPN,92425476.0,396713131062.0,142.007,1.536
Japan,1956,JPN,93342005.0,426510425195.0,160.801,1.723
Japan,1957,JPN,94108980.0,457723476054.0,188.279,2.001
Japan,1958,JPN,94846958.0,484394339132.0,181.421,1.913
Japan,1959,JPN,95622973.0,528525026562.0,192.92,2.018
Japan,1960,JPN,96399755.0,597858284531.0,232.83,2.415
Japan,1961,JPN,97217594.0,669824959453.0,283.131,2.912
Japan,1962,JPN,98076405.0,729663003984.0,293.278,2.99
Japan,1963,JPN,98958230.0,791534401000.0,325.268,3.287
Japan,1964,JPN,99890175.0,883860309921.0,359.353,3.597
Japan,1965,JPN,100916018.0,935329863093.0,386.97,3.835
Japan,1966,JPN,101887833.0,1034825459609.0,419.78,4.12
Japan,1967,JPN,102965530.0,1149408206250.0,489.916,4.758
Japan,1968,JPN,104237476.0,1297449549609.0,562.568,5.397
Japan,1969,JPN,105475169.0,1459365508828.0,653.853,6.199
Japan,1970,JPN,106712370.0,1615677617093.0,769.748,7.213
Japan,1971,JPN,107952031.0,1691571412156.0,799.647,7.407
Japan,1972,JPN,109238963.0,1833991358515.0,861.054,7.882
Japan,1973,JPN,110614742.0,1981290079843.0,914.266,8.265
Japan,1974,JPN,112009689.0,1957033342773.0,914.306,8.163
Japan,1975,JPN,113321197.0,2017465104984.0,869.815,7.676
Japan,1976,JPN,114502792.0,2097612093750.0,909.575,7.944
Japan,1977,JPN,115574278.0,2189767724296.0,935.554,8.095
Japan,1978,JPN,116576940.0,2305153056093.0,905.088,7.764
Japan,1979,JPN,117521561.0,2431612995703.0,957.147,8.144
Japan,1980,JPN,118358761.0,2500143716750.0,948.552,8.014
Japan,1981,JPN,118994054.0,2579316807375.0,930.377,7.819
Japan,1982,JPN,119485775.0,2658129674062.0,900.724,7.538
Japan,1983,JPN,119948943.0,2719951102851.0,884.424,7.373
Japan,1984,JPN,120384395.0,2826577005218.0,940.542,7.813
Japan,1985,JPN,120832158.0,2950873707304.0,915.276,7.575
Japan,1986,JPN,121366733.0,3036325916250.0,914.049,7.531
Japan,1987,JPN,121943588.0,3162653763750.0,902.207,7.399
Japan,1988,JPN,122476957.0,3358737909000.0,984.698,8.04
Japan,1989,JPN,122947411.0,3520997607500.0,1021.298,8.307
Japan,1990,JPN,123399767.0,3699821545804.0,1154.853,9.359
Japan,1991,JPN,123889870.0,3824677506935.0,1166.552,9.416
Japan,1992,JPN,124383707.0,3856515730401.0,1175.454,9.45
Japan,1993,JPN,124839955.0,3860865231367.0,1169.328,9.367
Japan,1994,JPN,125286861.0,3893220587047.0,1223.158,9.763
Japan,1995,JPN,125672659.0,3997430939864.0,1235.873,9.834
Japan,1996,JPN,125975304.0,4118875121023.0,1248.69,9.912
Japan,1997,JPN,126265926.0,4160709430865.0,1240.98,9.828
Japan,1998,JPN,126549182.0,4111245191910.0,1201.334,9.493
Japan,1999,JPN,126801566.0,4098283065888.0,1238.121,9.764
Japan,2000,JPN,127027794.0,4209651870326.0,1260.203,9.921
Japan,2001,JPN,127260144.0,4224163277272.0,1245.935,9.79
Japan,2002,JPN,127484599.0,4226576076119.0,1275.42,10.005
Japan,2003,JPN,127671254.0,4288493482445.0,1283.845,10.056
Japan,2004,JPN,127815769.0,4380398118363.0,1279.122,10.008
Japan,2005,JPN,127913331.0,4450600710060.0,1286.412,10.057
Japan,2006,JPN,127997247.0,4514225078439.0,1263.44,9.871
Japan,2007,JPN,128087683.0,4590814009043.0,1298.974,10.141
Japan,2008,JPN,128155992.0,4542408020234.0,1228.687,9.587
Japan,2009,JPN,128192471.0,4298103109270.0,1160.253,9.051
Japan,2010,JPN,128185273.0,4480295644398.0,1211.09,9.448
Japan,2011,JPN,128096430.0,4468738319171.0,1261.181,9.846
Japan,2012,JPN,127928283.0,4530172048567.0,1302.113,10.178
Japan,2013,JPN,127723642.0,4621006950566.0,1311.876,10.271
Japan,2014,JPN,127486601.0,4634693421103.0,1260.272,9.886
Japan,2015,JPN,127275868.0,4707025000790.0,1219.982,9.585
Japan,2016,JPN,127159950.0,4742508721138.0,1199.933,9.436
Japan,2017,JPN,127064686.0,4821960242931.0,1184.392,9.321
Japan,2018,JPN,126913432.0,4852985093686.0,1138.55,8.971
Japan,2019,JPN,126699421.0,4833467877373.0,1102.063,8.698
Japan,2020,JPN,126304533.0,4626661481209.0,1037.285,8.213
Japan,2021,JPN,125679342.0,4725883595048.0,1058.502,8.422
Japan,2022,JPN,124997585.0,4774494846664.0,1029.645,8.237
Japan,2023,JPN,124370947.0,,986.91,7.935
Japan,2024,JPN,123753041.0,,961.867,7.772
Jordan,1950,JOR,438808.0,1487884429.0,0.172,0.392
Jordan,1951,JOR,471160.0,1578432736.0,0.161,0.342
Jordan,1952,JOR,506449.0,1672371418.0,0.194,0.383
Jordan,1953,JOR,544109.0,1772744420.0,0.213,0.391
Jordan,1954,JOR,583856.0,1877615269.0,0.253,0.433
Jordan,1955,JOR,625572.0,1779213494.0,0.381,0.609
Jordan,1956,JOR,669110.0,2441529404.0,0.45,0.673
Jordan,1957,JOR,714362.0,2503958956.0,0.494,0.692
Jordan,1958,JOR,760829.0,2755759078.0,0.524,0.688
Jordan,1959,JOR,807612.0,2961722903.0,0.655,0.812
Jordan,1960,JOR,853471.0,3151384764.0,0.743,0.871
Jordan,1961,JOR,897599.0,3795503947.0,0.977,1.089
Jordan,1962,JOR,940564.0,3898542471.0,1.047,1.113
Jordan,1963,JOR,984720.0,4114545925.0,1.219,1.238
Jordan,1964,JOR,1035644.0,4833639325.0,1.241,1.198
Jordan,1965,JOR,1099446.0,5385863326.0,1.42,1.292
Jordan,1966,JOR,1178371.0,5536920166.0,1.581,1.342
Jordan,1967,JOR,1271186.0,6119662727.0,1.413,1.112
Jordan,1968,JOR,1372468.0,5892380964.0,1.504,1.096
Jordan,1969,JOR,1473101.0,6424651289.0,1.757,1.193
Jordan,1970,JOR,1565172.0,5738297402.0,1.556,0.994
Jordan,1971,JOR,1645148.0,5868528065.0,1.654,1.006
Jordan,1972,JOR,1714562.0,6057270549.0,1.914,1.116
Jordan,1973,JOR,1778096.0,6372226163.0,2.2,1.237
Jordan,1974,JOR,1839191.0,6941684105.0,2.225,1.21
Jordan,1975,JOR,1899059.0,7422786159.0,2.489,1.311
Jordan,1976,JOR,1958181.0,9226757208.0,2.947,1.505
Jordan,1977,JOR,2019008.0,9827770830.0,3.159,1.564
Jordan,1978,JOR,2083604.0,11892936564.0,3.634,1.744
Jordan,1979,JOR,2153891.0,12977430256.0,3.787,1.758
Jordan,1980,JOR,2234192.0,15444603964.0,4.715,2.11
Jordan,1981,JOR,2325528.0,16171683632.0,5.849,2.515
Jordan,1982,JOR,2426933.0,17370376474.0,6.279,2.587
Jordan,1983,JOR,2537307.0,17715677367.0,7.342,2.894
Jordan,1984,JOR,2654689.0,19244550985.0,8.321,3.135
Jordan,1985,JOR,2778819.0,19913089500.0,8.506,3.061
Jordan,1986,JOR,2909896.0,21720213612.0,9.247,3.178
Jordan,1987,JOR,3047634.0,22309352200.0,9.619,3.156
Jordan,1988,JOR,3193044.0,22080858467.0,9.276,2.905
Jordan,1989,JOR,3349638.0,19744194536.0,9.192,2.744
Jordan,1990,JOR,3621915.0,19715854104.0,10.59,2.924
Jordan,1991,JOR,3915152.0,21426578689.0,9.991,2.552
Jordan,1992,JOR,4127699.0,24977190661.0,12.189,2.953
Jordan,1993,JOR,4348018.0,25755431445.0,12.008,2.762
Jordan,1994,JOR,4561409.0,26713865287.0,13.521,2.964
Jordan,1995,JOR,4752097.0,28214801077.0,13.451,2.831
Jordan,1996,JOR,4912518.0,29005289260.0,14.074,2.865
Jordan,1997,JOR,5046287.0,30403319446.0,14.308,2.835
Jordan,1998,JOR,5164290.0,31929861575.0,14.447,2.798
Jordan,1999,JOR,5276450.0,33702407072.0,14.467,2.742
Jordan,2000,JOR,5386945.0,35825242090.0,15.401,2.859
Jordan,2001,JOR,5498900.0,38405924481.0,15.858,2.884
Jordan,2002,JOR,5616077.0,41327374100.0,16.707,2.975
Jordan,2003,JOR,5741837.0,43669159351.0,17.273,3.008
Jordan,2004,JOR,5882066.0,47936969925.0,19.003,3.231
Jordan,2005,JOR,6029597.0,52217618202.0,20.79,3.448
Jordan,2006,JOR,6427377.0,59977821392.0,20.829,3.241
Jordan,2007,JOR,6827235.0,68285595085.0,21.7,3.178
Jordan,2008,JOR,6989874.0,72788636146.0,20.987,3.003
Jordan,2009,JOR,7141763.0,76172493182.0,21.545,3.017
Jordan,2010,JOR,7297046.0,77493873619.0,20.838,2.856
Jordan,2011,JOR,7480431.0,79441955134.0,21.409,2.862
Jordan,2012,JOR,7587133.0,81371594307.0,24.069,3.172
Jordan,2013,JOR,7991812.0,83495396478.0,24.061,3.011
Jordan,2014,JOR,8791715.0,86320876820.0,26.165,2.976
Jordan,2015,JOR,9544730.0,88475445240.0,25.799,2.703
Jordan,2016,JOR,10006369.0,90239641982.0,24.949,2.493
Jordan,2017,JOR,10234227.0,92472176531.0,26.08,2.548
Jordan,2018,JOR,10462310.0,94246709824.0,25.419,2.43
Jordan,2019,JOR,10671893.0,96062846478.0,24.57,2.302
Jordan,2020,JOR,10865232.0,94554674762.0,20.622,1.898
Jordan,2021,JOR,11066356.0,96661338596.0,21.19,1.915
Jordan,2022,JOR,11256269.0,99281825499.0,22.428,1.992
Jordan,2023,JOR,11439220.0,,23.119,2.021
Jordan,2024,JOR,11552885.0,,23.219,2.01
Kazakhstan,1950,KAZ,6787149.0,,45.172,6.656
Kazakhstan,1951,KAZ,7020910.0,,48.969,6.975
Kazakhstan,1952,KAZ,7258805.0,,52.447,7.225
Kazakhstan,1953,KAZ,7498485.0,,55.497,7.401
Kazakhstan,1954,KAZ,7742036.0,,60.629,7.831
Kazakhstan,1955,KAZ,7993636.0,,68.757,8.601
Kazakhstan,1956,KAZ,8256704.0,,75.383,9.13
Kazakhstan,1957,KAZ,8533907.0,,82.503,9.668
Kazakhstan,1958,KAZ,8822638.0,,88.075,9.983
Kazakhstan,1959,KAZ,9122174.0,,92.626,10.154
Kazakhstan,1960,KAZ,9429982.0,,96.467,10.23
Kazakhstan,1961,KAZ,9742081.0,,99.49,10.212
Kazakhstan,1962,KAZ,10058937.0,,104.415,10.38
Kazakhstan,1963,KAZ,10377471.0,,111.949,10.788
Kazakhstan,1964,KAZ,10690312.0,,119.03,11.134
Kazakhstan,1965,KAZ,10993195.0,,126.269,11.486
Kazakhstan,1966,KAZ,11288989.0,,133.351,11.812
Kazakhstan,1967,KAZ,11584428.0,,139.409,12.034
Kazakhstan,1968,KAZ,11879184.0,,143.289,12.062
Kazakhstan,1969,KAZ,12156219.0,,149.192,12.273
Kazakhstan,1970,KAZ,12419056.0,,156.965,12.639
Kazakhstan,1971,KAZ,12684817.0,,166.438,13.121
Kazakhstan,1972,KAZ,12951805.0,,175.003,13.512
Kazakhstan,1973,KAZ,13208122.0,167169736087.0,182.272,13.8
Kazakhstan,1974,KAZ,13454576.0,,189.075,14.053
Kazakhstan,1975,KAZ,13700850.0,,198.61,14.496
Kazakhstan,1976,KAZ,13998737.0,,206.067,14.72
Kazakhstan,1977,KAZ,14353262.0,,212.883,14.832
Kazakhstan,1978,KAZ,14711507.0,,219.992,14.954
Kazakhstan,1979,KAZ,14978703.0,,221.657,14.798
Kazakhstan,1980,KAZ,15152953.0,178088974786.0,230.263,15.196
Kazakhstan,1981,KAZ,15323086.0,175643334070.0,225.578,14.721
Kazakhstan,1982,KAZ,15492597.0,173265851074.0,229.742,14.829
Kazakhstan,1983,KAZ,15665554.0,181502746728.0,232.792,14.86
Kazakhstan,1984,KAZ,15844620.0,180576616716.0,234.663,14.81
Kazakhstan,1985,KAZ,16031087.0,182290341220.0,253.15,15.791
Kazakhstan,1986,KAZ,16262697.0,184592275171.0,258.134,15.873
Kazakhstan,1987,KAZ,16527717.0,183469482799.0,256.685,15.531
Kazakhstan,1988,KAZ,16781167.0,198629916031.0,273.733,16.312
Kazakhstan,1989,KAZ,16997012.0,197669316430.0,264.606,15.568
Kazakhstan,1990,KAZ,17154060.0,194940979656.0,267.405,15.588
Kazakhstan,1991,KAZ,17278604.0,174429524072.0,260.421,15.072
Kazakhstan,1992,KAZ,17332624.0,166043944401.0,233.523,13.473
Kazakhstan,1993,KAZ,17274487.0,151572718863.0,207.559,12.015
Kazakhstan,1994,KAZ,17043775.0,133221794942.0,174.671,10.248
Kazakhstan,1995,KAZ,16730541.0,122950929776.0,168.468,10.069
Kazakhstan,1996,KAZ,16416036.0,124225924285.0,154.716,9.425
Kazakhstan,1997,KAZ,16043250.0,127005576762.0,147.293,9.181
Kazakhstan,1998,KAZ,15647789.0,125251820898.0,145.622,9.306
Kazakhstan,1999,KAZ,15455877.0,129322680226.0,118.762,7.684
Kazakhstan,2000,KAZ,15501108.0,142758090799.0,142.197,9.173
Kazakhstan,2001,KAZ,15575550.0,162896083567.0,138.036,8.862
Kazakhstan,2002,KAZ,15656680.0,179807015103.0,156.768,10.013
Kazakhstan,2003,KAZ,15747377.0,197584132991.0,175.022,11.114
Kazakhstan,2004,KAZ,15850164.0,217713169930.0,185.476,11.702
Kazakhstan,2005,KAZ,15968118.0,240059743236.0,198.449,12.428
Kazakhstan,2006,KAZ,16103718.0,267135182235.0,219.633,13.639
Kazakhstan,2007,KAZ,16257212.0,292456722644.0,225.712,13.884
Kazakhstan,2008,KAZ,16426527.0,303717015928.0,226.102,13.764
Kazakhstan,2009,KAZ,16619851.0,309012285175.0,223.189,13.429
Kazakhstan,2010,KAZ,16836808.0,333341740713.0,248.093,14.735
Kazakhstan,2011,KAZ,17065996.0,360244945296.0,238.157,13.955
Kazakhstan,2012,KAZ,17306115.0,378260779954.0,245.263,14.172
Kazakhstan,2013,KAZ,17556502.0,400574375261.0,253.533,14.441
Kazakhstan,2014,KAZ,17816285.0,417799078586.0,299.137,16.79
Kazakhstan,2015,KAZ,18084175.0,421977118608.0,303.052,16.758
Kazakhstan,2016,KAZ,18363600.0,425774884998.0,301.739,16.431
Kazakhstan,2017,KAZ,18651931.0,442384368842.0,317.72,17.034
Kazakhstan,2018,KAZ,18932725.0,460522121041.0,329.572,17.408
Kazakhstan,2019,KAZ,19209556.0,481245619523.0,296.04,15.411
Kazakhstan,2020,KAZ,19482116.0,468733212615.0,281.789,14.464
Kazakhstan,2021,KAZ,19743607.0,487951301251.0,244.904,12.404
Kazakhstan,2022,KAZ,20034612.0,503634062609.0,274.346,13.694
Kazakhstan,2023,KAZ,20330109.0,,286.175,14.076
Kazakhstan,2024,KAZ,20592574.0,,287.006,13.937
Kenya,1950,KEN,5769190.0,6353789077.0,0.909,0.158
Kenya,1951,KEN,5893576.0,7729593867.0,1.392,0.236
Kenya,1952,KEN,6033296.0,6871280790.0,1.59,0.264
Kenya,1953,KEN,6183900.0,6706084479.0,1.513,0.245
Kenya,1954,KEN,6348143.0,7485814050.0,1.7,0.268
Kenya,1955,KEN,6529301.0,8046894882.0,1.985,0.304
Kenya,1956,KEN,6727685.0,8492809813.0,2.22,0.33
Kenya,1957,KEN,6944873.0,8766819878.0,2.282,0.329
Kenya,1958,KEN,7174794.0,8876622017.0,2.088,0.291
Kenya,1959,KEN,7422742.0,9083654261.0,2.208,0.297
Kenya,1960,KEN,7695310.0,9437449010.0,2.424,0.315
Kenya,1961,KEN,7987768.0,9194278641.0,2.399,0.3
Kenya,1962,KEN,8299311.0,9693947767.0,2.622,0.316
Kenya,1963,KEN,8627972.0,10193268261.0,2.853,0.331
Kenya,1964,KEN,8973539.0,11171001234.0,2.823,0.315
Kenya,1965,KEN,9338084.0,11306227593.0,2.464,0.264
Kenya,1966,KEN,9717825.0,12763548441.0,2.68,0.276
Kenya,1967,KEN,10111061.0,13422220933.0,2.698,0.267
Kenya,1968,KEN,10518828.0,14387242925.0,2.815,0.268
Kenya,1969,KEN,10939697.0,15286658765.0,3.126,0.286
Kenya,1970,KEN,11368806.0,16398390832.0,3.078,0.271
Kenya,1971,KEN,11788906.0,17449545410.0,3.678,0.312
Kenya,1972,KEN,12206063.0,18356252578.0,3.865,0.317
Kenya,1973,KEN,12634841.0,19297255037.0,3.912,0.31
Kenya,1974,KEN,13070078.0,20244865039.0,4.94,0.378
Kenya,1975,KEN,13511672.0,20176987921.0,4.965,0.367
Kenya,1976,KEN,13957620.0,20969007626.0,4.597,0.329
Kenya,1977,KEN,14428824.0,22910638789.0,5.041,0.349
Kenya,1978,KEN,14934127.0,24971967351.0,5.308,0.355
Kenya,1979,KEN,15460668.0,25904604362.0,5.025,0.325
Kenya,1980,KEN,16018465.0,27353659472.0,6.177,0.386
Kenya,1981,KEN,16601510.0,27977958931.0,6.505,0.392
Kenya,1982,KEN,17206177.0,29668750781.0,4.672,0.272
Kenya,1983,KEN,17846374.0,29852176933.0,4.638,0.26
Kenya,1984,KEN,18514908.0,30366042460.0,4.298,0.232
Kenya,1985,KEN,19201772.0,31697427203.0,3.753,0.195
Kenya,1986,KEN,19901643.0,33951057058.0,4.136,0.208
Kenya,1987,KEN,20616091.0,35990433246.0,5.146,0.25
Kenya,1988,KEN,21356222.0,38155531574.0,4.762,0.223
Kenya,1989,KEN,22118437.0,39859832583.0,5.164,0.233
Kenya,1990,KEN,22892655.0,41570971757.0,5.789,0.253
Kenya,1991,KEN,23646514.0,42852784377.0,4.805,0.203
Kenya,1992,KEN,24382466.0,43098109029.0,5.505,0.226
Kenya,1993,KEN,25117192.0,43754838219.0,6.312,0.251
Kenya,1994,KEN,25857136.0,45663580409.0,6.523,0.252
Kenya,1995,KEN,26601753.0,48490927693.0,7.515,0.283
Kenya,1996,KEN,27344211.0,51489486317.0,9.283,0.339
Kenya,1997,KEN,28101762.0,52761219815.0,8.227,0.293
Kenya,1998,KEN,28888063.0,55518263811.0,9.999,0.346
Kenya,1999,KEN,29733413.0,57993148114.0,10.021,0.337
Kenya,2000,KEN,30642893.0,59408907766.0,10.385,0.339
Kenya,2001,KEN,31619170.0,62956470966.0,9.224,0.292
Kenya,2002,KEN,32629809.0,64478127960.0,7.819,0.24
Kenya,2003,KEN,33652233.0,67617075406.0,6.716,0.2
Kenya,2004,KEN,34713453.0,72070033430.0,7.621,0.22
Kenya,2005,KEN,35796485.0,77598831261.0,8.454,0.236
Kenya,2006,KEN,36904010.0,83653248054.0,9.567,0.259
Kenya,2007,KEN,38036354.0,91060343688.0,9.734,0.256
Kenya,2008,KEN,39206349.0,92971180385.0,10.099,0.258
Kenya,2009,KEN,40408887.0,97792492598.0,12.185,0.302
Kenya,2010,KEN,41598570.0,108082167772.0,11.857,0.285
Kenya,2011,KEN,42758467.0,117152107312.0,12.218,0.286
Kenya,2012,KEN,43888306.0,122504792826.0,11.246,0.256
Kenya,2013,KEN,44986794.0,127157517259.0,12.163,0.27
Kenya,2014,KEN,46051441.0,133540839466.0,13.214,0.287
Kenya,2015,KEN,47088528.0,140175144054.0,15.212,0.323
Kenya,2016,KEN,48139683.0,146082118752.0,16.289,0.338
Kenya,2017,KEN,49197757.0,151656608610.0,16.181,0.329
Kenya,2018,KEN,50207109.0,160257055688.0,17.003,0.339
Kenya,2019,KEN,51202829.0,168452589868.0,18.159,0.355
Kenya,2020,KEN,52217327.0,168031463891.0,19.99,0.383
Kenya,2021,KEN,53219167.0,180662393951.0,20.59,0.387
Kenya,2022,KEN,54252458.0,190362153076.0,20.544,0.379
Kenya,2023,KEN,55339007.0,,21.186,0.383
Kenya,2024,KEN,56432946.0,,21.225,0.376
Kiribati,1950,KIR,37871.0,,,
Kiribati,1951,KIR,38644.0,,,
Kiribati,1952,KIR,39449.0,,,
Kiribati,1953,KIR,40285.0,,,
Kiribati,1954,KIR,41151.0,,,
Kiribati,1955,KIR,42062.0,,,
Kiribati,1956,KIR,43009.0,,,
Kiribati,1957,KIR,43992.0,,,
Kiribati,1958,KIR,45005.0,,,
Kiribati,1959,KIR,46061.0,,,
Kiribati,1960,KIR,47177.0,,,
Kiribati,1961,KIR,48347.0,,0.007,0.152
Kiribati,1962,KIR,49562.0,,0.011,0.222
Kiribati,1963,KIR,50812.0,,0.018,0.361
Kiribati,1964,KIR,52106.0,,0.018,0.352
Kiribati,1965,KIR,53452.0,,0.011,0.206
Kiribati,1966,KIR,54449.0,,0.011,0.202
Kiribati,1967,KIR,55016.0,,0.022,0.4
Kiribati,1968,KIR,55545.0,,0.033,0.594
Kiribati,1969,KIR,56380.0,,0.011,0.195
Kiribati,1970,KIR,57530.0,,0.022,0.382
Kiribati,1971,KIR,58672.0,,0.029,0.5
Kiribati,1972,KIR,59796.0,,0.026,0.429
Kiribati,1973,KIR,60839.0,,0.037,0.602
Kiribati,1974,KIR,61235.0,,0.033,0.539
Kiribati,1975,KIR,61011.0,,0.033,0.54
Kiribati,1976,KIR,60683.0,,0.033,0.543
Kiribati,1977,KIR,60285.0,,0.022,0.365
Kiribati,1978,KIR,59878.0,,0.022,0.367
Kiribati,1979,KIR,60192.0,,0.026,0.426
Kiribati,1980,KIR,61170.0,,0.029,0.479
Kiribati,1981,KIR,62137.0,,0.029,0.472
Kiribati,1982,KIR,63146.0,,0.026,0.406
Kiribati,1983,KIR,64183.0,,0.022,0.343
Kiribati,1984,KIR,65245.0,,0.022,0.337
Kiribati,1985,KIR,66510.0,,0.022,0.331
Kiribati,1986,KIR,68079.0,,0.018,0.269
Kiribati,1987,KIR,69749.0,,0.022,0.315
Kiribati,1988,KIR,71445.0,,0.022,0.308
Kiribati,1989,KIR,73164.0,,0.022,0.3
Kiribati,1990,KIR,74872.0,,0.022,0.294
Kiribati,1991,KIR,76385.0,,0.022,0.288
Kiribati,1992,KIR,77655.0,,0.026,0.33
Kiribati,1993,KIR,78853.0,,0.029,0.372
Kiribati,1994,KIR,80033.0,,0.029,0.366
Kiribati,1995,KIR,81251.0,,0.029,0.361
Kiribati,1996,KIR,82637.0,,0.033,0.399
Kiribati,1997,KIR,84161.0,,0.029,0.348
Kiribati,1998,KIR,85672.0,,0.029,0.342
Kiribati,1999,KIR,87139.0,,0.029,0.336
Kiribati,2000,KIR,88632.0,,0.037,0.413
Kiribati,2001,KIR,90350.0,,0.033,0.365
Kiribati,2002,KIR,92281.0,,0.04,0.437
Kiribati,2003,KIR,94189.0,,0.04,0.428
Kiribati,2004,KIR,96096.0,,0.044,0.458
Kiribati,2005,KIR,98045.0,,0.048,0.486
Kiribati,2006,KIR,100028.0,,0.051,0.513
Kiribati,2007,KIR,102081.0,,0.051,0.503
Kiribati,2008,KIR,104235.0,,0.048,0.457
Kiribati,2009,KIR,106479.0,,0.048,0.447
Kiribati,2010,KIR,108717.0,,0.059,0.539
Kiribati,2011,KIR,110660.0,,0.055,0.497
Kiribati,2012,KIR,112293.0,,0.055,0.489
Kiribati,2013,KIR,113847.0,,0.055,0.483
Kiribati,2014,KIR,115339.0,,0.055,0.477
Kiribati,2015,KIR,116826.0,,0.059,0.502
Kiribati,2016,KIR,118488.0,,0.055,0.464
Kiribati,2017,KIR,120288.0,,0.07,0.579
Kiribati,2018,KIR,122097.0,,0.07,0.57
Kiribati,2019,KIR,123928.0,,0.07,0.562
Kiribati,2020,KIR,126110.0,,0.07,0.552
Kiribati,2021,KIR,128387.0,,0.07,0.542
Kiribati,2022,KIR,130483.0,,0.07,0.534
Kiribati,2023,KIR,132540.0,,0.069,0.523
Kiribati,2024,KIR,134521.0,,0.072,0.539
Kosovo,1950,,778478.0,,,
Kosovo,1951,,794334.0,,,
Kosovo,1952,,811028.0,,,
Kosovo,1953,,828803.0,,,
Kosovo,1954,,847888.0,,,
Kosovo,1955,,868050.0,,,
Kosovo,1956,,888716.0,,,
Kosovo,1957,,910462.0,,,
Kosovo,1958,,933647.0,,,
Kosovo,1959,,958435.0,,,
Kosovo,1960,,984854.0,,,
Kosovo,1961,,1011427.0,,,
Kosovo,1962,,1036956.0,,,
Kosovo,1963,,1062744.0,,,
Kosovo,1964,,1090279.0,,,
Kosovo,1965,,1120177.0,,,
Kosovo,1966,,1152591.0,,,
Kosovo,1967,,1187672.0,,,
Kosovo,1968,,1214211.0,,,
Kosovo,1969,,1231466.0,,,
Kosovo,1970,,1249555.0,,,
Kosovo,1971,,1273025.0,,,
Kosovo,1972,,1301582.0,,,
Kosovo,1973,,1331181.0,,,
Kosovo,1974,,1363127.0,,,
Kosovo,1975,,1397692.0,,,
Kosovo,1976,,1434881.0,,,
Kosovo,1977,,1474465.0,,,
Kosovo,1978,,1516249.0,,,
Kosovo,1979,,1559795.0,,,
Kosovo,1980,,1604825.0,,,
Kosovo,1981,,1646567.0,,,
Kosovo,1982,,1683172.0,,,
Kosovo,1983,,1719252.0,,,
Kosovo,1984,,1756816.0,,,
Kosovo,1985,,1796023.0,,,
Kosovo,1986,,1836981.0,,,
Kosovo,1987,,1880597.0,,,
Kosovo,1988,,1917885.0,,,
Kosovo,1989,,1946342.0,,,
Kosovo,1990,,1973789.0,,,
Kosovo,1991,,2005365.0,,,
Kosovo,1992,,2039723.0,,,
Kosovo,1993,,2072671.0,,,
Kosovo,1994,,2105260.0,,0.0,0.0
Kosovo,1995,,2137514.0,,0.0,0.0
Kosovo,1996,,2168751.0,,0.0,0.0
Kosovo,1997,,2197286.0,,0.0,0.0
Kosovo,1998,,2078972.0,,0.0,0.0
Kosovo,1999,,1871527.0,,0.0,0.0
Kosovo,2000,,1802488.0,,4.807,2.667
Kosovo,2001,,1820013.0,,6.093,3.348
Kosovo,2002,,1829467.0,,6.06,3.313
Kosovo,2003,,1826436.0,,6.438,3.525
Kosovo,2004,,1822778.0,,6.617,3.63
Kosovo,2005,,1818356.0,,6.435,3.539
Kosovo,2006,,1813077.0,,6.489,3.579
Kosovo,2007,,1807098.0,,6.802,3.764
Kosovo,2008,,1800861.0,,7.358,4.086
Kosovo,2009,,1794688.0,,8.109,4.518
Kosovo,2010,,1788756.0,,8.355,4.671
Kosovo,2011,,1791949.0,,8.294,4.629
Kosovo,2012,,1806538.0,,7.848,4.344
Kosovo,2013,,1817171.0,,7.966,4.384
Kosovo,2014,,1808983.0,,7.129,3.941
Kosovo,2015,,1779019.0,,8.291,4.66
Kosovo,2016,,1761765.0,,8.794,4.991
Kosovo,2017,,1768125.0,,8.023,4.537
Kosovo,2018,,1767748.0,,8.045,4.551
Kosovo,2019,,1755048.0,,8.386,4.778
Kosovo,2020,,1751413.0,,8.452,4.826
Kosovo,2021,,1741449.0,,8.816,5.062
Kosovo,2022,,1717950.0,,8.569,4.988
Kosovo,2023,,1700039.0,,8.22,4.835
Kosovo,2024,,1684796.0,,8.05,4.778
Kuwait,1950,KWT,153973.0,6664092089.0,0.385,2.499
Kuwait,1951,KWT,158462.0,7223878703.0,0.117,0.74
Kuwait,1952,KWT,163169.0,7656960000.0,0.0,0.0
Kuwait,1953,KWT,168102.0,8416747608.0,0.0,0.0
Kuwait,1954,KWT,173256.0,9376418507.0,1.403,8.1
Kuwait,1955,KWT,186125.0,9596417852.0,1.847,9.922
Kuwait,1956,KWT,207222.0,10302678695.0,1.041,5.022
Kuwait,1957,KWT,227052.0,10669118247.0,2.198,9.682
Kuwait,1958,KWT,250216.0,11195772501.0,3.69,14.746
Kuwait,1959,KWT,279532.0,12348605349.0,3.8,13.593
Kuwait,1960,KWT,311066.0,13421785920.0,7.797,25.065
Kuwait,1961,KWT,345953.0,13541385160.0,9.973,28.829
Kuwait,1962,KWT,385005.0,15100911529.0,14.279,37.087
Kuwait,1963,KWT,427702.0,15913705881.0,17.012,39.775
Kuwait,1964,KWT,473122.0,17473586657.0,25.315,53.505
Kuwait,1965,KWT,521180.0,17859849321.0,35.391,67.905
Kuwait,1966,KWT,572597.0,20059132698.0,35.123,61.34
Kuwait,1967,KWT,628104.0,20539106828.0,25.421,40.472
Kuwait,1968,KWT,687726.0,22458033961.0,23.149,33.661
Kuwait,1969,KWT,749460.0,23071219919.0,26.809,35.772
Kuwait,1970,KWT,809118.0,36573031046.0,25.021,30.924
Kuwait,1971,KWT,865079.0,39111968103.0,27.117,31.347
Kuwait,1972,KWT,920358.0,40651100335.0,27.612,30.001
Kuwait,1973,KWT,977665.0,38012723282.0,24.223,24.776
Kuwait,1974,KWT,1038354.0,33154325468.0,19.312,18.599
Kuwait,1975,KWT,1104869.0,29149524234.0,16.813,15.217
Kuwait,1976,KWT,1178717.0,31027771401.0,18.458,15.659
Kuwait,1977,KWT,1258029.0,29840863432.0,17.204,13.675
Kuwait,1978,KWT,1340323.0,31993714580.0,20.979,15.653
Kuwait,1979,KWT,1423523.0,36387116509.0,17.645,12.395
Kuwait,1980,KWT,1504789.0,28976094334.0,24.644,16.377
Kuwait,1981,KWT,1583428.0,23490747383.0,25.178,15.901
Kuwait,1982,KWT,1662489.0,20732804686.0,21.136,12.713
Kuwait,1983,KWT,1744302.0,22378728331.0,21.579,12.371
Kuwait,1984,KWT,1820692.0,23551124070.0,28.33,15.56
Kuwait,1985,KWT,1894255.0,22552704029.0,29.12,15.373
Kuwait,1986,KWT,1972520.0,24471405085.0,35.277,17.884
Kuwait,1987,KWT,2053007.0,23484703343.0,31.429,15.309
Kuwait,1988,KWT,2134708.0,24303263290.0,32.873,15.399
Kuwait,1989,KWT,2217470.0,26123150748.0,35.837,16.161
Kuwait,1990,KWT,1684833.0,20899601193.0,37.863,22.473
Kuwait,1991,KWT,1351403.0,5968350535.0,492.979,364.791
Kuwait,1992,KWT,1634968.0,18278670155.0,29.683,18.155
Kuwait,1993,KWT,1672158.0,29845167808.0,49.163,29.401
Kuwait,1994,KWT,1664371.0,38842906079.0,57.265,34.406
Kuwait,1995,KWT,1681518.0,46090594401.0,56.263,33.46
Kuwait,1996,KWT,1730255.0,51809716654.0,51.768,29.919
Kuwait,1997,KWT,1787692.0,57062986447.0,56.765,31.753
Kuwait,1998,KWT,1844308.0,62305861237.0,52.91,28.688
Kuwait,1999,KWT,1900035.0,64236405197.0,55.085,28.992
Kuwait,2000,KWT,1954713.0,71053965539.0,54.98,28.127
Kuwait,2001,KWT,2008127.0,75867443155.0,59.119,29.44
Kuwait,2002,KWT,2059983.0,83636154969.0,60.114,29.182
Kuwait,2003,KWT,2109886.0,104974065782.0,62.491,29.618
Kuwait,2004,KWT,2157329.0,123477836787.0,65.855,30.526
Kuwait,2005,KWT,2236797.0,142799938874.0,74.615,33.358
Kuwait,2006,KWT,2364741.0,159619963672.0,76.222,32.233
Kuwait,2007,KWT,2507890.0,174545824817.0,77.295,30.821
Kuwait,2008,KWT,2651433.0,183755530386.0,84.442,31.848
Kuwait,2009,KWT,2795489.0,175302339443.0,88.832,31.777
Kuwait,2010,KWT,2943374.0,176036955078.0,89.721,30.482
Kuwait,2011,KWT,3132815.0,201228682118.0,87.151,27.819
Kuwait,2012,KWT,3337025.0,214560063974.0,101.201,30.327
Kuwait,2013,KWT,3507755.0,217029672079.0,83.047,23.675
Kuwait,2014,KWT,3665769.0,218112639263.0,74.994,20.458
Kuwait,2015,KWT,3834465.0,219406044434.0,93.317,24.337
Kuwait,2016,KWT,4003976.0,225825859800.0,104.019,25.979
Kuwait,2017,KWT,4154686.0,215180426540.0,100.01,24.072
Kuwait,2018,KWT,4323389.0,220424403170.0,102.453,23.697
Kuwait,2019,KWT,4442201.0,219207651814.0,104.654,23.559
Kuwait,2020,KWT,4400146.0,199796812404.0,90.103,20.477
Kuwait,2021,KWT,4360748.0,202410138854.0,87.869,20.15
Kuwait,2022,KWT,4589514.0,218961227193.0,115.849,25.242
Kuwait,2023,KWT,4838781.0,,123.169,25.454
Kuwait,2024,KWT,4934508.0,,129.519,26.248
Kuwaiti Oil Fires,1950,,,,,
Kuwaiti Oil Fires,1951,,,,,
Kuwaiti Oil Fires,1952,,,,,
Kuwaiti Oil Fires,1953,,,,,
Kuwaiti Oil Fires,1954,,,,,
Kuwaiti Oil Fires,1955,,,,,
Kuwaiti Oil Fires,1956,,,,,
Kuwaiti Oil Fires,1957,,,,,
Kuwaiti Oil Fires,1958,,,,,
Kuwaiti Oil Fires,1959,,,,,
Kuwaiti Oil Fires,1960,,,,,
Kuwaiti Oil Fires,1961,,,,,
Kuwaiti Oil Fires,1962,,,,,
Kuwaiti Oil Fires,1963,,,,,
Kuwaiti Oil Fires,1964,,,,,
Kuwaiti Oil Fires,1965,,,,,
Kuwaiti Oil Fires,1966,,,,,
Kuwaiti Oil Fires,1967,,,,,
Kuwaiti Oil Fires,1968,,,,,
Kuwaiti Oil Fires,1969,,,,,
Kuwaiti Oil Fires,1970,,,,,
Kuwaiti Oil Fires,1971,,,,,
Kuwaiti Oil Fires,1972,,,,,
Kuwaiti Oil Fires,1973,,,,,
Kuwaiti Oil Fires,1974,,,,,
Kuwaiti Oil Fires,1975,,,,,
Kuwaiti Oil Fires,1976,,,,,
Kuwaiti Oil Fires,1977,,,,,
Kuwaiti Oil Fires,1978,,,,,
Kuwaiti Oil Fires,1979,,,,,
Kuwaiti Oil Fires,1980,,,,,
Kuwaiti Oil Fires,1981,,,,,
Kuwaiti Oil Fires,1982,,,,,
Kuwaiti Oil Fires,1983,,,,,
Kuwaiti Oil Fires,1984,,,,,
Kuwaiti Oil Fires,1985,,,,,
Kuwaiti Oil Fires,1986,,,,,
Kuwaiti Oil Fires,1987,,,,,
Kuwaiti Oil Fires,1988,,,,,
Kuwaiti Oil Fires,1989,,,,,
Kuwaiti Oil Fires,1990,,,,,
Kuwaiti Oil Fires,1991,,,,,
Kuwaiti Oil Fires,1992,,,,,
Kuwaiti Oil Fires,1993,,,,,
Kuwaiti Oil Fires,1994,,,,,
Kuwaiti Oil Fires,1995,,,,,
Kuwaiti Oil Fires,1996,,,,,
Kuwaiti Oil Fires,1997,,,,,
Kuwaiti Oil Fires,1998,,,,,
Kuwaiti Oil Fires,1999,,,,,
Kuwaiti Oil Fires,2000,,,,,
Kuwaiti Oil Fires,2001,,,,,
Kuwaiti Oil Fires,2002,,,,,
Kuwaiti Oil Fires,2003,,,,,
Kuwaiti Oil Fires,2004,,,,,
Kuwaiti Oil Fires,2005,,,,,
Kuwaiti Oil Fires,2006,,,,,
Kuwaiti Oil Fires,2007,,,,,
Kuwaiti Oil Fires,2008,,,,,
Kuwaiti Oil Fires,2009,,,,,
Kuwaiti Oil Fires,2010,,,,,
Kuwaiti Oil Fires,2011,,,,,
Kuwaiti Oil Fires,2012,,,,,
Kuwaiti Oil Fires,2013,,,,,
Kuwaiti Oil Fires,2014,,,,,
Kuwaiti Oil Fires,2015,,,,,
Kuwaiti Oil Fires,2016,,,,,
Kuwaiti Oil Fires,2017,,,,,
Kuwaiti Oil Fires,2018,,,,,
Kuwaiti Oil Fires,2019,,,,,
Kuwaiti Oil Fires,2020,,,,,
Kuwaiti Oil Fires,2021,,,,,
Kuwaiti Oil Fires,2022,,,,,
Kuwaiti Oil Fires,2023,,,,,
Kuwaiti Oil Fires,2024,,,,,
Kuwaiti Oil Fires (GCP),1991,,,,477.925,
Kuwaiti Oil Fires (GCP),1994,,,,0.0,
Kuwaiti Oil Fires (GCP),1995,,,,0.0,
Kuwaiti Oil Fires (GCP),1996,,,,0.0,
Kuwaiti Oil Fires (GCP),1997,,,,0.0,
Kuwaiti Oil Fires (GCP),1998,,,,0.0,
Kuwaiti Oil Fires (GCP),1999,,,,0.0,
Kuwaiti Oil Fires (GCP),2000,,,,0.0,
Kuwaiti Oil Fires (GCP),2001,,,,0.0,
Kuwaiti Oil Fires (GCP),2002,,,,0.0,
Kuwaiti Oil Fires (GCP),2003,,,,0.0,
Kuwaiti Oil Fires (GCP),2004,,,,0.0,
Kuwaiti Oil Fires (GCP),2005,,,,0.0,
Kuwaiti Oil Fires (GCP),2006,,,,0.0,
Kuwaiti Oil Fires (GCP),2007,,,,0.0,
Kuwaiti Oil Fires (GCP),2008,,,,0.0,
Kuwaiti Oil Fires (GCP),2009,,,,0.0,
Kuwaiti Oil Fires (GCP),2010,,,,0.0,
Kuwaiti Oil Fires (GCP),2011,,,,0.0,
Kuwaiti Oil Fires (GCP),2012,,,,0.0,
Kuwaiti Oil Fires (GCP),2013,,,,0.0,
Kuwaiti Oil Fires (GCP),2014,,,,0.0,
Kuwaiti Oil Fires (GCP),2015,,,,0.0,
Kuwaiti Oil Fires (GCP),2016,,,,0.0,
Kuwaiti Oil Fires (GCP),2017,,,,0.0,
Kuwaiti Oil Fires (GCP),2018,,,,0.0,
Kuwaiti Oil Fires (GCP),2019,,,,0.0,
Kuwaiti Oil Fires (GCP),2020,,,,0.0,
Kuwaiti Oil Fires (GCP),2021,,,,0.0,
Kuwaiti Oil Fires (GCP),2022,,,,0.0,
Kuwaiti Oil Fires (GCP),2023,,,,0.0,
Kuwaiti Oil Fires (GCP),2024,,,,0.0,
Kyrgyzstan,1950,KGZ,1751141.0,,3.875,2.213
Kyrgyzstan,1951,KGZ,1787518.0,,4.2,2.35
Kyrgyzstan,1952,KGZ,1824592.0,,4.498,2.465
Kyrgyzstan,1953,KGZ,1862537.0,,4.76,2.556
Kyrgyzstan,1954,KGZ,1902146.0,,5.2,2.734
Kyrgyzstan,1955,KGZ,1944409.0,,5.897,3.033
Kyrgyzstan,1956,KGZ,1989628.0,,6.466,3.25
Kyrgyzstan,1957,KGZ,2038322.0,,7.077,3.472
Kyrgyzstan,1958,KGZ,2090857.0,,7.555,3.613
Kyrgyzstan,1959,KGZ,2149301.0,,7.945,3.697
Kyrgyzstan,1960,KGZ,2215517.0,,8.275,3.735
Kyrgyzstan,1961,KGZ,2288672.0,,8.535,3.729
Kyrgyzstan,1962,KGZ,2367299.0,,8.96,3.785
Kyrgyzstan,1963,KGZ,2449247.0,,9.606,3.922
Kyrgyzstan,1964,KGZ,2532153.0,,10.214,4.034
Kyrgyzstan,1965,KGZ,2615065.0,,10.836,4.144
Kyrgyzstan,1966,KGZ,2697630.0,,11.444,4.242
Kyrgyzstan,1967,KGZ,2780172.0,,11.967,4.304
Kyrgyzstan,1968,KGZ,2862894.0,,12.302,4.297
Kyrgyzstan,1969,KGZ,2944842.0,,12.811,4.35
Kyrgyzstan,1970,KGZ,3025143.0,,13.482,4.457
Kyrgyzstan,1971,KGZ,3101444.0,,14.306,4.613
Kyrgyzstan,1972,KGZ,3173948.0,,15.051,4.742
Kyrgyzstan,1973,KGZ,3244873.0,18780451037.0,15.687,4.834
Kyrgyzstan,1974,KGZ,3314025.0,,16.284,4.914
Kyrgyzstan,1975,KGZ,3381368.0,,17.115,5.062
Kyrgyzstan,1976,KGZ,3447009.0,,17.759,5.152
Kyrgyzstan,1977,KGZ,3514133.0,,18.349,5.222
Kyrgyzstan,1978,KGZ,3584533.0,,18.967,5.291
Kyrgyzstan,1979,KGZ,3656193.0,,19.106,5.226
Kyrgyzstan,1980,KGZ,3729372.0,21185713503.0,19.847,5.322
Kyrgyzstan,1981,KGZ,3804455.0,21362533597.0,19.458,5.115
Kyrgyzstan,1982,KGZ,3882820.0,21544910973.0,19.817,5.104
Kyrgyzstan,1983,KGZ,3965765.0,23020000062.0,20.088,5.065
Kyrgyzstan,1984,KGZ,4039348.0,23354344546.0,20.253,5.014
Kyrgyzstan,1985,KGZ,4102389.0,22495180042.0,21.837,5.323
Kyrgyzstan,1986,KGZ,4168594.0,22136344562.0,21.824,5.235
Kyrgyzstan,1987,KGZ,4238467.0,21884309875.0,21.218,5.006
Kyrgyzstan,1988,KGZ,4308022.0,24099773756.0,21.352,4.956
Kyrgyzstan,1989,KGZ,4381999.0,24601434586.0,20.73,4.731
Kyrgyzstan,1990,KGZ,4459545.0,25164233692.0,19.204,4.306
Kyrgyzstan,1991,KGZ,4532124.0,22948278940.0,15.897,3.508
Kyrgyzstan,1992,KGZ,4600308.0,19580870436.0,11.042,2.4
Kyrgyzstan,1993,KGZ,4626809.0,16865848800.0,8.468,1.83
Kyrgyzstan,1994,KGZ,4649190.0,13389775327.0,6.144,1.322
Kyrgyzstan,1995,KGZ,4713641.0,12537052888.0,4.507,0.956
Kyrgyzstan,1996,KGZ,4782885.0,13289582934.0,5.652,1.182
Kyrgyzstan,1997,KGZ,4847998.0,14463585194.0,5.561,1.147
Kyrgyzstan,1998,KGZ,4907792.0,14624138023.0,5.901,1.202
Kyrgyzstan,1999,KGZ,4968593.0,15009644796.0,4.642,0.934
Kyrgyzstan,2000,KGZ,5025150.0,15667564559.0,4.575,0.91
Kyrgyzstan,2001,KGZ,5071960.0,16336535537.0,3.857,0.76
Kyrgyzstan,2002,KGZ,5116252.0,16170495966.0,4.917,0.961
Kyrgyzstan,2003,KGZ,5159422.0,17135753196.0,5.376,1.042
Kyrgyzstan,2004,KGZ,5203048.0,18155686902.0,5.808,1.116
Kyrgyzstan,2005,KGZ,5246337.0,17942169018.0,5.519,1.052
Kyrgyzstan,2006,KGZ,5282451.0,18316466710.0,5.457,1.033
Kyrgyzstan,2007,KGZ,5313376.0,19684074796.0,6.522,1.228
Kyrgyzstan,2008,KGZ,5342530.0,20960394949.0,7.481,1.4
Kyrgyzstan,2009,KGZ,5398013.0,21348199451.0,6.709,1.243
Kyrgyzstan,2010,KGZ,5491763.0,21037148123.0,6.356,1.157
Kyrgyzstan,2011,KGZ,5594537.0,22069322288.0,7.62,1.362
Kyrgyzstan,2012,KGZ,5696521.0,22049906072.0,10.087,1.771
Kyrgyzstan,2013,KGZ,5797294.0,24456653043.0,9.734,1.679
Kyrgyzstan,2014,KGZ,5898322.0,25440781974.0,10.236,1.735
Kyrgyzstan,2015,KGZ,6001876.0,26426866370.0,10.265,1.71
Kyrgyzstan,2016,KGZ,6108460.0,27572739134.0,9.622,1.575
Kyrgyzstan,2017,KGZ,6220148.0,28879683468.0,9.364,1.505
Kyrgyzstan,2018,KGZ,6341733.0,29878637891.0,11.175,1.762
Kyrgyzstan,2019,KGZ,6494036.0,31253353975.0,9.047,1.393
Kyrgyzstan,2020,KGZ,6664143.0,28560253227.0,8.348,1.253
Kyrgyzstan,2021,KGZ,6820483.0,29628978769.0,10.338,1.516
Kyrgyzstan,2022,KGZ,6955792.0,31703003147.0,11.513,1.655
Kyrgyzstan,2023,KGZ,7073523.0,,11.144,1.576
Kyrgyzstan,2024,KGZ,7186014.0,,11.77,1.638
Laos,1950,LAO,1684556.0,1314542000.0,,
Laos,1951,LAO,1725246.0,1356226000.0,,
Laos,1952,LAO,1766187.0,1397298000.0,,
Laos,1953,LAO,1807820.0,1440390000.0,,
Laos,1954,LAO,1850134.0,1485550000.0,,
Laos,1955,LAO,1893226.0,1532826000.0,0.026,0.014
Laos,1956,LAO,1937237.0,1578024000.0,0.059,0.03
Laos,1957,LAO,1982140.0,1626666000.0,0.059,0.03
Laos,1958,LAO,2028028.0,1679667000.0,0.073,0.036
Laos,1959,LAO,2074484.0,1729665000.0,0.077,0.037
Laos,1960,LAO,2121517.0,1780239000.0,0.081,0.038
Laos,1961,LAO,2169800.0,1837661000.0,0.114,0.052
Laos,1962,LAO,2219918.0,1895883000.0,0.132,0.059
Laos,1963,LAO,2271068.0,1953240000.0,0.147,0.065
Laos,1964,LAO,2322828.0,2014624000.0,0.172,0.074
Laos,1965,LAO,2376200.0,2077650000.0,0.18,0.076
Laos,1966,LAO,2431088.0,2142342000.0,0.234,0.096
Laos,1967,LAO,2487719.0,2208724000.0,0.319,0.128
Laos,1968,LAO,2546381.0,2276820000.0,0.169,0.066
Laos,1969,LAO,2606965.0,2346654000.0,0.319,0.122
Laos,1970,LAO,2669703.0,2418250000.0,0.572,0.214
Laos,1971,LAO,2734637.0,2541000000.0,0.421,0.154
Laos,1972,LAO,2801657.0,2626104000.0,0.487,0.174
Laos,1973,LAO,2870578.0,2857488000.0,0.517,0.18
Laos,1974,LAO,2939759.0,2962136000.0,0.293,0.1
Laos,1975,LAO,3005524.0,3157839000.0,0.253,0.084
Laos,1976,LAO,3064882.0,3249048000.0,0.224,0.073
Laos,1977,LAO,3118926.0,3185544000.0,0.231,0.074
Laos,1978,LAO,3171753.0,3218768000.0,0.231,0.073
Laos,1979,LAO,3228198.0,3156888000.0,0.224,0.069
Laos,1980,LAO,3292575.0,3470822000.0,0.187,0.057
Laos,1981,LAO,3366638.0,4001063000.0,0.15,0.045
Laos,1982,LAO,3450022.0,4284216000.0,0.158,0.046
Laos,1983,LAO,3541003.0,4484085000.0,0.18,0.051
Laos,1984,LAO,3637845.0,4807488000.0,0.183,0.05
Laos,1985,LAO,3739985.0,5053974000.0,0.205,0.055
Laos,1986,LAO,3846720.0,5300658000.0,0.209,0.054
Laos,1987,LAO,3957624.0,5223150000.0,0.213,0.054
Laos,1988,LAO,4072608.0,5118280000.0,0.213,0.052
Laos,1989,LAO,4190972.0,5846232000.0,0.231,0.055
Laos,1990,LAO,4311960.0,6235010000.0,0.513,0.119
Laos,1991,LAO,4435121.0,6550550266.0,0.546,0.123
Laos,1992,LAO,4559650.0,6965636262.0,0.593,0.13
Laos,1993,LAO,4685064.0,7432922464.0,0.607,0.13
Laos,1994,LAO,4809223.0,8095761860.0,0.631,0.131
Laos,1995,LAO,4929410.0,8730282550.0,0.671,0.136
Laos,1996,LAO,5045686.0,9400684784.0,0.753,0.149
Laos,1997,LAO,5152015.0,10121302787.0,0.792,0.154
Laos,1998,LAO,5248273.0,10598967421.0,0.82,0.156
Laos,1999,LAO,5340784.0,11458882653.0,0.846,0.158
Laos,2000,LAO,5431213.0,12209285510.0,0.96,0.177
Laos,2001,LAO,5521481.0,13005702889.0,1.059,0.192
Laos,2002,LAO,5610888.0,13872426080.0,1.166,0.208
Laos,2003,LAO,5697944.0,14843718409.0,1.221,0.214
Laos,2004,LAO,5781627.0,16000772290.0,1.282,0.222
Laos,2005,LAO,5869531.0,17208611490.0,1.337,0.228
Laos,2006,LAO,5963199.0,17176979638.0,1.757,0.295
Laos,2007,LAO,6056237.0,20454811822.0,1.836,0.303
Laos,2008,LAO,6148974.0,22210959976.0,2.131,0.347
Laos,2009,LAO,6241649.0,24050843271.0,2.667,0.427
Laos,2010,LAO,6334198.0,26198017296.0,3.001,0.474
Laos,2011,LAO,6426592.0,28505277000.0,3.097,0.482
Laos,2012,LAO,6518981.0,30756620000.0,3.328,0.511
Laos,2013,LAO,6611385.0,33213895000.0,4.198,0.635
Laos,2014,LAO,6703170.0,35727804000.0,4.383,0.654
Laos,2015,LAO,6801647.0,38423808000.0,9.185,1.35
Laos,2016,LAO,6908800.0,41128975200.0,16.407,2.375
Laos,2017,LAO,7018150.0,43958737408.0,19.625,2.796
Laos,2018,LAO,7128043.0,46694965948.0,20.481,2.873
Laos,2019,LAO,7237635.0,49243304815.0,18.34,2.534
Laos,2020,LAO,7346534.0,50856670244.0,18.294,2.49
Laos,2021,LAO,7453192.0,52626361275.0,21.837,2.93
Laos,2022,LAO,7559008.0,54953902901.0,22.549,2.983
Laos,2023,LAO,7665001.0,,24.157,3.152
Laos,2024,LAO,7769823.0,,24.4,3.14
Latvia,1950,LVA,1918725.0,,4.53,2.361
Latvia,1951,LVA,1933918.0,,4.909,2.539
Latvia,1952,LVA,1949540.0,,5.258,2.697
Latvia,1953,LVA,1965203.0,,5.563,2.831
Latvia,1954,LVA,1982039.0,,6.075,3.065
Latvia,1955,LVA,2000467.0,,6.889,3.444
Latvia,1956,LVA,2019509.0,,7.555,3.741
Latvia,1957,LVA,2040121.0,,8.269,4.053
Latvia,1958,LVA,2063294.0,,8.827,4.278
Latvia,1959,LVA,2096983.0,,9.282,4.426
Latvia,1960,LVA,2131169.0,,9.667,4.536
Latvia,1961,LVA,2157173.0,,9.972,4.623
Latvia,1962,LVA,2182287.0,,10.471,4.798
Latvia,1963,LVA,2205804.0,,11.231,5.092
Latvia,1964,LVA,2229753.0,,11.946,5.358
Latvia,1965,LVA,2252769.0,,12.674,5.626
Latvia,1966,LVA,2274356.0,,13.387,5.886
Latvia,1967,LVA,2296080.0,,14.002,6.098
Latvia,1968,LVA,2317286.0,,14.4,6.214
Latvia,1969,LVA,2337663.0,,14.999,6.416
Latvia,1970,LVA,2357559.0,,15.779,6.693
Latvia,1971,LVA,2377075.0,,16.753,7.048
Latvia,1972,LVA,2395871.0,,17.636,7.361
Latvia,1973,LVA,2415773.0,30281465385.0,18.393,7.614
Latvia,1974,LVA,2436994.0,,19.106,7.84
Latvia,1975,LVA,2455780.0,,20.094,8.182
Latvia,1976,LVA,2470541.0,,20.868,8.447
Latvia,1977,LVA,2484605.0,,21.581,8.686
Latvia,1978,LVA,2497364.0,,22.326,8.94
Latvia,1979,LVA,2505526.0,,22.51,8.984
Latvia,1980,LVA,2511756.0,34684695847.0,23.395,9.314
Latvia,1981,LVA,2519972.0,35441555756.0,22.965,9.113
Latvia,1982,LVA,2532020.0,36216129565.0,23.397,9.24
Latvia,1983,LVA,2546976.0,36943817537.0,23.737,9.32
Latvia,1984,LVA,2562773.0,37996958648.0,23.952,9.346
Latvia,1985,LVA,2579237.0,37201218983.0,25.819,10.01
Latvia,1986,LVA,2599784.0,38189519598.0,23.609,9.081
Latvia,1987,LVA,2625969.0,38039138662.0,19.294,7.347
Latvia,1988,LVA,2652250.0,39628013214.0,18.865,7.113
Latvia,1989,LVA,2664839.0,41772727533.0,17.943,6.733
Latvia,1990,LVA,2660131.0,42100704929.0,19.662,7.391
Latvia,1991,LVA,2648933.0,36517762608.0,17.92,6.765
Latvia,1992,LVA,2614833.0,24594371373.0,14.194,5.428
Latvia,1993,LVA,2563820.0,21610169740.0,11.922,4.65
Latvia,1994,LVA,2521238.0,21908377653.0,10.37,4.113
Latvia,1995,LVA,2485948.0,21602325855.0,9.134,3.674
Latvia,1996,LVA,2457907.0,21944517346.0,9.212,3.748
Latvia,1997,LVA,2433229.0,23733281647.0,8.68,3.567
Latvia,1998,LVA,2410217.0,25089221158.0,8.306,3.446
Latvia,1999,LVA,2390822.0,25549229736.0,7.718,3.228
Latvia,2000,LVA,2368320.0,26727290777.0,7.082,2.99
Latvia,2001,LVA,2338299.0,28242589693.0,7.497,3.206
Latvia,2002,LVA,2311358.0,30014856985.0,7.52,3.254
Latvia,2003,LVA,2288983.0,32298352002.0,7.726,3.375
Latvia,2004,LVA,2264179.0,34720425840.0,7.731,3.415
Latvia,2005,LVA,2239787.0,38143684659.0,7.811,3.487
Latvia,2006,LVA,2219039.0,42361248688.0,8.31,3.745
Latvia,2007,LVA,2200774.0,46228816935.0,8.637,3.925
Latvia,2008,LVA,2177710.0,44217430207.0,8.198,3.765
Latvia,2009,LVA,2142044.0,37590730012.0,7.456,3.481
Latvia,2010,LVA,2097834.0,35881177042.0,8.555,4.078
Latvia,2011,LVA,2059940.0,37869724459.0,7.808,3.791
Latvia,2012,LVA,2034639.0,40536567235.0,7.52,3.696
Latvia,2013,LVA,2013004.0,41350512828.0,7.369,3.661
Latvia,2014,LVA,1994153.0,42137028688.0,7.172,3.597
Latvia,2015,LVA,1977874.0,43774190659.0,7.262,3.672
Latvia,2016,LVA,1959863.0,44810998817.0,7.211,3.679
Latvia,2017,LVA,1942599.0,46295495418.0,7.215,3.714
Latvia,2018,LVA,1927586.0,48143398790.0,7.843,4.069
Latvia,2019,LVA,1914267.0,49380620266.0,7.633,3.988
Latvia,2020,LVA,1901119.0,48292861660.0,6.999,3.682
Latvia,2021,LVA,1885593.0,50255494980.0,7.218,3.828
Latvia,2022,LVA,1881059.0,51248480035.0,6.608,3.513
Latvia,2023,LVA,1882399.0,,6.59,3.501
Latvia,2024,LVA,1871874.0,,6.462,3.452
Least developed countries (Jones et al.),1950,,,,,
Least developed countries (Jones et al.),1951,,,,,
Least developed countries (Jones et al.),1952,,,,,
Least developed countries (Jones et al.),1953,,,,,
Least developed countries (Jones et al.),1954,,,,,
Least developed countries (Jones et al.),1955,,,,,
Least developed countries (Jones et al.),1956,,,,,
Least developed countries (Jones et al.),1957,,,,,
Least developed countries (Jones et al.),1958,,,,,
Least developed countries (Jones et al.),1959,,,,,
Least developed countries (Jones et al.),1960,,,,,
Least developed countries (Jones et al.),1961,,,,,
Least developed countries (Jones et al.),1962,,,,,
Least developed countries (Jones et al.),1963,,,,,
Least developed countries (Jones et al.),1964,,,,,
Least developed countries (Jones et al.),1965,,,,,
Least developed countries (Jones et al.),1966,,,,,
Least developed countries (Jones et al.),1967,,,,,
Least developed countries (Jones et al.),1968,,,,,
Least developed countries (Jones et al.),1969,,,,,
Least developed countries (Jones et al.),1970,,,,,
Least developed countries (Jones et al.),1971,,,,,
Least developed countries (Jones et al.),1972,,,,,
Least developed countries (Jones et al.),1973,,,,,
Least developed countries (Jones et al.),1974,,,,,
Least developed countries (Jones et al.),1975,,,,,
Least developed countries (Jones et al.),1976,,,,,
Least developed countries (Jones et al.),1977,,,,,
Least developed countries (Jones et al.),1978,,,,,
Least developed countries (Jones et al.),1979,,,,,
Least developed countries (Jones et al.),1980,,,,,
Least developed countries (Jones et al.),1981,,,,,
Least developed countries (Jones et al.),1982,,,,,
Least developed countries (Jones et al.),1983,,,,,
Least developed countries (Jones et al.),1984,,,,,
Least developed countries (Jones et al.),1985,,,,,
Least developed countries (Jones et al.),1986,,,,,
Least developed countries (Jones et al.),1987,,,,,
Least developed countries (Jones et al.),1988,,,,,
Least developed countries (Jones et al.),1989,,,,,
Least developed countries (Jones et al.),1990,,,,,
Least developed countries (Jones et al.),1991,,,,,
Least developed countries (Jones et al.),1992,,,,,
Least developed countries (Jones et al.),1993,,,,,
Least developed countries (Jones et al.),1994,,,,,
Least developed countries (Jones et al.),1995,,,,,
Least developed countries (Jones et al.),1996,,,,,
Least developed countries (Jones et al.),1997,,,,,
Least developed countries (Jones et al.),1998,,,,,
Least developed countries (Jones et al.),1999,,,,,
Least developed countries (Jones et al.),2000,,,,,
Least developed countries (Jones et al.),2001,,,,,
Least developed countries (Jones et al.),2002,,,,,
Least developed countries (Jones et al.),2003,,,,,
Least developed countries (Jones et al.),2004,,,,,
Least developed countries (Jones et al.),2005,,,,,
Least developed countries (Jones et al.),2006,,,,,
Least developed countries (Jones et al.),2007,,,,,
Least developed countries (Jones et al.),2008,,,,,
Least developed countries (Jones et al.),2009,,,,,
Least developed countries (Jones et al.),2010,,,,,
Least developed countries (Jones et al.),2011,,,,,
Least developed countries (Jones et al.),2012,,,,,
Least developed countries (Jones et al.),2013,,,,,
Least developed countries (Jones et al.),2014,,,,,
Least developed countries (Jones et al.),2015,,,,,
Least developed countries (Jones et al.),2016,,,,,
Least developed countries (Jones et al.),2017,,,,,
Least developed countries (Jones et al.),2018,,,,,
Least developed countries (Jones et al.),2019,,,,,
Least developed countries (Jones et al.),2020,,,,,
Least developed countries (Jones et al.),2021,,,,,
Least developed countries (Jones et al.),2022,,,,,
Least developed countries (Jones et al.),2023,,,,,
Least developed countries (Jones et al.),2024,,,,,
Lebanon,1950,LBN,1349351.0,5281524273.0,1.512,1.121
Lebanon,1951,LBN,1387575.0,7216416754.0,1.457,1.05
Lebanon,1952,LBN,1427087.0,7668371263.0,1.175,0.823
Lebanon,1953,LBN,1468018.0,8826164953.0,1.248,0.85
Lebanon,1954,LBN,1510417.0,10131619017.0,1.307,0.865
Lebanon,1955,LBN,1554070.0,10942504747.0,1.621,1.043
Lebanon,1956,LBN,1599146.0,10684646740.0,1.885,1.179
Lebanon,1957,LBN,1645925.0,10871271704.0,2.064,1.254
Lebanon,1958,LBN,1693554.0,9324887376.0,1.98,1.169
Lebanon,1959,LBN,1742776.0,10115273376.0,2.448,1.405
Lebanon,1960,LBN,1794411.0,10381597734.0,2.576,1.436
Lebanon,1961,LBN,1850090.0,11063281710.0,2.679,1.448
Lebanon,1962,LBN,1909583.0,11489017608.0,2.851,1.493
Lebanon,1963,LBN,1970319.0,11588761082.0,3.023,1.534
Lebanon,1964,LBN,2030547.0,12288255965.0,3.261,1.606
Lebanon,1965,LBN,2088838.0,13524814989.0,3.312,1.586
Lebanon,1966,LBN,2148255.0,14450075260.0,3.623,1.686
Lebanon,1967,LBN,2206736.0,13766498000.0,3.565,1.615
Lebanon,1968,LBN,2266376.0,15496571803.0,3.693,1.63
Lebanon,1969,LBN,2328162.0,15835058679.0,4.344,1.866
Lebanon,1970,LBN,2386119.0,16881377809.0,3.941,1.652
Lebanon,1971,LBN,2446319.0,19054550623.0,5.301,2.167
Lebanon,1972,LBN,2509730.0,22054298255.0,5.653,2.253
Lebanon,1973,LBN,2572932.0,23728644819.0,7.067,2.747
Lebanon,1974,LBN,2635185.0,25050483376.0,7.088,2.69
Lebanon,1975,LBN,2693197.0,17794435570.0,6.265,2.326
Lebanon,1976,LBN,2726474.0,7618016935.0,5.924,2.173
Lebanon,1977,LBN,2762162.0,13767475194.0,5.386,1.95
Lebanon,1978,LBN,2822681.0,13120839713.0,5.496,1.947
Lebanon,1979,LBN,2882635.0,14065546851.0,5.785,2.007
Lebanon,1980,LBN,2944765.0,14227048125.0,5.89,2.0
Lebanon,1981,LBN,3008985.0,14025617623.0,5.844,1.942
Lebanon,1982,LBN,3054932.0,8719515749.0,5.719,1.872
Lebanon,1983,LBN,3095001.0,10518242304.0,6.942,2.243
Lebanon,1984,LBN,3152742.0,14929919313.0,6.713,2.129
Lebanon,1985,LBN,3217377.0,18218143454.0,7.765,2.413
Lebanon,1986,LBN,3300373.0,16681318505.0,7.478,2.266
Lebanon,1987,LBN,3385557.0,19174717040.0,7.67,2.266
Lebanon,1988,LBN,3454647.0,13586211650.0,7.346,2.126
Lebanon,1989,LBN,3525288.0,7735714382.0,7.721,2.19
Lebanon,1990,LBN,3595175.0,9719894187.0,7.868,2.189
Lebanon,1991,LBN,3668916.0,13892223462.0,8.115,2.212
Lebanon,1992,LBN,3747375.0,15011934734.0,9.727,2.596
Lebanon,1993,LBN,3820652.0,16606038805.0,10.355,2.71
Lebanon,1994,LBN,3889802.0,18542962086.0,11.111,2.856
Lebanon,1995,LBN,3960741.0,20427565185.0,12.255,3.094
Lebanon,1996,LBN,4034782.0,22204446458.0,12.753,3.161
Lebanon,1997,LBN,4108409.0,22434678686.0,15.099,3.675
Lebanon,1998,LBN,4181287.0,24027795385.0,16.286,3.895
Lebanon,1999,LBN,4255278.0,24731825289.0,16.43,3.861
Lebanon,2000,LBN,4329345.0,25915975238.0,15.466,3.572
Lebanon,2001,LBN,4401923.0,27854825604.0,16.407,3.727
Lebanon,2002,LBN,4463505.0,29771684188.0,16.244,3.639
Lebanon,2003,LBN,4525513.0,31778515559.0,18.529,4.094
Lebanon,2004,LBN,4599285.0,35314011356.0,17.208,3.742
Lebanon,2005,LBN,4671105.0,37512383718.0,16.65,3.565
Lebanon,2006,LBN,4751146.0,39442140692.0,14.792,3.113
Lebanon,2007,LBN,4844119.0,44589675655.0,13.746,2.838
Lebanon,2008,LBN,4925359.0,50361558474.0,17.418,3.536
Lebanon,2009,LBN,4992295.0,57304677732.0,20.958,4.198
Lebanon,2010,LBN,5041290.0,64006241939.0,19.997,3.967
Lebanon,2011,LBN,5096018.0,66782067583.0,20.264,3.976
Lebanon,2012,LBN,5235742.0,68494363923.0,22.332,4.265
Lebanon,2013,LBN,5743441.0,71116324024.0,22.164,3.859
Lebanon,2014,LBN,6346993.0,72883563855.0,23.992,3.78
Lebanon,2015,LBN,6472470.0,73219558993.0,25.731,3.975
Lebanon,2016,LBN,6323061.0,74358860056.0,26.438,4.181
Lebanon,2017,LBN,6160129.0,75030320802.0,27.821,4.516
Lebanon,2018,LBN,5984120.0,73615988520.0,25.812,4.313
Lebanon,2019,LBN,5794601.0,68525451094.0,25.141,4.339
Lebanon,2020,LBN,5702400.0,50772560784.0,23.694,4.155
Lebanon,2021,LBN,5718129.0,50772615264.0,19.474,3.406
Lebanon,2022,LBN,5744492.0,48741710654.0,15.361,2.674
Lebanon,2023,LBN,5773494.0,,15.559,2.695
Lebanon,2024,LBN,5805962.0,,15.65,2.696
Lesotho,1950,LSO,579554.0,458106000.0,,
Lesotho,1951,LSO,590270.0,484209000.0,,
Lesotho,1952,LSO,601947.0,498834000.0,,
Lesotho,1953,LSO,614478.0,519002000.0,,
Lesotho,1954,LSO,627902.0,547284000.0,,
Lesotho,1955,LSO,642186.0,565134000.0,,
Lesotho,1956,LSO,657317.0,588000000.0,,
Lesotho,1957,LSO,674674.0,608937000.0,,
Lesotho,1958,LSO,694324.0,632592000.0,,
Lesotho,1959,LSO,714949.0,651639000.0,,
Lesotho,1960,LSO,736507.0,698367000.0,,
Lesotho,1961,LSO,758833.0,711375000.0,,
Lesotho,1962,LSO,781819.0,819774000.0,,
Lesotho,1963,LSO,805374.0,907440000.0,,
Lesotho,1964,LSO,829442.0,982328000.0,,
Lesotho,1965,LSO,854094.0,1003408000.0,,
Lesotho,1966,LSO,881879.0,998350000.0,,
Lesotho,1967,LSO,913986.0,1108548000.0,,
Lesotho,1968,LSO,948108.0,1104596000.0,,
Lesotho,1969,LSO,983200.0,1120182000.0,,
Lesotho,1970,LSO,1019273.0,1144891000.0,,
Lesotho,1971,LSO,1056248.0,1039584000.0,,
Lesotho,1972,LSO,1094069.0,1237636000.0,,
Lesotho,1973,LSO,1132706.0,1557688000.0,,
Lesotho,1974,LSO,1172420.0,1652966000.0,,
Lesotho,1975,LSO,1213650.0,1517650000.0,,
Lesotho,1976,LSO,1253217.0,1769681000.0,,
Lesotho,1977,LSO,1289966.0,2080790000.0,,
Lesotho,1978,LSO,1327244.0,2492926000.0,,
Lesotho,1979,LSO,1366171.0,2219994000.0,,
Lesotho,1980,LSO,1406530.0,2159451000.0,,
Lesotho,1981,LSO,1448073.0,2181780000.0,,
Lesotho,1982,LSO,1490732.0,2258408000.0,,
Lesotho,1983,LSO,1534414.0,2296231000.0,,
Lesotho,1984,LSO,1578992.0,2400979000.0,,
Lesotho,1985,LSO,1624385.0,2483200000.0,,
Lesotho,1986,LSO,1666140.0,2610615000.0,,
Lesotho,1987,LSO,1703395.0,2619536000.0,,
Lesotho,1988,LSO,1739847.0,2855720000.0,,
Lesotho,1989,LSO,1775437.0,3019896000.0,,
Lesotho,1990,LSO,1809698.0,3205046000.0,1.473,0.814
Lesotho,1991,LSO,1842383.0,3210336421.0,1.528,0.829
Lesotho,1992,LSO,1873281.0,3373567099.0,1.587,0.847
Lesotho,1993,LSO,1901799.0,3409484198.0,1.63,0.857
Lesotho,1994,LSO,1927708.0,3499928085.0,1.674,0.869
Lesotho,1995,LSO,1951441.0,3490315705.0,1.707,0.875
Lesotho,1996,LSO,1972424.0,3610273972.0,1.737,0.881
Lesotho,1997,LSO,1988140.0,3655545070.0,1.77,0.89
Lesotho,1998,LSO,1998048.0,3647322672.0,1.803,0.902
Lesotho,1999,LSO,2003238.0,3670807302.0,1.825,0.911
Lesotho,2000,LSO,2003919.0,3769602063.0,1.85,0.923
Lesotho,2001,LSO,2000859.0,3838921434.0,1.872,0.936
Lesotho,2002,LSO,1994686.0,3773087839.0,1.905,0.955
Lesotho,2003,LSO,1985060.0,3857951274.0,1.931,0.973
Lesotho,2004,LSO,1971130.0,3857815847.0,1.979,1.004
Lesotho,2005,LSO,1953080.0,3870538474.0,2.012,1.03
Lesotho,2006,LSO,1945066.0,3946096482.0,2.034,1.045
Lesotho,2007,LSO,1953273.0,4038812448.0,2.074,1.062
Lesotho,2008,LSO,1966547.0,4170596962.0,2.121,1.079
Lesotho,2009,LSO,1980884.0,4214040389.0,2.217,1.119
Lesotho,2010,LSO,1996256.0,4442653593.0,2.275,1.14
Lesotho,2011,LSO,2014015.0,4516050000.0,2.759,1.37
Lesotho,2012,LSO,2034363.0,4740080000.0,2.792,1.372
Lesotho,2013,LSO,2056509.0,4954224000.0,2.125,1.033
Lesotho,2014,LSO,2080091.0,5134648000.0,2.242,1.078
Lesotho,2015,LSO,2104614.0,5279080000.0,2.045,0.971
Lesotho,2016,LSO,2130424.0,5418793037.0,2.026,0.951
Lesotho,2017,LSO,2157117.0,5197453242.0,2.286,1.06
Lesotho,2018,LSO,2183611.0,5068079163.0,2.165,0.992
Lesotho,2019,LSO,2209414.0,4996214053.0,2.187,0.99
Lesotho,2020,LSO,2235727.0,4623560803.0,1.986,0.888
Lesotho,2021,LSO,2261549.0,4709220668.0,3.096,1.369
Lesotho,2022,LSO,2286112.0,4761723180.0,2.551,1.116
Lesotho,2023,LSO,2311476.0,,2.494,1.079
Lesotho,2024,LSO,2337428.0,,2.572,1.1
Liberia,1950,LBR,918912.0,2596424000.0,0.048,0.052
Liberia,1951,LBR,936416.0,2745651000.0,0.044,0.047
Liberia,1952,LBR,954977.0,2828051000.0,0.055,0.058
Liberia,1953,LBR,974392.0,2939300000.0,0.059,0.06
Liberia,1954,LBR,994771.0,3104862000.0,0.103,0.103
Liberia,1955,LBR,1016396.0,3205312000.0,0.059,0.058
Liberia,1956,LBR,1039157.0,3326288000.0,0.048,0.046
Liberia,1957,LBR,1062947.0,3452112000.0,0.084,0.079
Liberia,1958,LBR,1087253.0,3548545000.0,0.161,0.148
Liberia,1959,LBR,1112560.0,3757340000.0,0.143,0.128
Liberia,1960,LBR,1139519.0,3876070000.0,0.165,0.145
Liberia,1961,LBR,1167721.0,3967029000.0,0.161,0.138
Liberia,1962,LBR,1197042.0,4020156000.0,0.253,0.211
Liberia,1963,LBR,1227417.0,4116112000.0,0.355,0.29
Liberia,1964,LBR,1258749.0,4326504000.0,0.484,0.384
Liberia,1965,LBR,1291155.0,4399551000.0,0.557,0.431
Liberia,1966,LBR,1324390.0,5234752000.0,0.612,0.462
Liberia,1967,LBR,1358439.0,5203200000.0,0.612,0.45
Liberia,1968,LBR,1393532.0,5451248000.0,0.883,0.634
Liberia,1969,LBR,1429612.0,5847313000.0,1.271,0.889
Liberia,1970,LBR,1466677.0,6226429000.0,1.451,0.989
Liberia,1971,LBR,1504082.0,6543360000.0,1.524,1.013
Liberia,1972,LBR,1542674.0,6778912000.0,1.506,0.976
Liberia,1973,LBR,1583590.0,7037987000.0,1.48,0.935
Liberia,1974,LBR,1626363.0,7279432000.0,1.722,1.059
Liberia,1975,LBR,1670914.0,6999468000.0,1.484,0.888
Liberia,1976,LBR,1717071.0,7333315000.0,1.476,0.859
Liberia,1977,LBR,1766028.0,7402334000.0,1.471,0.833
Liberia,1978,LBR,1818255.0,7828102000.0,1.503,0.827
Liberia,1979,LBR,1872714.0,8200984000.0,1.942,1.037
Liberia,1980,LBR,1929260.0,7688404000.0,2.038,1.056
Liberia,1981,LBR,1986864.0,7388006000.0,1.935,0.974
Liberia,1982,LBR,2045076.0,7519236000.0,0.597,0.292
Liberia,1983,LBR,2107114.0,7261876000.0,0.707,0.335
Liberia,1984,LBR,2173314.0,7216528000.0,0.695,0.32
Liberia,1985,LBR,2240549.0,7070847000.0,0.716,0.32
Liberia,1986,LBR,2308516.0,6987057000.0,0.723,0.313
Liberia,1987,LBR,2377233.0,7111704000.0,0.758,0.319
Liberia,1988,LBR,2446942.0,7312740000.0,0.809,0.331
Liberia,1989,LBR,2517864.0,7518948000.0,0.66,0.262
Liberia,1990,LBR,2223667.0,3680820000.0,0.456,0.205
Liberia,1991,LBR,1956523.0,2990946994.0,0.375,0.191
Liberia,1992,LBR,2072466.0,1838477296.0,0.392,0.189
Liberia,1993,LBR,2155135.0,1167733988.0,0.417,0.194
Liberia,1994,LBR,2149929.0,865093553.0,0.415,0.193
Liberia,1995,LBR,2169167.0,783478662.0,0.416,0.192
Liberia,1996,LBR,2232286.0,833012981.0,0.427,0.191
Liberia,1997,LBR,2412995.0,1626036772.0,0.446,0.185
Liberia,1998,LBR,2670128.0,1996595953.0,0.473,0.177
Liberia,1999,LBR,2821689.0,2325522351.0,0.376,0.133
Liberia,2000,LBR,2928117.0,2767093377.0,0.402,0.137
Liberia,2001,LBR,3015343.0,3200677181.0,0.414,0.137
Liberia,2002,LBR,3094793.0,3998735673.0,0.432,0.14
Liberia,2003,LBR,3119534.0,2541250362.0,0.461,0.148
Liberia,2004,LBR,3156893.0,2286431759.0,0.543,0.172
Liberia,2005,LBR,3301016.0,2369891568.0,0.651,0.197
Liberia,2006,LBR,3490792.0,2547129019.0,0.669,0.192
Liberia,2007,LBR,3669050.0,2664910191.0,0.629,0.171
Liberia,2008,LBR,3821006.0,2922602346.0,0.531,0.139
Liberia,2009,LBR,3943035.0,3108980113.0,0.522,0.132
Liberia,2010,LBR,4058897.0,3260614939.0,0.709,0.175
Liberia,2011,LBR,4221177.0,3266880000.0,0.822,0.195
Liberia,2012,LBR,4373046.0,3532273000.0,0.915,0.209
Liberia,2013,LBR,4470246.0,3819600000.0,0.874,0.196
Liberia,2014,LBR,4564299.0,3843632000.0,0.734,0.161
Liberia,2015,LBR,4659436.0,3857900000.0,0.699,0.15
Liberia,2016,LBR,4755607.0,3859976097.0,0.647,0.136
Liberia,2017,LBR,4848927.0,3977674130.0,0.667,0.138
Liberia,2018,LBR,4944728.0,4051631897.0,0.609,0.123
Liberia,2019,LBR,5043719.0,3959325948.0,0.932,0.185
Liberia,2020,LBR,5149470.0,3845664451.0,0.777,0.151
Liberia,2021,LBR,5259327.0,4037436536.0,0.783,0.149
Liberia,2022,LBR,5373297.0,4231561135.0,0.864,0.161
Liberia,2023,LBR,5493035.0,,0.834,0.152
Liberia,2024,LBR,5612813.0,,0.859,0.153
Libya,1950,LBY,1131471.0,596009095.0,0.143,0.126
Libya,1951,LBY,1145389.0,661046790.0,0.169,0.147
Libya,1952,LBY,1162480.0,710751115.0,0.165,0.142
Libya,1953,LBY,1183300.0,720506948.0,0.249,0.211
Libya,1954,LBY,1208183.0,718957132.0,0.3,0.249
Libya,1955,LBY,1241389.0,905837305.0,0.429,0.345
Libya,1956,LBY,1282962.0,1102899670.0,0.33,0.257
Libya,1957,LBY,1328858.0,1151111726.0,0.311,0.234
Libya,1958,LBY,1379206.0,1269519492.0,0.352,0.255
Libya,1959,LBY,1433965.0,1371398592.0,0.432,0.302
Libya,1960,LBY,1492890.0,1770103909.0,0.692,0.464
Libya,1961,LBY,1555703.0,1943923754.0,1.194,0.768
Libya,1962,LBY,1621960.0,2578051110.0,1.048,0.646
Libya,1963,LBY,1690458.0,3479765583.0,1.462,0.865
Libya,1964,LBY,1753692.0,4924499195.0,0.663,0.378
Libya,1965,LBY,1804016.0,6314841605.0,1.015,0.563
Libya,1966,LBY,1849066.0,7482066940.0,2.627,1.421
Libya,1967,LBY,1898203.0,8326407187.0,18.492,9.742
Libya,1968,LBY,1952789.0,11132550255.0,30.114,15.421
Libya,1969,LBY,2014294.0,12574326979.0,35.522,17.635
Libya,1970,LBY,2082597.0,13176476658.0,32.305,15.512
Libya,1971,LBY,2153537.0,12480905669.0,21.628,10.043
Libya,1972,LBY,2226105.0,13620840556.0,15.22,6.837
Libya,1973,LBY,2314200.0,13885775223.0,14.575,6.298
Libya,1974,LBY,2432218.0,16970869125.0,9.338,3.839
Libya,1975,LBY,2571563.0,17658332136.0,11.568,4.499
Libya,1976,LBY,2721246.0,21707874004.0,17.888,6.573
Libya,1977,LBY,2881540.0,23630519649.0,20.198,7.01
Libya,1978,LBY,3052532.0,24415601923.0,21.155,6.93
Libya,1979,LBY,3233849.0,26609032006.0,25.926,8.017
Libya,1980,LBY,3424375.0,26794355379.0,26.781,7.821
Libya,1981,LBY,3621488.0,21659520263.0,28.668,7.916
Libya,1982,LBY,3724772.0,22274876744.0,30.565,8.206
Libya,1983,LBY,3718966.0,21733019883.0,30.146,8.106
Libya,1984,LBY,3773639.0,20643918955.0,28.276,7.493
Libya,1985,LBY,3898746.0,22390671549.0,31.002,7.952
Libya,1986,LBY,4017403.0,19866519521.0,33.895,8.437
Libya,1987,LBY,4129743.0,16966307794.0,32.348,7.833
Libya,1988,LBY,4237757.0,18275176215.0,36.16,8.533
Libya,1989,LBY,4342927.0,19622825059.0,37.069,8.535
Libya,1990,LBY,4445243.0,20372079786.0,36.514,8.214
Libya,1991,LBY,4544404.0,25389275568.0,42.62,9.379
Libya,1992,LBY,4640360.0,26617785979.0,37.024,7.979
Libya,1993,LBY,4733053.0,27601955980.0,38.708,8.178
Libya,1994,LBY,4822039.0,30319557468.0,51.36,10.651
Libya,1995,LBY,4906851.0,31943529585.0,54.596,11.126
Libya,1996,LBY,4987402.0,35211772243.0,53.952,10.818
Libya,1997,LBY,5064642.0,39983284709.0,51.779,10.224
Libya,1998,LBY,5140711.0,41617599793.0,51.653,10.048
Libya,1999,LBY,5218039.0,45257158417.0,50.26,9.632
Libya,2000,LBY,5305020.0,49983450587.0,53.239,10.036
Libya,2001,LBY,5403639.0,54225701449.0,53.114,9.829
Libya,2002,LBY,5508412.0,57785797189.0,52.525,9.535
Libya,2003,LBY,5619405.0,70475273789.0,55.481,9.873
Libya,2004,LBY,5736696.0,79415538130.0,56.854,9.911
Libya,2005,LBY,5858793.0,94523140632.0,55.986,9.556
Libya,2006,LBY,5980212.0,108872914713.0,51.45,8.603
Libya,2007,LBY,6104381.0,123716329182.0,44.392,7.272
Libya,2008,LBY,6235433.0,153726726038.0,49.699,7.97
Libya,2009,LBY,6366689.0,165559661154.0,51.627,8.109
Libya,2010,LBY,6497837.0,187528533215.0,59.148,9.103
Libya,2011,LBY,6343210.0,79210078190.0,53.542,8.441
Libya,2012,LBY,6179327.0,147985814988.0,61.606,9.97
Libya,2013,LBY,6304636.0,121351322417.0,51.344,8.144
Libya,2014,LBY,6427260.0,93388346336.0,68.348,10.634
Libya,2015,LBY,6531825.0,92601079752.0,60.866,9.318
Libya,2016,LBY,6632130.0,91220396354.0,57.379,8.652
Libya,2017,LBY,6738771.0,120859728232.0,67.092,9.956
Libya,2018,LBY,6849058.0,130457185445.0,62.645,9.146
Libya,2019,LBY,6951040.0,115851209708.0,73.778,10.614
Libya,2020,LBY,7045403.0,81726075633.0,36.111,5.125
Libya,2021,LBY,7135179.0,104883157614.0,56.312,7.892
Libya,2022,LBY,7223804.0,91444480945.0,58.974,8.164
Libya,2023,LBY,7305659.0,,64.219,8.79
Libya,2024,LBY,7381029.0,,65.26,8.842
Liechtenstein,1950,LIE,13786.0,,,
Liechtenstein,1951,LIE,14026.0,,,
Liechtenstein,1952,LIE,14251.0,,,
Liechtenstein,1953,LIE,14489.0,,,
Liechtenstein,1954,LIE,14736.0,,,
Liechtenstein,1955,LIE,14992.0,,,
Liechtenstein,1956,LIE,15265.0,,,
Liechtenstein,1957,LIE,15562.0,,,
Liechtenstein,1958,LIE,15878.0,,,
Liechtenstein,1959,LIE,16189.0,,0.012,0.723
Liechtenstein,1960,LIE,16512.0,,0.015,0.936
Liechtenstein,1961,LIE,16883.0,,0.017,0.999
Liechtenstein,1962,LIE,17299.0,,0.017,1.003
Liechtenstein,1963,LIE,17724.0,,0.019,1.059
Liechtenstein,1964,LIE,18170.0,,0.058,3.165
Liechtenstein,1965,LIE,18631.0,,0.062,3.353
Liechtenstein,1966,LIE,19090.0,,0.061,3.2
Liechtenstein,1967,LIE,19575.0,,0.061,3.098
Liechtenstein,1968,LIE,20105.0,,0.074,3.672
Liechtenstein,1969,LIE,20650.0,,0.088,4.24
Liechtenstein,1970,LIE,21170.0,,0.111,5.243
Liechtenstein,1971,LIE,21618.0,,0.116,5.375
Liechtenstein,1972,LIE,22022.0,,0.108,4.882
Liechtenstein,1973,LIE,22421.0,,0.135,6.001
Liechtenstein,1974,LIE,22826.0,,0.109,4.783
Liechtenstein,1975,LIE,23223.0,,0.137,5.919
Liechtenstein,1976,LIE,23610.0,,0.134,5.661
Liechtenstein,1977,LIE,23994.0,,0.152,6.346
Liechtenstein,1978,LIE,24369.0,,0.152,6.233
Liechtenstein,1979,LIE,24749.0,,0.131,5.279
Liechtenstein,1980,LIE,25114.0,,0.158,6.284
Liechtenstein,1981,LIE,25487.0,,0.148,5.815
Liechtenstein,1982,LIE,25870.0,,0.104,4.012
Liechtenstein,1983,LIE,26261.0,,0.131,4.977
Liechtenstein,1984,LIE,26652.0,,0.136,5.119
Liechtenstein,1985,LIE,27036.0,,0.17,6.296
Liechtenstein,1986,LIE,27406.0,,0.195,7.12
Liechtenstein,1987,LIE,27785.0,,0.135,4.862
Liechtenstein,1988,LIE,28171.0,,0.179,6.354
Liechtenstein,1989,LIE,28556.0,,0.187,6.553
Liechtenstein,1990,LIE,28912.0,,0.199,6.882
Liechtenstein,1991,LIE,29303.0,,0.206,7.041
Liechtenstein,1992,LIE,29750.0,,0.207,6.956
Liechtenstein,1993,LIE,30199.0,,0.215,7.121
Liechtenstein,1994,LIE,30623.0,,0.201,6.567
Liechtenstein,1995,LIE,31055.0,,0.204,6.575
Liechtenstein,1996,LIE,31497.0,,0.206,6.539
Liechtenstein,1997,LIE,31925.0,,0.218,6.84
Liechtenstein,1998,LIE,32341.0,,0.229,7.088
Liechtenstein,1999,LIE,32751.0,,0.227,6.918
Liechtenstein,2000,LIE,33137.0,,0.217,6.544
Liechtenstein,2001,LIE,33470.0,,0.215,6.414
Liechtenstein,2002,LIE,33770.0,,0.22,6.515
Liechtenstein,2003,LIE,34089.0,,0.229,6.728
Liechtenstein,2004,LIE,34409.0,,0.229,6.666
Liechtenstein,2005,LIE,34713.0,,0.229,6.596
Liechtenstein,2006,LIE,35002.0,,0.231,6.602
Liechtenstein,2007,LIE,35251.0,,0.201,5.694
Liechtenstein,2008,LIE,35467.0,,0.219,6.188
Liechtenstein,2009,LIE,35740.0,,0.205,5.745
Liechtenstein,2010,LIE,36021.0,,0.191,5.296
Liechtenstein,2011,LIE,36295.0,,0.177,4.869
Liechtenstein,2012,LIE,36621.0,,0.185,5.059
Liechtenstein,2013,LIE,36930.0,,0.192,5.212
Liechtenstein,2014,LIE,37191.0,,0.161,4.334
Liechtenstein,2015,LIE,37424.0,,0.16,4.266
Liechtenstein,2016,LIE,37635.0,,0.15,3.976
Liechtenstein,2017,LIE,37872.0,,0.155,4.105
Liechtenstein,2018,LIE,38157.0,,0.143,3.736
Liechtenstein,2019,LIE,38463.0,,0.149,3.865
Liechtenstein,2020,LIE,38793.0,,0.142,3.65
Liechtenstein,2021,LIE,39062.0,,0.146,3.727
Liechtenstein,2022,LIE,39338.0,,0.128,3.262
Liechtenstein,2023,LIE,39622.0,,0.131,3.312
Liechtenstein,2024,LIE,39895.0,,0.132,3.299
Lithuania,1950,LTU,2433000.0,,7.003,2.878
Lithuania,1951,LTU,2458823.0,,7.583,3.084
Lithuania,1952,LTU,2486412.0,,8.12,3.266
Lithuania,1953,LTU,2515121.0,,8.59,3.415
Lithuania,1954,LTU,2544711.0,,9.375,3.684
Lithuania,1955,LTU,2575311.0,,10.631,4.128
Lithuania,1956,LTU,2607334.0,,11.666,4.474
Lithuania,1957,LTU,2641760.0,,12.768,4.833
Lithuania,1958,LTU,2678931.0,,13.632,5.089
Lithuania,1959,LTU,2722678.0,,14.331,5.264
Lithuania,1960,LTU,2769099.0,,14.922,5.389
Lithuania,1961,LTU,2812604.0,,15.398,5.475
Lithuania,1962,LTU,2853290.0,,16.18,5.671
Lithuania,1963,LTU,2891080.0,,17.366,6.007
Lithuania,1964,LTU,2928858.0,,18.479,6.309
Lithuania,1965,LTU,2965259.0,,19.604,6.611
Lithuania,1966,LTU,3000360.0,,20.706,6.901
Lithuania,1967,LTU,3035382.0,,21.674,7.14
Lithuania,1968,LTU,3070263.0,,22.305,7.265
Lithuania,1969,LTU,3103424.0,,23.247,7.491
Lithuania,1970,LTU,3135874.0,,24.462,7.801
Lithuania,1971,LTU,3170711.0,,26.01,8.203
Lithuania,1972,LTU,3204904.0,,27.418,8.555
Lithuania,1973,LTU,3236223.0,39280904060.0,28.633,8.848
Lithuania,1974,LTU,3266366.0,,29.785,9.119
Lithuania,1975,LTU,3295734.0,,31.359,9.515
Lithuania,1976,LTU,3324568.0,,32.585,9.801
Lithuania,1977,LTU,3353250.0,,33.722,10.056
Lithuania,1978,LTU,3380072.0,,34.922,10.332
Lithuania,1979,LTU,3404743.0,,35.22,10.344
Lithuania,1980,LTU,3428417.0,43744970921.0,36.614,10.679
Lithuania,1981,LTU,3452313.0,45668278640.0,35.991,10.425
Lithuania,1982,LTU,3477581.0,47679414649.0,36.681,10.548
Lithuania,1983,LTU,3505434.0,48333725232.0,37.243,10.624
Lithuania,1984,LTU,3534123.0,49045524364.0,37.601,10.639
Lithuania,1985,LTU,3562393.0,47660893950.0,40.511,11.372
Lithuania,1986,LTU,3593782.0,49468977771.0,36.063,10.035
Lithuania,1987,LTU,3627368.0,50529333248.0,36.071,9.944
Lithuania,1988,LTU,3672653.0,54561830724.0,36.467,9.929
Lithuania,1989,LTU,3696107.0,54088606250.0,36.817,9.961
Lithuania,1990,LTU,3695016.0,51021989460.0,35.738,9.672
Lithuania,1991,LTU,3701408.0,47786759590.0,37.82,10.218
Lithuania,1992,LTU,3697552.0,37159351315.0,21.168,5.725
Lithuania,1993,LTU,3680201.0,30736278642.0,16.32,4.434
Lithuania,1994,LTU,3654893.0,27661451474.0,15.767,4.314
Lithuania,1995,LTU,3627038.0,29216540607.0,15.057,4.151
Lithuania,1996,LTU,3599721.0,30721763295.0,15.74,4.373
Lithuania,1997,LTU,3573418.0,33267370320.0,15.163,4.243
Lithuania,1998,LTU,3547768.0,35744382405.0,15.997,4.509
Lithuania,1999,LTU,3522905.0,35335381903.0,13.45,3.818
Lithuania,2000,LTU,3500410.0,36684799266.0,11.843,3.383
Lithuania,2001,LTU,3473008.0,39077069410.0,12.594,3.626
Lithuania,2002,LTU,3444051.0,41716677051.0,12.666,3.678
Lithuania,2003,LTU,3415276.0,46106059871.0,12.659,3.707
Lithuania,2004,LTU,3376703.0,49123583277.0,13.254,3.925
Lithuania,2005,LTU,3322264.0,52913078254.0,13.863,4.173
Lithuania,2006,LTU,3269809.0,56827410871.0,14.195,4.341
Lithuania,2007,LTU,3231378.0,63122228308.0,15.474,4.789
Lithuania,2008,LTU,3198482.0,64776249050.0,14.919,4.664
Lithuania,2009,LTU,3163255.0,55174536683.0,12.829,4.056
Lithuania,2010,LTU,3097721.0,56073777524.0,13.802,4.455
Lithuania,2011,LTU,3028642.0,59460372771.0,13.96,4.609
Lithuania,2012,LTU,2988334.0,61745948022.0,14.054,4.703
Lithuania,2013,LTU,2958359.0,63937849304.0,13.148,4.444
Lithuania,2014,LTU,2933171.0,66199372603.0,12.846,4.379
Lithuania,2015,LTU,2905771.0,67539660018.0,13.045,4.489
Lithuania,2016,LTU,2869109.0,69240911932.0,13.102,4.566
Lithuania,2017,LTU,2829317.0,72206131673.0,13.277,4.693
Lithuania,2018,LTU,2802485.0,75089601435.0,13.414,4.787
Lithuania,2019,LTU,2795057.0,78562641002.0,13.647,4.883
Lithuania,2020,LTU,2795766.0,78545278418.0,13.5,4.829
Lithuania,2021,LTU,2794490.0,83242845981.0,13.778,4.93
Lithuania,2022,LTU,2816923.0,84814257826.0,12.895,4.578
Lithuania,2023,LTU,2854104.0,,12.507,4.382
Lithuania,2024,LTU,2859112.0,,12.542,4.387
Low-income countries,1950,,112417198.0,,5.435,0.048
Low-income countries,1951,,113856117.0,,5.999,0.053
Low-income countries,1952,,115581853.0,,6.83,0.059
Low-income countries,1953,,117615340.0,,8.09,0.069
Low-income countries,1954,,119859723.0,,16.327,0.136
Low-income countries,1955,,122293854.0,,19.063,0.156
Low-income countries,1956,,124856286.0,,20.955,0.168
Low-income countries,1957,,127501597.0,,25.002,0.196
Low-income countries,1958,,130192598.0,,28.227,0.217
Low-income countries,1959,,133046210.0,,33.427,0.251
Low-income countries,1960,,136125812.0,,39.732,0.292
Low-income countries,1961,,139355408.0,,41.712,0.299
Low-income countries,1962,,142712693.0,,47.095,0.33
Low-income countries,1963,,146205567.0,,49.007,0.335
Low-income countries,1964,,149866133.0,,53.91,0.36
Low-income countries,1965,,153680709.0,,63.77,0.415
Low-income countries,1966,,157615047.0,,68.815,0.437
Low-income countries,1967,,161746463.0,,73.889,0.457
Low-income countries,1968,,166073639.0,,93.907,0.565
Low-income countries,1969,,170544885.0,,95.884,0.562
Low-income countries,1970,,175151214.0,,103.298,0.59
Low-income countries,1971,,179815331.0,,140.588,0.782
Low-income countries,1972,,184480537.0,,120.632,0.654
Low-income countries,1973,,189367147.0,,130.412,0.689
Low-income countries,1974,,194455304.0,,136.629,0.703
Low-income countries,1975,,199576711.0,,142.508,0.714
Low-income countries,1976,,204813494.0,,146.233,0.714
Low-income countries,1977,,210006614.0,,152.167,0.725
Low-income countries,1978,,215747916.0,,147.498,0.684
Low-income countries,1979,,221769541.0,,159.218,0.718
Low-income countries,1980,,226723539.0,,162.02,0.715
Low-income countries,1981,,231201169.0,,167.728,0.725
Low-income countries,1982,,236787467.0,,168.161,0.71
Low-income countries,1983,,243197076.0,,181.897,0.748
Low-income countries,1984,,249764062.0,,196.388,0.786
Low-income countries,1985,,256472922.0,,205.12,0.8
Low-income countries,1986,,263230599.0,,219.073,0.832
Low-income countries,1987,,270279297.0,,243.562,0.901
Low-income countries,1988,,277539287.0,,270.453,0.974
Low-income countries,1989,,285123979.0,,277.681,0.974
Low-income countries,1990,,292663595.0,,189.065,0.646
Low-income countries,1991,,300360059.0,,186.742,0.622
Low-income countries,1992,,309369865.0,,171.487,0.554
Low-income countries,1993,,319277771.0,,163.5,0.512
Low-income countries,1994,,328801392.0,,158.378,0.482
Low-income countries,1995,,338406194.0,,155.741,0.46
Low-income countries,1996,,348513467.0,,148.532,0.426
Low-income countries,1997,,358535391.0,,149.771,0.418
Low-income countries,1998,,368772687.0,,149.22,0.405
Low-income countries,1999,,379366090.0,,159.135,0.419
Low-income countries,2000,,389723485.0,,164.49,0.422
Low-income countries,2001,,400384099.0,,166.929,0.417
Low-income countries,2002,,412284807.0,,154.973,0.376
Low-income countries,2003,,424679097.0,,177.288,0.417
Low-income countries,2004,,436967699.0,,179.401,0.411
Low-income countries,2005,,449724246.0,,184.348,0.41
Low-income countries,2006,,463303557.0,,192.84,0.416
Low-income countries,2007,,477111736.0,,197.89,0.415
Low-income countries,2008,,490973774.0,,209.908,0.428
Low-income countries,2009,,505164159.0,,209.352,0.414
Low-income countries,2010,,519647365.0,,209.248,0.403
Low-income countries,2011,,534392915.0,,191.834,0.359
Low-income countries,2012,,549004721.0,,177.457,0.323
Low-income countries,2013,,563040135.0,,167.16,0.297
Low-income countries,2014,,577051647.0,,174.6,0.303
Low-income countries,2015,,591583770.0,,152.336,0.258
Low-income countries,2016,,607210136.0,,159.13,0.262
Low-income countries,2017,,623824285.0,,201.244,0.323
Low-income countries,2018,,641385698.0,,199.088,0.31
Low-income countries,2019,,659875267.0,,214.494,0.325
Low-income countries,2020,,678679145.0,,207.23,0.305
Low-income countries,2021,,697273071.0,,199.59,0.286
Low-income countries,2022,,715844683.0,,202.7,0.283
Low-income countries,2023,,735385966.0,,209.172,0.284
Low-income countries,2024,,755559274.0,,210.953,0.279
Lower-middle-income countries,1950,,648289463.0,,126.404,0.195
Lower-middle-income countries,1951,,662454733.0,,133.873,0.202
Lower-middle-income countries,1952,,677401949.0,,144.008,0.213
Lower-middle-income countries,1953,,692929778.0,,148.38,0.214
Lower-middle-income countries,1954,,709181786.0,,159.014,0.224
Lower-middle-income countries,1955,,726288830.0,,173.985,0.24
Lower-middle-income countries,1956,,744009729.0,,182.529,0.245
Lower-middle-income countries,1957,,762101433.0,,201.261,0.264
Lower-middle-income countries,1958,,780762688.0,,213.762,0.274
Lower-middle-income countries,1959,,800309720.0,,223.915,0.28
Lower-middle-income countries,1960,,820432675.0,,244.958,0.299
Lower-middle-income countries,1961,,841045554.0,,258.016,0.307
Lower-middle-income countries,1962,,862159103.0,,280.057,0.325
Lower-middle-income countries,1963,,883813682.0,,303.278,0.343
Lower-middle-income countries,1964,,905989194.0,,316.737,0.35
Lower-middle-income countries,1965,,928291576.0,,347.298,0.374
Lower-middle-income countries,1966,,950568906.0,,369.354,0.389
Lower-middle-income countries,1967,,973418801.0,,374.232,0.384
Lower-middle-income countries,1968,,996828669.0,,398.763,0.4
Lower-middle-income countries,1969,,1020575229.0,,417.534,0.409
Lower-middle-income countries,1970,,1045159738.0,,446.632,0.427
Lower-middle-income countries,1971,,1069570829.0,,476.533,0.446
Lower-middle-income countries,1972,,1094653937.0,,504.342,0.461
Lower-middle-income countries,1973,,1121463914.0,,536.991,0.479
Lower-middle-income countries,1974,,1149216973.0,,560.222,0.487
Lower-middle-income countries,1975,,1177835803.0,,580.004,0.492
Lower-middle-income countries,1976,,1207026504.0,,603.181,0.5
Lower-middle-income countries,1977,,1237143677.0,,626.43,0.506
Lower-middle-income countries,1978,,1267780648.0,,642.829,0.507
Lower-middle-income countries,1979,,1299681665.0,,691.379,0.532
Lower-middle-income countries,1980,,1333878754.0,,721.738,0.541
Lower-middle-income countries,1981,,1369121632.0,,749.748,0.548
Lower-middle-income countries,1982,,1404778309.0,,773.943,0.551
Lower-middle-income countries,1983,,1441034781.0,,807.841,0.561
Lower-middle-income countries,1984,,1477907041.0,,831.103,0.562
Lower-middle-income countries,1985,,1515552078.0,,887.538,0.586
Lower-middle-income countries,1986,,1553815501.0,,927.414,0.597
Lower-middle-income countries,1987,,1592569215.0,,964.548,0.606
Lower-middle-income countries,1988,,1631722258.0,,1029.841,0.631
Lower-middle-income countries,1989,,1671269097.0,,1056.438,0.632
Lower-middle-income countries,1990,,1711864220.0,,1104.19,0.645
Lower-middle-income countries,1991,,1752608523.0,,1146.94,0.654
Lower-middle-income countries,1992,,1793067376.0,,1214.147,0.677
Lower-middle-income countries,1993,,1833937911.0,,1263.718,0.689
Lower-middle-income countries,1994,,1874934474.0,,1354.623,0.722
Lower-middle-income countries,1995,,1916258972.0,,1426.849,0.745
Lower-middle-income countries,1996,,1957849353.0,,1537.595,0.785
Lower-middle-income countries,1997,,1999733954.0,,1612.397,0.806
Lower-middle-income countries,1998,,2042077792.0,,1657.266,0.812
Lower-middle-income countries,1999,,2084331968.0,,1755.396,0.842
Lower-middle-income countries,2000,,2126916405.0,,1826.764,0.859
Lower-middle-income countries,2001,,2169845903.0,,1848.146,0.852
Lower-middle-income countries,2002,,2211922405.0,,1894.994,0.857
Lower-middle-income countries,2003,,2253565571.0,,1977.686,0.878
Lower-middle-income countries,2004,,2295613093.0,,2084.533,0.908
Lower-middle-income countries,2005,,2337232229.0,,2181.041,0.933
Lower-middle-income countries,2006,,2379086325.0,,2299.004,0.966
Lower-middle-income countries,2007,,2421832593.0,,2431.34,1.004
Lower-middle-income countries,2008,,2464297892.0,,2569.336,1.043
Lower-middle-income countries,2009,,2507036280.0,,2697.513,1.076
Lower-middle-income countries,2010,,2550520230.0,,2838.991,1.113
Lower-middle-income countries,2011,,2594096178.0,,3000.531,1.157
Lower-middle-income countries,2012,,2637381315.0,,3160.159,1.198
Lower-middle-income countries,2013,,2680848784.0,,3259.565,1.216
Lower-middle-income countries,2014,,2724066420.0,,3487.512,1.28
Lower-middle-income countries,2015,,2765984952.0,,3632.174,1.313
Lower-middle-income countries,2016,,2807490854.0,,3854.897,1.373
Lower-middle-income countries,2017,,2848767185.0,,4009.564,1.407
Lower-middle-income countries,2018,,2889324239.0,,4202.012,1.454
Lower-middle-income countries,2019,,2929401303.0,,4329.725,1.478
Lower-middle-income countries,2020,,2969245757.0,,4174.303,1.406
Lower-middle-income countries,2021,,3007019418.0,,4500.257,1.497
Lower-middle-income countries,2022,,3044254723.0,,4626.043,1.52
Lower-middle-income countries,2023,,3083154885.0,,4879.772,1.583
Lower-middle-income countries,2024,,3122339016.0,,5089.165,1.63
Luxembourg,1950,LUX,296580.0,3954362961.0,7.426,25.04
Luxembourg,1951,LUX,298161.0,3669332074.0,9.02,30.253
Luxembourg,1952,LUX,299909.0,3938899612.0,9.412,31.384
Luxembourg,1953,LUX,301692.0,3991395030.0,8.661,28.708
Luxembourg,1954,LUX,303489.0,4010306420.0,8.789,28.961
Luxembourg,1955,LUX,305315.0,4211408697.0,9.896,32.412
Luxembourg,1956,LUX,306957.0,4397778804.0,10.379,33.814
Luxembourg,1957,LUX,308439.0,4614765376.0,10.848,35.172
Luxembourg,1958,LUX,310039.0,4683221838.0,10.094,32.556
Luxembourg,1959,LUX,312043.0,4801168244.0,10.431,33.427
Luxembourg,1960,LUX,313888.0,4982687937.0,11.519,36.697
Luxembourg,1961,LUX,316347.0,5180098924.0,11.592,36.643
Luxembourg,1962,LUX,319663.0,5250677500.0,11.552,36.137
Luxembourg,1963,LUX,322855.0,5433860702.0,11.449,35.462
Luxembourg,1964,LUX,326232.0,5854926000.0,12.307,37.723
Luxembourg,1965,LUX,329709.0,5967663000.0,12.204,37.014
Luxembourg,1966,LUX,333085.0,6038156981.0,11.618,34.879
Luxembourg,1967,LUX,335524.0,6052326672.0,11.361,33.861
Luxembourg,1968,LUX,337015.0,6305567140.0,12.266,36.397
Luxembourg,1969,LUX,338271.0,6924150000.0,13.19,38.991
Luxembourg,1970,LUX,339337.0,7042269995.0,13.743,40.499
Luxembourg,1971,LUX,341961.0,7230460671.0,13.198,38.594
Luxembourg,1972,LUX,346085.0,7706997735.0,13.5,39.009
Luxembourg,1973,LUX,349206.0,8347719290.0,14.179,40.604
Luxembourg,1974,LUX,351432.0,8699789850.0,14.428,41.054
Luxembourg,1975,LUX,353686.0,8127705126.0,11.868,33.554
Luxembourg,1976,LUX,355877.0,8333325000.0,11.865,33.342
Luxembourg,1977,LUX,358252.0,8464074935.0,10.958,30.586
Luxembourg,1978,LUX,361047.0,8810255248.0,11.884,32.917
Luxembourg,1979,LUX,362898.0,9015468000.0,12.162,33.514
Luxembourg,1980,LUX,363711.0,9092144247.0,11.077,30.456
Luxembourg,1981,LUX,364487.0,9184694246.0,9.49,26.036
Luxembourg,1982,LUX,365061.0,9144778266.0,8.932,24.466
Luxembourg,1983,LUX,365495.0,9417148381.0,8.371,22.904
Luxembourg,1984,LUX,365904.0,10000324502.0,9.008,24.618
Luxembourg,1985,LUX,366665.0,10292481585.0,9.241,25.201
Luxembourg,1986,LUX,368409.0,11089390343.0,9.115,24.741
Luxembourg,1987,LUX,370789.0,11347894891.0,8.812,23.767
Luxembourg,1988,LUX,373789.0,12527435787.0,9.103,24.354
Luxembourg,1989,LUX,377384.0,13761264562.0,9.85,26.101
Luxembourg,1990,LUX,381707.0,14057150121.0,11.809,30.938
Luxembourg,1991,LUX,386819.0,15215996110.0,12.42,32.109
Luxembourg,1992,LUX,391972.0,15437632140.0,12.189,31.098
Luxembourg,1993,LUX,397210.0,16036038097.0,12.338,31.062
Luxembourg,1994,LUX,402597.0,16598368279.0,11.524,28.624
Luxembourg,1995,LUX,408237.0,16769949507.0,9.134,22.375
Luxembourg,1996,LUX,413779.0,16910298497.0,9.186,22.2
Luxembourg,1997,LUX,418970.0,17813499245.0,8.548,20.402
Luxembourg,1998,LUX,424158.0,18821504348.0,7.657,18.052
Luxembourg,1999,LUX,429909.0,20355341580.0,8.119,18.886
Luxembourg,2000,LUX,436142.0,21937467256.0,8.702,19.953
Luxembourg,2001,LUX,441754.0,22387796714.0,9.205,20.838
Luxembourg,2002,LUX,446392.0,23160273686.0,9.978,22.354
Luxembourg,2003,LUX,451845.0,23454191347.0,10.451,23.129
Luxembourg,2004,LUX,458305.0,24195538088.0,11.816,25.782
Luxembourg,2005,LUX,465369.0,24872864640.0,12.076,25.949
Luxembourg,2006,LUX,472869.0,26045643731.0,11.906,25.177
Luxembourg,2007,LUX,480277.0,28135947926.0,11.302,23.533
Luxembourg,2008,LUX,488995.0,27660465282.0,11.167,22.836
Luxembourg,2009,LUX,498196.0,26344603078.0,10.62,21.316
Luxembourg,2010,LUX,507418.0,27526699944.0,11.191,22.054
Luxembourg,2011,LUX,518583.0,28143126706.0,11.09,21.384
Luxembourg,2012,LUX,530951.0,28607408843.0,10.858,20.45
Luxembourg,2013,LUX,543358.0,29514812514.0,10.323,18.999
Luxembourg,2014,LUX,556285.0,30289014849.0,9.807,17.629
Luxembourg,2015,LUX,569540.0,30976491415.0,9.334,16.389
Luxembourg,2016,LUX,583511.0,32518554202.0,9.077,15.556
Luxembourg,2017,LUX,596506.0,32946911821.0,9.251,15.509
Luxembourg,2018,LUX,608109.0,33348602359.0,9.556,15.715
Luxembourg,2019,LUX,620167.0,34122291521.0,9.75,15.722
Luxembourg,2020,LUX,630597.0,33850190319.0,8.069,12.796
Luxembourg,2021,LUX,640276.0,35577396523.0,8.41,13.134
Luxembourg,2022,LUX,653315.0,36128358732.0,7.274,11.135
Luxembourg,2023,LUX,665101.0,,6.841,10.285
Luxembourg,2024,LUX,673042.0,,7.04,10.46
Macao,1950,MAC,196669.0,,,
Macao,1951,MAC,200120.0,,,
Macao,1952,MAC,200417.0,,,
Macao,1953,MAC,199605.0,,,
Macao,1954,MAC,197879.0,,0.022,0.111
Macao,1955,MAC,195454.0,,0.022,0.112
Macao,1956,MAC,192188.0,,0.026,0.133
Macao,1957,MAC,188202.0,,0.029,0.156
Macao,1958,MAC,183680.0,,0.029,0.16
Macao,1959,MAC,178433.0,,0.037,0.205
Macao,1960,MAC,173333.0,,0.051,0.296
Macao,1961,MAC,173335.0,,0.07,0.402
Macao,1962,MAC,177825.0,,0.095,0.536
Macao,1963,MAC,182143.0,,0.106,0.583
Macao,1964,MAC,225672.0,,0.128,0.568
Macao,1965,MAC,265637.0,,0.132,0.497
Macao,1966,MAC,262951.0,,0.15,0.571
Macao,1967,MAC,260430.0,,0.165,0.633
Macao,1968,MAC,257944.0,,0.169,0.653
Macao,1969,MAC,255316.0,,0.169,0.66
Macao,1970,MAC,257405.0,,0.205,0.797
Macao,1971,MAC,263470.0,,0.227,0.862
Macao,1972,MAC,273185.0,,0.231,0.845
Macao,1973,MAC,250337.0,,0.224,0.893
Macao,1974,MAC,221395.0,,0.267,1.208
Macao,1975,MAC,223951.0,,0.297,1.325
Macao,1976,MAC,227391.0,,0.253,1.112
Macao,1977,MAC,231546.0,,0.308,1.329
Macao,1978,MAC,236218.0,,0.414,1.753
Macao,1979,MAC,241160.0,,0.414,1.717
Macao,1980,MAC,246108.0,,0.528,2.144
Macao,1981,MAC,252516.0,,0.535,2.118
Macao,1982,MAC,261054.0,,0.484,1.853
Macao,1983,MAC,270519.0,,0.682,2.519
Macao,1984,MAC,280560.0,,0.605,2.155
Macao,1985,MAC,291288.0,,0.733,2.516
Macao,1986,MAC,302680.0,,0.876,2.893
Macao,1987,MAC,314630.0,,0.971,3.086
Macao,1988,MAC,326912.0,,0.964,2.948
Macao,1989,MAC,339223.0,,1.03,3.035
Macao,1990,MAC,351123.0,,0.901,2.567
Macao,1991,MAC,362275.0,,0.967,2.67
Macao,1992,MAC,372256.0,,0.978,2.628
Macao,1993,MAC,381331.0,,1.103,2.892
Macao,1994,MAC,390126.0,,1.18,3.024
Macao,1995,MAC,398703.0,,1.125,2.821
Macao,1996,MAC,407033.0,,1.301,3.196
Macao,1997,MAC,415074.0,,1.367,3.293
Macao,1998,MAC,422816.0,,1.444,3.414
Macao,1999,MAC,430253.0,,1.425,3.313
Macao,2000,MAC,437316.0,,1.528,3.494
Macao,2001,MAC,445121.0,,1.561,3.507
Macao,2002,MAC,456026.0,,1.389,3.045
Macao,2003,MAC,469062.0,,1.422,3.031
Macao,2004,MAC,482209.0,,1.583,3.282
Macao,2005,MAC,495416.0,,1.682,3.395
Macao,2006,MAC,508752.0,,1.455,2.859
Macao,2007,MAC,522281.0,,1.363,2.61
Macao,2008,MAC,535935.0,,1.129,2.106
Macao,2009,MAC,549492.0,,1.894,3.447
Macao,2010,MAC,562809.0,,1.235,2.194
Macao,2011,MAC,575644.0,,1.293,2.247
Macao,2012,MAC,587450.0,,1.132,1.927
Macao,2013,MAC,598752.0,,0.989,1.652
Macao,2014,MAC,610308.0,,1.293,2.119
Macao,2015,MAC,622185.0,,1.773,2.85
Macao,2016,MAC,634317.0,,1.781,2.807
Macao,2017,MAC,646558.0,,1.927,2.981
Macao,2018,MAC,658777.0,,1.242,1.885
Macao,2019,MAC,670982.0,,1.213,1.807
Macao,2020,MAC,683069.0,,1.033,1.513
Macao,2021,MAC,694404.0,,1.03,1.483
Macao,2022,MAC,704360.0,,1.049,1.489
Macao,2023,MAC,713916.0,,1.043,1.461
Macao,2024,MAC,720270.0,,1.056,1.467
Madagascar,1950,MDG,3956077.0,7004582509.0,0.304,0.077
Madagascar,1951,MDG,4057204.0,7264857649.0,0.245,0.06
Madagascar,1952,MDG,4160844.0,7530164044.0,0.308,0.074
Madagascar,1953,MDG,4267535.0,7805707099.0,0.253,0.059
Madagascar,1954,MDG,4377321.0,8091949379.0,0.289,0.066
Madagascar,1955,MDG,4490119.0,8389456168.0,0.304,0.068
Madagascar,1956,MDG,4606423.0,8698909302.0,0.319,0.069
Madagascar,1957,MDG,4726637.0,9021303485.0,0.315,0.067
Madagascar,1958,MDG,4850852.0,9356975468.0,0.374,0.077
Madagascar,1959,MDG,4979096.0,9701159746.0,0.374,0.075
Madagascar,1960,MDG,5111033.0,9828726096.0,0.399,0.078
Madagascar,1961,MDG,5246163.0,10034248957.0,0.355,0.068
Madagascar,1962,MDG,5384155.0,10265983593.0,0.396,0.073
Madagascar,1963,MDG,5525189.0,10169563380.0,0.461,0.084
Madagascar,1964,MDG,5669867.0,10573920826.0,0.483,0.085
Madagascar,1965,MDG,5819117.0,10525386773.0,0.557,0.096
Madagascar,1966,MDG,5974281.0,10744600000.0,0.579,0.097
Madagascar,1967,MDG,6136495.0,11338855512.0,0.842,0.137
Madagascar,1968,MDG,6306501.0,12111318281.0,0.912,0.145
Madagascar,1969,MDG,6484718.0,12570158789.0,0.85,0.131
Madagascar,1970,MDG,6672004.0,13220068459.0,0.971,0.145
Madagascar,1971,MDG,6868874.0,13744101363.0,1.026,0.149
Madagascar,1972,MDG,7074405.0,13569936216.0,1.286,0.182
Madagascar,1973,MDG,7288053.0,13224830062.0,1.073,0.147
Madagascar,1974,MDG,7509733.0,13481209007.0,1.187,0.158
Madagascar,1975,MDG,7739341.0,13648803120.0,1.693,0.219
Madagascar,1976,MDG,7976838.0,13225735434.0,0.992,0.124
Madagascar,1977,MDG,8222240.0,13547775947.0,0.846,0.103
Madagascar,1978,MDG,8475862.0,13191753390.0,1.017,0.12
Madagascar,1979,MDG,8737585.0,14488666292.0,1.13,0.129
Madagascar,1980,MDG,9006039.0,14601291796.0,1.614,0.179
Madagascar,1981,MDG,9279017.0,13336635398.0,1.025,0.11
Madagascar,1982,MDG,9557679.0,13085727345.0,1.013,0.106
Madagascar,1983,MDG,9843046.0,13200908159.0,0.65,0.066
Madagascar,1984,MDG,10134559.0,12711398378.0,0.866,0.085
Madagascar,1985,MDG,10433143.0,12997106859.0,1.053,0.101
Madagascar,1986,MDG,10736862.0,13084803921.0,1.137,0.106
Madagascar,1987,MDG,11047297.0,13381197349.0,1.282,0.116
Madagascar,1988,MDG,11369458.0,13587105039.0,1.286,0.113
Madagascar,1989,MDG,11705002.0,14122744242.0,0.926,0.079
Madagascar,1990,MDG,12055649.0,14680679623.0,0.944,0.078
Madagascar,1991,MDG,12421413.0,13914919701.0,1.025,0.083
Madagascar,1992,MDG,12800870.0,14242717909.0,1.003,0.078
Madagascar,1993,MDG,13197353.0,14700034150.0,1.028,0.078
Madagascar,1994,MDG,13613859.0,14862800285.0,1.152,0.085
Madagascar,1995,MDG,14051279.0,15288150117.0,1.192,0.085
Madagascar,1996,MDG,14510712.0,15793796727.0,1.249,0.086
Madagascar,1997,MDG,14990818.0,16561069372.0,1.535,0.102
Madagascar,1998,MDG,15489364.0,17393932608.0,1.619,0.105
Madagascar,1999,MDG,16000506.0,18416245876.0,1.766,0.11
Madagascar,2000,MDG,16516336.0,19457200304.0,1.955,0.118
Madagascar,2001,MDG,17032933.0,20850416898.0,1.747,0.103
Madagascar,2002,MDG,17549915.0,18473840634.0,1.232,0.07
Madagascar,2003,MDG,18071860.0,20509701124.0,1.699,0.094
Madagascar,2004,MDG,18606606.0,21834931987.0,1.804,0.097
Madagascar,2005,MDG,19159711.0,23129761607.0,1.741,0.091
Madagascar,2006,MDG,19730916.0,24652234312.0,1.675,0.085
Madagascar,2007,MDG,20318590.0,26539188296.0,1.728,0.085
Madagascar,2008,MDG,20923842.0,28762450059.0,1.787,0.085
Madagascar,2009,MDG,21547277.0,27725052410.0,1.699,0.079
Madagascar,2010,MDG,22183343.0,28122419419.0,1.872,0.084
Madagascar,2011,MDG,22822305.0,28843634595.0,2.33,0.102
Madagascar,2012,MDG,23462444.0,29712119552.0,2.66,0.113
Madagascar,2013,MDG,24109290.0,30395500923.0,3.061,0.127
Madagascar,2014,MDG,24764356.0,31410405446.0,2.971,0.12
Madagascar,2015,MDG,25426703.0,32394175176.0,3.121,0.123
Madagascar,2016,MDG,26099950.0,33687674194.0,3.257,0.125
Madagascar,2017,MDG,26788379.0,35012614968.0,3.804,0.142
Madagascar,2018,MDG,27494930.0,36130917975.0,3.604,0.131
Madagascar,2019,MDG,28219559.0,37724649896.0,4.147,0.147
Madagascar,2020,MDG,28953560.0,35031864099.0,3.788,0.131
Madagascar,2021,MDG,29691087.0,37042695870.0,4.246,0.143
Madagascar,2022,MDG,30437261.0,38602188321.0,4.21,0.138
Madagascar,2023,MDG,31195937.0,,4.447,0.143
Madagascar,2024,MDG,31964960.0,,4.528,0.142
Malawi,1950,MWI,2950299.0,1453365650.0,0.235,0.08
Malawi,1951,MWI,3002886.0,1516134147.0,0.259,0.086
Malawi,1952,MWI,3059382.0,1575613081.0,0.291,0.095
Malawi,1953,MWI,3119242.0,1643508304.0,0.317,0.102
Malawi,1954,MWI,3181539.0,1714239059.0,0.349,0.11
Malawi,1955,MWI,3246543.0,1741719436.0,0.411,0.127
Malawi,1956,MWI,3315299.0,1887994622.0,0.448,0.135
Malawi,1957,MWI,3387745.0,1964955202.0,0.461,0.136
Malawi,1958,MWI,3463947.0,2036122759.0,0.412,0.119
Malawi,1959,MWI,3544167.0,2109653775.0,0.46,0.13
Malawi,1960,MWI,3628136.0,2166878889.0,0.438,0.121
Malawi,1961,MWI,3715543.0,2274644004.0,0.373,0.1
Malawi,1962,MWI,3806310.0,2271508551.0,0.361,0.095
Malawi,1963,MWI,3900513.0,2232110031.0,0.347,0.089
Malawi,1964,MWI,3997309.0,2182864696.0,0.33,0.082
Malawi,1965,MWI,4096158.0,2477622116.0,0.348,0.085
Malawi,1966,MWI,4197929.0,2731617000.0,0.429,0.102
Malawi,1967,MWI,4303018.0,3009892016.0,0.366,0.085
Malawi,1968,MWI,4411055.0,2978077481.0,0.388,0.088
Malawi,1969,MWI,4521184.0,3171730840.0,0.381,0.084
Malawi,1970,MWI,4633949.0,3214248214.0,0.454,0.098
Malawi,1971,MWI,4751441.0,3676480531.0,0.502,0.106
Malawi,1972,MWI,4874479.0,4051326779.0,0.546,0.112
Malawi,1973,MWI,5003935.0,4390891750.0,0.571,0.114
Malawi,1974,MWI,5141342.0,4707626187.0,0.549,0.107
Malawi,1975,MWI,5287371.0,4966366682.0,0.578,0.109
Malawi,1976,MWI,5443390.0,5209986278.0,0.582,0.107
Malawi,1977,MWI,5614993.0,5479841134.0,0.637,0.113
Malawi,1978,MWI,5810135.0,5968533046.0,0.67,0.115
Malawi,1979,MWI,6028750.0,6247623422.0,0.637,0.106
Malawi,1980,MWI,6265529.0,6283546255.0,0.71,0.113
Malawi,1981,MWI,6516460.0,5974818444.0,0.604,0.093
Malawi,1982,MWI,6778885.0,6028067101.0,0.593,0.087
Malawi,1983,MWI,7051707.0,6284869099.0,0.575,0.081
Malawi,1984,MWI,7332811.0,6571625463.0,0.556,0.076
Malawi,1985,MWI,7620509.0,7081270546.0,0.556,0.073
Malawi,1986,MWI,7906485.0,7121540917.0,0.552,0.07
Malawi,1987,MWI,8293173.0,7284503198.0,0.545,0.066
Malawi,1988,MWI,8753265.0,7481570101.0,0.541,0.062
Malawi,1989,MWI,9176223.0,7846863187.0,0.563,0.061
Malawi,1990,MWI,9545860.0,8210711250.0,0.737,0.077
Malawi,1991,MWI,9844228.0,8902464020.0,0.787,0.08
Malawi,1992,MWI,10135082.0,8227066430.0,0.787,0.078
Malawi,1993,MWI,10284027.0,9004543312.0,0.879,0.085
Malawi,1994,MWI,10164899.0,8059879526.0,0.902,0.089
Malawi,1995,MWI,10150122.0,9155587639.0,0.903,0.089
Malawi,1996,MWI,10352227.0,10064712785.0,0.92,0.089
Malawi,1997,MWI,10562035.0,10717042869.0,0.918,0.087
Malawi,1998,MWI,10792877.0,10822285917.0,0.902,0.084
Malawi,1999,MWI,11047812.0,11194866591.0,0.893,0.081
Malawi,2000,MWI,11315947.0,11274206470.0,0.854,0.075
Malawi,2001,MWI,11593057.0,10808318915.0,0.777,0.067
Malawi,2002,MWI,11880443.0,10984271331.0,0.856,0.072
Malawi,2003,MWI,12181575.0,11581699921.0,0.915,0.075
Malawi,2004,MWI,12500736.0,12176822884.0,0.902,0.072
Malawi,2005,MWI,12840034.0,12535229211.0,0.845,0.066
Malawi,2006,MWI,13198699.0,13079496449.0,0.851,0.065
Malawi,2007,MWI,13576344.0,14282894527.0,0.919,0.068
Malawi,2008,MWI,13976415.0,15293785292.0,0.999,0.071
Malawi,2009,MWI,14395788.0,16486871191.0,1.018,0.071
Malawi,2010,MWI,14826466.0,17495879385.0,0.972,0.066
Malawi,2011,MWI,15265026.0,18220347468.0,1.034,0.068
Malawi,2012,MWI,15709577.0,18563980884.0,1.041,0.066
Malawi,2013,MWI,16161816.0,19529310978.0,1.12,0.069
Malawi,2014,MWI,16621534.0,20642483934.0,1.015,0.061
Malawi,2015,MWI,17085587.0,21251437245.0,1.05,0.061
Malawi,2016,MWI,17557741.0,21733841491.0,1.172,0.067
Malawi,2017,MWI,18039714.0,22603193649.0,1.193,0.066
Malawi,2018,MWI,18528086.0,23595927755.0,1.69,0.091
Malawi,2019,MWI,19025748.0,24881432457.0,1.695,0.089
Malawi,2020,MWI,19533885.0,25108605204.0,1.868,0.096
Malawi,2021,MWI,20047264.0,26255309111.0,1.682,0.084
Malawi,2022,MWI,20568731.0,26465351444.0,1.801,0.088
Malawi,2023,MWI,21104480.0,,1.853,0.088
Malawi,2024,MWI,21655288.0,,1.881,0.087
Malaysia,1950,MYS,6098285.0,15987990087.0,3.655,0.599
Malaysia,1951,MYS,6257415.0,15105320200.0,5.22,0.834
Malaysia,1952,MYS,6422851.0,15824946245.0,6.371,0.992
Malaysia,1953,MYS,6593945.0,15901921647.0,6.499,0.986
Malaysia,1954,MYS,6772374.0,16904214416.0,7.004,1.034
Malaysia,1955,MYS,6959959.0,17014372939.0,7.43,1.067
Malaysia,1956,MYS,7156627.0,18039671743.0,7.563,1.057
Malaysia,1957,MYS,7362818.0,17947285647.0,3.513,0.477
Malaysia,1958,MYS,7562886.0,17939274755.0,3.832,0.507
Malaysia,1959,MYS,7755779.0,19161572171.0,3.183,0.41
Malaysia,1960,MYS,7956201.0,20557094827.0,4.201,0.528
Malaysia,1961,MYS,8164448.0,21987712669.0,4.685,0.574
Malaysia,1962,MYS,8380174.0,23236757853.0,4.777,0.57
Malaysia,1963,MYS,8602166.0,24334880117.0,5.828,0.678
Malaysia,1964,MYS,8828416.0,25880615490.0,7.399,0.838
Malaysia,1965,MYS,9056415.0,27746653757.0,8.38,0.925
Malaysia,1966,MYS,9284693.0,29125219644.0,9.834,1.059
Malaysia,1967,MYS,9507107.0,29621778920.0,10.128,1.065
Malaysia,1968,MYS,9725283.0,32227313132.0,10.53,1.083
Malaysia,1969,MYS,9947604.0,34076719539.0,9.138,0.919
Malaysia,1970,MYS,10178802.0,36156455228.0,14.586,1.433
Malaysia,1971,MYS,10423466.0,38820382202.0,16.663,1.599
Malaysia,1972,MYS,10676839.0,41749894524.0,17.901,1.677
Malaysia,1973,MYS,10935622.0,47796126006.0,17.505,1.601
Malaysia,1974,MYS,11200903.0,51361123095.0,19.045,1.7
Malaysia,1975,MYS,11471914.0,51780284841.0,19.445,1.695
Malaysia,1976,MYS,11750093.0,58225279886.0,23.898,2.034
Malaysia,1977,MYS,12035716.0,62980902353.0,22.621,1.879
Malaysia,1978,MYS,12328158.0,68504296845.0,23.26,1.887
Malaysia,1979,MYS,12627866.0,74075579062.0,27.306,2.162
Malaysia,1980,MYS,12983365.0,80232405257.0,28.033,2.159
Malaysia,1981,MYS,13399206.0,85915667597.0,30.878,2.304
Malaysia,1982,MYS,13832796.0,91022694017.0,30.642,2.215
Malaysia,1983,MYS,14285914.0,96580487539.0,38.048,2.663
Malaysia,1984,MYS,14759013.0,104084238911.0,34.794,2.358
Malaysia,1985,MYS,15252262.0,103003214742.0,36.33,2.382
Malaysia,1986,MYS,15760425.0,104308422934.0,40.102,2.544
Malaysia,1987,MYS,16276735.0,109808531666.0,40.878,2.511
Malaysia,1988,MYS,16796612.0,119529208109.0,42.869,2.552
Malaysia,1989,MYS,17315003.0,130700372085.0,50.084,2.893
Malaysia,1990,MYS,17833179.0,143192117242.0,54.269,3.043
Malaysia,1991,MYS,18342474.0,157808067102.0,65.785,3.586
Malaysia,1992,MYS,18834569.0,173041788524.0,72.961,3.874
Malaysia,1993,MYS,19322667.0,191754981739.0,86.612,4.482
Malaysia,1994,MYS,19820446.0,211154262265.0,87.497,4.415
Malaysia,1995,MYS,20330602.0,233787220224.0,109.595,5.391
Malaysia,1996,MYS,20850085.0,259190306939.0,110.108,5.281
Malaysia,1997,MYS,21375225.0,280383835444.0,118.471,5.542
Malaysia,1998,MYS,21906713.0,261784096585.0,109.782,5.011
Malaysia,1999,MYS,22435532.0,279671618438.0,103.987,4.635
Malaysia,2000,MYS,22967817.0,305803211129.0,122.881,5.35
Malaysia,2001,MYS,23526535.0,309934494308.0,130.89,5.564
Malaysia,2002,MYS,24102477.0,329700338274.0,132.035,5.478
Malaysia,2003,MYS,24679604.0,350966698067.0,153.384,6.215
Malaysia,2004,MYS,25256773.0,377079435469.0,169.674,6.718
Malaysia,2005,MYS,25836075.0,399781035415.0,169.978,6.579
Malaysia,2006,MYS,26417909.0,426608936099.0,170.166,6.441
Malaysia,2007,MYS,26998383.0,458125848157.0,175.454,6.499
Malaysia,2008,MYS,27570052.0,485245105845.0,192.847,6.995
Malaysia,2009,MYS,28124779.0,483081319364.0,192.123,6.831
Malaysia,2010,MYS,28655772.0,525056610488.0,199.346,6.957
Malaysia,2011,MYS,29162034.0,557469657636.0,203.453,6.977
Malaysia,2012,MYS,29662835.0,587985572583.0,212.994,7.18
Malaysia,2013,MYS,30174269.0,615585637854.0,241.671,8.009
Malaysia,2014,MYS,30696133.0,652563833807.0,245.053,7.983
Malaysia,2015,MYS,31232796.0,685237676618.0,235.942,7.554
Malaysia,2016,MYS,31789692.0,715730748101.0,237.294,7.464
Malaysia,2017,MYS,32355642.0,757336192678.0,244.457,7.555
Malaysia,2018,MYS,32910963.0,794013962862.0,262.647,7.981
Malaysia,2019,MYS,33440590.0,829053844392.0,277.673,8.303
Malaysia,2020,MYS,33889554.0,783174020832.0,262.159,7.736
Malaysia,2021,MYS,34282404.0,807389756202.0,273.332,7.973
Malaysia,2022,MYS,34695494.0,877584198429.0,281.884,8.125
Malaysia,2023,MYS,35126295.0,,276.297,7.866
Malaysia,2024,MYS,35557670.0,,290.224,8.162
Maldives,1950,MDV,74461.0,,,
Maldives,1951,MDV,75730.0,,,
Maldives,1952,MDV,77077.0,,,
Maldives,1953,MDV,78509.0,,,
Maldives,1954,MDV,80010.0,,,
Maldives,1955,MDV,81619.0,,,
Maldives,1956,MDV,83317.0,,,
Maldives,1957,MDV,85136.0,,,
Maldives,1958,MDV,87054.0,,,
Maldives,1959,MDV,89075.0,,,
Maldives,1960,MDV,91203.0,,,
Maldives,1961,MDV,93464.0,,,
Maldives,1962,MDV,95817.0,,,
Maldives,1963,MDV,98236.0,,,
Maldives,1964,MDV,100673.0,,,
Maldives,1965,MDV,104116.0,,,
Maldives,1966,MDV,108528.0,,,
Maldives,1967,MDV,112543.0,,,
Maldives,1968,MDV,116092.0,,,
Maldives,1969,MDV,119581.0,,,
Maldives,1970,MDV,123240.0,,,
Maldives,1971,MDV,127052.0,,0.004,0.029
Maldives,1972,MDV,130979.0,,0.004,0.028
Maldives,1973,MDV,134971.0,,0.004,0.027
Maldives,1974,MDV,138994.0,,0.004,0.026
Maldives,1975,MDV,143169.0,,0.007,0.051
Maldives,1976,MDV,147539.0,,0.011,0.075
Maldives,1977,MDV,151943.0,,0.015,0.096
Maldives,1978,MDV,156169.0,,0.022,0.141
Maldives,1979,MDV,160372.0,,0.029,0.183
Maldives,1980,MDV,164844.0,,0.044,0.267
Maldives,1981,MDV,169544.0,,0.048,0.281
Maldives,1982,MDV,174341.0,,0.048,0.273
Maldives,1983,MDV,179141.0,,0.051,0.286
Maldives,1984,MDV,184212.0,,0.059,0.318
Maldives,1985,MDV,190182.0,,0.066,0.347
Maldives,1986,MDV,196949.0,,0.081,0.409
Maldives,1987,MDV,203961.0,,0.081,0.395
Maldives,1988,MDV,210899.0,,0.095,0.452
Maldives,1989,MDV,217749.0,,0.125,0.572
Maldives,1990,MDV,224772.0,,0.169,0.75
Maldives,1991,MDV,231810.0,,0.154,0.664
Maldives,1992,MDV,238559.0,,0.231,0.968
Maldives,1993,MDV,244893.0,,0.194,0.793
Maldives,1994,MDV,250831.0,,0.198,0.789
Maldives,1995,MDV,256660.0,,0.249,0.971
Maldives,1996,MDV,262354.0,,0.289,1.103
Maldives,1997,MDV,267711.0,,0.33,1.232
Maldives,1998,MDV,272734.0,,0.3,1.102
Maldives,1999,MDV,277423.0,,0.421,1.519
Maldives,2000,MDV,282025.0,,0.451,1.598
Maldives,2001,MDV,286778.0,,0.462,1.61
Maldives,2002,MDV,291631.0,,0.59,2.023
Maldives,2003,MDV,296497.0,,0.509,1.718
Maldives,2004,MDV,301416.0,,0.663,2.2
Maldives,2005,MDV,306429.0,,0.601,1.961
Maldives,2006,MDV,313866.0,,0.744,2.37
Maldives,2007,MDV,324489.0,,0.78,2.405
Maldives,2008,MDV,336178.0,,0.839,2.496
Maldives,2009,MDV,348282.0,,0.883,2.535
Maldives,2010,MDV,360802.0,,0.931,2.579
Maldives,2011,MDV,373683.0,,0.986,2.638
Maldives,2012,MDV,386821.0,,1.11,2.87
Maldives,2013,MDV,400077.0,,1.096,2.738
Maldives,2014,MDV,413623.0,,1.319,3.189
Maldives,2015,MDV,428165.0,,1.282,2.995
Maldives,2016,MDV,443316.0,,1.433,3.232
Maldives,2017,MDV,458297.0,,1.513,3.302
Maldives,2018,MDV,473106.0,,1.737,3.671
Maldives,2019,MDV,487737.0,,1.993,4.087
Maldives,2020,MDV,502127.0,,1.678,3.342
Maldives,2021,MDV,516163.0,,1.997,3.869
Maldives,2022,MDV,524116.0,,2.216,4.228
Maldives,2023,MDV,526009.0,,2.205,4.193
Maldives,2024,MDV,527801.0,,2.306,4.369
Mali,1950,MLI,4696914.0,2684612150.0,,
Mali,1951,MLI,4766702.0,2783410092.0,,
Mali,1952,MLI,4836366.0,2885086371.0,,
Mali,1953,MLI,4904800.0,2993628592.0,,
Mali,1954,MLI,4972911.0,3105356609.0,,
Mali,1955,MLI,5041937.0,3220355660.0,,
Mali,1956,MLI,5111984.0,3334558659.0,,
Mali,1957,MLI,5183132.0,3456275578.0,,
Mali,1958,MLI,5253467.0,3585846406.0,,
Mali,1959,MLI,5325646.0,3723623293.0,0.048,0.009
Mali,1960,MLI,5402550.0,3825021861.0,0.121,0.022
Mali,1961,MLI,5482288.0,3851526738.0,0.117,0.021
Mali,1962,MLI,5563921.0,3869142517.0,0.139,0.025
Mali,1963,MLI,5646606.0,4135129280.0,0.176,0.031
Mali,1964,MLI,5730130.0,4328650957.0,0.176,0.031
Mali,1965,MLI,5815483.0,4385209333.0,0.198,0.034
Mali,1966,MLI,5902209.0,4570413721.0,0.191,0.032
Mali,1967,MLI,5990908.0,4726338715.0,0.224,0.037
Mali,1968,MLI,6082987.0,4898682337.0,0.198,0.033
Mali,1969,MLI,6177698.0,4876830496.0,0.161,0.026
Mali,1970,MLI,6276476.0,5180024655.0,0.202,0.032
Mali,1971,MLI,6377945.0,5359572114.0,0.227,0.036
Mali,1972,MLI,6483730.0,5632969182.0,0.245,0.038
Mali,1973,MLI,6597114.0,5496109322.0,0.267,0.041
Mali,1974,MLI,6715435.0,5363370456.0,0.304,0.045
Mali,1975,MLI,6837265.0,6105587876.0,0.341,0.05
Mali,1976,MLI,6960979.0,6938859101.0,0.34,0.049
Mali,1977,MLI,7090985.0,7410137082.0,0.413,0.058
Mali,1978,MLI,7229654.0,7211770415.0,0.395,0.055
Mali,1979,MLI,7375272.0,8945925996.0,0.428,0.058
Mali,1980,MLI,7530522.0,7893522507.0,0.391,0.052
Mali,1981,MLI,7692763.0,7633887685.0,0.395,0.051
Mali,1982,MLI,7860196.0,7198211831.0,0.365,0.046
Mali,1983,MLI,8034400.0,7514189774.0,0.417,0.052
Mali,1984,MLI,8208599.0,7840598994.0,0.435,0.053
Mali,1985,MLI,8374661.0,8016484201.0,0.405,0.048
Mali,1986,MLI,8531272.0,8528636535.0,0.38,0.044
Mali,1987,MLI,8681167.0,8685988928.0,0.358,0.041
Mali,1988,MLI,8834001.0,8679173414.0,0.383,0.043
Mali,1989,MLI,8999935.0,9552949340.0,0.416,0.046
Mali,1990,MLI,9178826.0,9628796516.0,0.422,0.046
Mali,1991,MLI,9362885.0,10269524230.0,0.426,0.045
Mali,1992,MLI,9553540.0,9995131433.0,0.463,0.048
Mali,1993,MLI,9754786.0,10249532964.0,0.503,0.052
Mali,1994,MLI,9967035.0,10520791586.0,0.548,0.055
Mali,1995,MLI,10185368.0,10736646746.0,0.595,0.058
Mali,1996,MLI,10407274.0,11389964147.0,0.646,0.062
Mali,1997,MLI,10646499.0,11793168043.0,0.723,0.068
Mali,1998,MLI,10919577.0,12008585843.0,0.931,0.085
Mali,1999,MLI,11227420.0,12634193722.0,0.971,0.086
Mali,2000,MLI,11559291.0,12490372339.0,1.066,0.092
Mali,2001,MLI,11912162.0,14257391001.0,1.161,0.098
Mali,2002,MLI,12288051.0,14544531770.0,1.209,0.098
Mali,2003,MLI,12684951.0,15730792757.0,1.246,0.098
Mali,2004,MLI,13102415.0,15828925288.0,1.414,0.108
Mali,2005,MLI,13538648.0,16700213321.0,1.458,0.108
Mali,2006,MLI,13990143.0,17320423242.0,1.535,0.11
Mali,2007,MLI,14457776.0,17779653731.0,1.784,0.123
Mali,2008,MLI,14940786.0,18486110807.0,1.957,0.131
Mali,2009,MLI,15435536.0,19186286887.0,1.887,0.122
Mali,2010,MLI,15945201.0,20054729287.0,2.088,0.131
Mali,2011,MLI,16469054.0,20518694824.0,2.279,0.138
Mali,2012,MLI,16957039.0,20347159384.0,2.437,0.144
Mali,2013,MLI,17459619.0,20814126326.0,2.743,0.157
Mali,2014,MLI,18020267.0,22288805151.0,3.139,0.174
Mali,2015,MLI,18593022.0,23664472662.0,3.399,0.183
Mali,2016,MLI,19191298.0,25049317347.0,4.286,0.223
Mali,2017,MLI,19813016.0,26378184458.0,4.767,0.241
Mali,2018,MLI,20442031.0,27630093375.0,5.198,0.254
Mali,2019,MLI,21068405.0,28946666484.0,5.594,0.266
Mali,2020,MLI,21713837.0,28586570096.0,6.33,0.292
Mali,2021,MLI,22388637.0,29459890071.0,7.393,0.33
Mali,2022,MLI,23072641.0,30551085997.0,7.02,0.304
Mali,2023,MLI,23769130.0,,6.743,0.284
Mali,2024,MLI,24478597.0,,6.979,0.285
Malta,1950,MLT,294685.0,490733516.0,0.245,0.833
Malta,1951,MLT,300461.0,513364725.0,0.256,0.854
Malta,1952,MLT,304913.0,538568898.0,0.242,0.793
Malta,1953,MLT,309348.0,564384166.0,0.231,0.746
Malta,1954,MLT,313752.0,589687204.0,0.308,0.981
Malta,1955,MLT,318149.0,606732146.0,0.341,1.071
Malta,1956,MLT,322464.0,675241920.0,0.297,0.92
Malta,1957,MLT,326702.0,683462158.0,0.311,0.953
Malta,1958,MLT,329414.0,725974705.0,0.33,1.001
Malta,1959,MLT,330361.0,739990099.0,0.388,1.176
Malta,1960,MLT,330832.0,782856006.0,0.341,1.03
Malta,1961,MLT,330855.0,776424303.0,0.293,0.886
Malta,1962,MLT,330499.0,743564829.0,0.33,0.998
Malta,1963,MLT,329815.0,742526501.0,0.41,1.244
Malta,1964,MLT,328794.0,758173721.0,0.498,1.516
Malta,1965,MLT,327407.0,810357399.0,0.473,1.444
Malta,1966,MLT,325677.0,897839080.0,0.414,1.271
Malta,1967,MLT,323820.0,960179016.0,0.52,1.607
Malta,1968,MLT,323515.0,1056411478.0,0.638,1.971
Malta,1969,MLT,324762.0,1124134742.0,0.652,2.008
Malta,1970,MLT,326017.0,1266137841.0,0.663,2.034
Malta,1971,MLT,327300.0,1297640864.0,0.66,2.015
Malta,1972,MLT,328617.0,1373229538.0,0.839,2.553
Malta,1973,MLT,330059.0,1429604452.0,0.806,2.442
Malta,1974,MLT,331686.0,1573297147.0,0.744,2.242
Malta,1975,MLT,333458.0,1881157456.0,0.667,2.0
Malta,1976,MLT,335291.0,2201402162.0,0.762,2.273
Malta,1977,MLT,337169.0,2469906978.0,0.802,2.38
Malta,1978,MLT,339069.0,2745470966.0,0.934,2.756
Malta,1979,MLT,340974.0,3033430681.0,0.905,2.654
Malta,1980,MLT,342882.0,3246888983.0,1.022,2.981
Malta,1981,MLT,344754.0,3354326122.0,1.143,3.316
Malta,1982,MLT,346653.0,3431474627.0,1.312,3.784
Malta,1983,MLT,348598.0,3410440076.0,0.997,2.859
Malta,1984,MLT,350555.0,3442460041.0,1.363,3.888
Malta,1985,MLT,352567.0,3531468878.0,1.198,3.398
Malta,1986,MLT,355082.0,3668679000.0,1.484,4.179
Malta,1987,MLT,358089.0,3819621288.0,1.854,5.177
Malta,1988,MLT,361226.0,4140703382.0,2.012,5.569
Malta,1989,MLT,364530.0,4479557036.0,2.169,5.95
Malta,1990,MLT,367913.0,4761399641.0,2.427,6.598
Malta,1991,MLT,371335.0,5017928103.0,2.272,6.118
Malta,1992,MLT,374805.0,5251067551.0,2.294,6.119
Malta,1993,MLT,378222.0,5496706096.0,2.886,7.629
Malta,1994,MLT,381467.0,5813472890.0,2.658,6.969
Malta,1995,MLT,384559.0,6198303778.0,2.452,6.377
Malta,1996,MLT,387627.0,6430283255.0,2.534,6.537
Malta,1997,MLT,390687.0,6769141339.0,2.556,6.543
Malta,1998,MLT,393782.0,7118691053.0,2.525,6.412
Malta,1999,MLT,396897.0,7456060205.0,2.573,6.482
Malta,2000,MLT,399905.0,7963752394.0,2.468,6.172
Malta,2001,MLT,402788.0,8019470830.0,2.737,6.794
Malta,2002,MLT,405571.0,8259626928.0,2.747,6.774
Malta,2003,MLT,408236.0,8473515195.0,2.961,7.253
Malta,2004,MLT,410800.0,8512522890.0,2.849,6.935
Malta,2005,MLT,413324.0,8839849182.0,2.65,6.411
Malta,2006,MLT,415463.0,9004655302.0,2.655,6.391
Malta,2007,MLT,417201.0,9368888474.0,2.728,6.538
Malta,2008,MLT,418969.0,9685986656.0,2.721,6.495
Malta,2009,MLT,420800.0,9450779381.0,2.561,6.086
Malta,2010,MLT,422654.0,9788869399.0,2.619,6.197
Malta,2011,MLT,424635.0,9930574943.0,2.608,6.142
Malta,2012,MLT,426616.0,10339580228.0,2.749,6.444
Malta,2013,MLT,428457.0,10905471410.0,2.43,5.671
Malta,2014,MLT,434494.0,11737898948.0,2.417,5.564
Malta,2015,MLT,444978.0,12865695938.0,1.697,3.815
Malta,2016,MLT,455276.0,13300698899.0,1.376,3.022
Malta,2017,MLT,467902.0,14746505042.0,1.537,3.285
Malta,2018,MLT,484560.0,15659758064.0,1.548,3.194
Malta,2019,MLT,504017.0,16757308198.0,1.649,3.272
Malta,2020,MLT,518212.0,15314071319.0,1.601,3.089
Malta,2021,MLT,524383.0,17122043843.0,1.611,3.073
Malta,2022,MLT,528194.0,18295132993.0,1.774,3.359
Malta,2023,MLT,532964.0,,1.768,3.317
Malta,2024,MLT,539612.0,,1.729,3.204
Marshall Islands,1950,MHL,13019.0,,,
Marshall Islands,1951,MHL,13134.0,,,
Marshall Islands,1952,MHL,13240.0,,,
Marshall Islands,1953,MHL,13332.0,,,
Marshall Islands,1954,MHL,13413.0,,,
Marshall Islands,1955,MHL,13508.0,,,
Marshall Islands,1956,MHL,13594.0,,,
Marshall Islands,1957,MHL,13660.0,,,
Marshall Islands,1958,MHL,13826.0,,,
Marshall Islands,1959,MHL,14217.0,,,
Marshall Islands,1960,MHL,14728.0,,,
Marshall Islands,1961,MHL,15240.0,,,
Marshall Islands,1962,MHL,15782.0,,,
Marshall Islands,1963,MHL,16325.0,,,
Marshall Islands,1964,MHL,16881.0,,,
Marshall Islands,1965,MHL,17430.0,,,
Marshall Islands,1966,MHL,17947.0,,,
Marshall Islands,1967,MHL,18678.0,,,
Marshall Islands,1968,MHL,19889.0,,,
Marshall Islands,1969,MHL,21328.0,,,
Marshall Islands,1970,MHL,22552.0,,,
Marshall Islands,1971,MHL,23392.0,,,
Marshall Islands,1972,MHL,24015.0,,,
Marshall Islands,1973,MHL,24607.0,,,
Marshall Islands,1974,MHL,25318.0,,,
Marshall Islands,1975,MHL,26177.0,,,
Marshall Islands,1976,MHL,27040.0,,,
Marshall Islands,1977,MHL,27928.0,,,
Marshall Islands,1978,MHL,28831.0,,,
Marshall Islands,1979,MHL,29757.0,,,
Marshall Islands,1980,MHL,30793.0,,,
Marshall Islands,1981,MHL,32040.0,,,
Marshall Islands,1982,MHL,33418.0,,,
Marshall Islands,1983,MHL,34832.0,,,
Marshall Islands,1984,MHL,36282.0,,,
Marshall Islands,1985,MHL,37779.0,,,
Marshall Islands,1986,MHL,39307.0,,,
Marshall Islands,1987,MHL,40846.0,,,
Marshall Islands,1988,MHL,42338.0,,,
Marshall Islands,1989,MHL,43611.0,,,
Marshall Islands,1990,MHL,44648.0,,,
Marshall Islands,1991,MHL,45587.0,,,
Marshall Islands,1992,MHL,46406.0,,0.077,1.658
Marshall Islands,1993,MHL,47112.0,,0.081,1.711
Marshall Islands,1994,MHL,47731.0,,0.084,1.766
Marshall Islands,1995,MHL,48283.0,,0.088,1.821
Marshall Islands,1996,MHL,48795.0,,0.092,1.877
Marshall Islands,1997,MHL,49277.0,,0.092,1.859
Marshall Islands,1998,MHL,49732.0,,0.092,1.842
Marshall Islands,1999,MHL,50221.0,,0.092,1.824
Marshall Islands,2000,MHL,50721.0,,0.099,1.95
Marshall Islands,2001,MHL,51137.0,,0.103,2.006
Marshall Islands,2002,MHL,51441.0,,0.11,2.137
Marshall Islands,2003,MHL,51657.0,,0.11,2.128
Marshall Islands,2004,MHL,51803.0,,0.114,2.193
Marshall Islands,2005,MHL,51928.0,,0.114,2.187
Marshall Islands,2006,MHL,52011.0,,0.121,2.325
Marshall Islands,2007,MHL,52050.0,,0.128,2.464
Marshall Islands,2008,MHL,52049.0,,0.128,2.464
Marshall Islands,2009,MHL,52036.0,,0.132,2.535
Marshall Islands,2010,MHL,52064.0,,0.136,2.604
Marshall Islands,2011,MHL,51927.0,,0.136,2.611
Marshall Islands,2012,MHL,51438.0,,0.136,2.636
Marshall Islands,2013,MHL,50696.0,,0.139,2.746
Marshall Islands,2014,MHL,49815.0,,0.139,2.795
Marshall Islands,2015,MHL,48823.0,,0.143,2.927
Marshall Islands,2016,MHL,47730.0,,0.143,2.994
Marshall Islands,2017,MHL,46544.0,,0.147,3.149
Marshall Islands,2018,MHL,45307.0,,0.147,3.235
Marshall Islands,2019,MHL,44030.0,,0.147,3.329
Marshall Islands,2020,MHL,42728.0,,0.147,3.43
Marshall Islands,2021,MHL,41387.0,,0.147,3.541
Marshall Islands,2022,MHL,40094.0,,0.148,3.702
Marshall Islands,2023,MHL,38849.0,,0.148,3.802
Marshall Islands,2024,MHL,37572.0,,0.154,4.112
Mauritania,1950,MRT,657722.0,683074000.0,,
Mauritania,1951,MRT,670891.0,707772000.0,,
Mauritania,1952,MRT,684812.0,733491000.0,,
Mauritania,1953,MRT,699392.0,759552000.0,,
Mauritania,1954,MRT,714679.0,787752000.0,,
Mauritania,1955,MRT,730730.0,817128000.0,,
Mauritania,1956,MRT,747615.0,848805000.0,,
Mauritania,1957,MRT,765353.0,878832000.0,,
Mauritania,1958,MRT,783999.0,912330000.0,,
Mauritania,1959,MRT,803611.0,946374000.0,0.033,0.041
Mauritania,1960,MRT,824307.0,1019821000.0,0.037,0.044
Mauritania,1961,MRT,846174.0,1194260000.0,0.048,0.056
Mauritania,1962,MRT,869192.0,1168793000.0,0.062,0.072
Mauritania,1963,MRT,893425.0,1096928000.0,0.088,0.098
Mauritania,1964,MRT,918957.0,1423024000.0,0.117,0.128
Mauritania,1965,MRT,945847.0,1622810000.0,0.161,0.17
Mauritania,1966,MRT,974159.0,1630140000.0,0.18,0.184
Mauritania,1967,MRT,1003858.0,1688932000.0,0.198,0.197
Mauritania,1968,MRT,1034748.0,1837279000.0,0.234,0.227
Mauritania,1969,MRT,1066763.0,1808325000.0,0.275,0.258
Mauritania,1970,MRT,1099815.0,1995372000.0,0.429,0.39
Mauritania,1971,MRT,1133708.0,2009763000.0,0.399,0.352
Mauritania,1972,MRT,1168359.0,2014163000.0,0.447,0.383
Mauritania,1973,MRT,1203840.0,1997388000.0,0.469,0.39
Mauritania,1974,MRT,1240193.0,2166600000.0,0.484,0.39
Mauritania,1975,MRT,1277335.0,2385396000.0,0.509,0.399
Mauritania,1976,MRT,1315341.0,2543970000.0,0.517,0.393
Mauritania,1977,MRT,1353771.0,2536352000.0,0.557,0.411
Mauritania,1978,MRT,1392716.0,2346204000.0,0.583,0.418
Mauritania,1979,MRT,1432762.0,2582884000.0,0.605,0.422
Mauritania,1980,MRT,1474046.0,2598690000.0,0.63,0.428
Mauritania,1981,MRT,1516883.0,2704692000.0,0.634,0.418
Mauritania,1982,MRT,1561183.0,2495376000.0,0.883,0.566
Mauritania,1983,MRT,1606748.0,2559344000.0,0.938,0.584
Mauritania,1984,MRT,1653696.0,2503910000.0,0.872,0.527
Mauritania,1985,MRT,1702110.0,2587946000.0,0.656,0.385
Mauritania,1986,MRT,1751843.0,2739492000.0,0.374,0.213
Mauritania,1987,MRT,1803016.0,2799555000.0,3.243,1.798
Mauritania,1988,MRT,1855862.0,2834517000.0,3.184,1.716
Mauritania,1989,MRT,1903059.0,2940274000.0,2.803,1.473
Mauritania,1990,MRT,1951881.0,2908675000.0,0.854,0.437
Mauritania,1991,MRT,2009739.0,3053303240.0,0.868,0.432
Mauritania,1992,MRT,2088143.0,3186885725.0,0.905,0.433
Mauritania,1993,MRT,2174333.0,3536022015.0,0.927,0.426
Mauritania,1994,MRT,2249462.0,3783132604.0,0.959,0.427
Mauritania,1995,MRT,2312027.0,3768651979.0,1.015,0.439
Mauritania,1996,MRT,2358193.0,4253698601.0,1.063,0.451
Mauritania,1997,MRT,2411316.0,4166595327.0,1.077,0.447
Mauritania,1998,MRT,2474650.0,4371026651.0,1.074,0.434
Mauritania,1999,MRT,2541700.0,4762456974.0,1.096,0.431
Mauritania,2000,MRT,2613450.0,4838789905.0,1.114,0.426
Mauritania,2001,MRT,2678766.0,5040767611.0,1.172,0.438
Mauritania,2002,MRT,2738659.0,5178324094.0,1.249,0.456
Mauritania,2003,MRT,2802050.0,5603753283.0,1.286,0.459
Mauritania,2004,MRT,2868671.0,6050710140.0,1.385,0.483
Mauritania,2005,MRT,2939060.0,6728916707.0,1.434,0.488
Mauritania,2006,MRT,3013659.0,8166141817.0,1.55,0.514
Mauritania,2007,MRT,3093065.0,8570478345.0,1.758,0.568
Mauritania,2008,MRT,3183276.0,8846256694.0,1.831,0.575
Mauritania,2009,MRT,3284454.0,8935093258.0,2.012,0.613
Mauritania,2010,MRT,3390968.0,9559709837.0,2.094,0.617
Mauritania,2011,MRT,3502813.0,10187328000.0,2.227,0.636
Mauritania,2012,MRT,3619035.0,10792467000.0,2.448,0.676
Mauritania,2013,MRT,3734324.0,11410722000.0,2.169,0.581
Mauritania,2014,MRT,3848511.0,12165303000.0,2.563,0.666
Mauritania,2015,MRT,3965959.0,12316128000.0,3.002,0.757
Mauritania,2016,MRT,4086655.0,12416318727.0,2.624,0.642
Mauritania,2017,MRT,4210603.0,13137043588.0,3.581,0.851
Mauritania,2018,MRT,4337685.0,13699199188.0,4.444,1.025
Mauritania,2019,MRT,4467714.0,14424796068.0,4.613,1.033
Mauritania,2020,MRT,4600136.0,14289417678.0,4.782,1.039
Mauritania,2021,MRT,4734874.0,14638845766.0,4.5,0.95
Mauritania,2022,MRT,4875644.0,15674544913.0,5.267,1.08
Mauritania,2023,MRT,5022442.0,,5.037,1.003
Mauritania,2024,MRT,5169403.0,,5.239,1.013
Mauritius,1950,MUS,525560.0,1897166296.0,0.202,0.383
Mauritius,1951,MUS,541172.0,2005340993.0,0.139,0.257
Mauritius,1952,MUS,557187.0,2067257233.0,0.176,0.316
Mauritius,1953,MUS,571925.0,2147444369.0,0.187,0.327
Mauritius,1954,MUS,585487.0,2268535773.0,0.187,0.319
Mauritius,1955,MUS,599593.0,2340984580.0,0.128,0.214
Mauritius,1956,MUS,614565.0,2429782889.0,0.22,0.358
Mauritius,1957,MUS,630414.0,2522198889.0,0.22,0.349
Mauritius,1958,MUS,647158.0,2593491009.0,0.209,0.323
Mauritius,1959,MUS,664841.0,2743225513.0,0.224,0.336
Mauritius,1960,MUS,680332.0,2915554701.0,0.18,0.264
Mauritius,1961,MUS,692533.0,3579466118.0,0.187,0.27
Mauritius,1962,MUS,705283.0,3606026258.0,0.253,0.358
Mauritius,1963,MUS,720357.0,4108479384.0,0.209,0.29
Mauritius,1964,MUS,736546.0,3825201707.0,0.308,0.418
Mauritius,1965,MUS,752668.0,3949144935.0,0.304,0.404
Mauritius,1966,MUS,768652.0,3809641227.0,0.275,0.358
Mauritius,1967,MUS,784260.0,3974170920.0,0.498,0.635
Mauritius,1968,MUS,799288.0,3700822562.0,0.638,0.798
Mauritius,1969,MUS,813740.0,3882656359.0,0.572,0.702
Mauritius,1970,MUS,827700.0,3867180218.0,0.498,0.602
Mauritius,1971,MUS,841116.0,4040543417.0,0.396,0.47
Mauritius,1972,MUS,853610.0,4365640671.0,0.689,0.807
Mauritius,1973,MUS,865153.0,4881502729.0,0.678,0.783
Mauritius,1974,MUS,876473.0,5272937048.0,0.692,0.79
Mauritius,1975,MUS,888031.0,5339329821.0,0.59,0.664
Mauritius,1976,MUS,899858.0,6521698916.0,0.619,0.688
Mauritius,1977,MUS,912153.0,6948120435.0,0.641,0.703
Mauritius,1978,MUS,925287.0,7214676055.0,0.63,0.681
Mauritius,1979,MUS,939395.0,7468043075.0,0.66,0.702
Mauritius,1980,MUS,954221.0,6716995891.0,0.59,0.618
Mauritius,1981,MUS,969222.0,7111819111.0,0.542,0.559
Mauritius,1982,MUS,983609.0,7502798353.0,0.502,0.51
Mauritius,1983,MUS,997375.0,7532347208.0,0.597,0.599
Mauritius,1984,MUS,1011247.0,7891903455.0,0.627,0.62
Mauritius,1985,MUS,1025066.0,8434796212.0,0.707,0.69
Mauritius,1986,MUS,1038348.0,9255125523.0,0.799,0.769
Mauritius,1987,MUS,1051115.0,10196916210.0,0.931,0.885
Mauritius,1988,MUS,1063596.0,10886205928.0,0.854,0.803
Mauritius,1989,MUS,1075985.0,11383072322.0,1.052,0.977
Mauritius,1990,MUS,1089033.0,12196699680.0,1.462,1.342
Mauritius,1991,MUS,1103050.0,12478462632.0,1.521,1.379
Mauritius,1992,MUS,1117676.0,13020302423.0,1.707,1.528
Mauritius,1993,MUS,1132397.0,13435064889.0,1.773,1.566
Mauritius,1994,MUS,1146559.0,13759079701.0,1.623,1.416
Mauritius,1995,MUS,1159824.0,14115290935.0,1.828,1.576
Mauritius,1996,MUS,1172390.0,14579957121.0,1.949,1.663
Mauritius,1997,MUS,1184304.0,15156261651.0,1.997,1.686
Mauritius,1998,MUS,1195111.0,15794127997.0,2.169,1.815
Mauritius,1999,MUS,1205903.0,15922518933.0,2.426,2.011
Mauritius,2000,MUS,1216632.0,16933370565.0,2.689,2.211
Mauritius,2001,MUS,1225807.0,17203931989.0,2.862,2.334
Mauritius,2002,MUS,1234090.0,17186721600.0,2.884,2.337
Mauritius,2003,MUS,1242094.0,17869390349.0,3.059,2.463
Mauritius,2004,MUS,1249799.0,18313509621.0,3.089,2.471
Mauritius,2005,MUS,1257215.0,18306765429.0,3.294,2.62
Mauritius,2006,MUS,1263785.0,18846649433.0,3.627,2.87
Mauritius,2007,MUS,1269522.0,19573401107.0,3.686,2.903
Mauritius,2008,MUS,1274635.0,20249055784.0,3.767,2.955
Mauritius,2009,MUS,1278976.0,20448211941.0,3.708,2.899
Mauritius,2010,MUS,1282710.0,20850923367.0,3.913,3.051
Mauritius,2011,MUS,1286270.0,21190874379.0,3.917,3.045
Mauritius,2012,MUS,1289174.0,21931705213.0,3.964,3.075
Mauritius,2013,MUS,1290988.0,22668609990.0,4.067,3.15
Mauritius,2014,MUS,1292006.0,23536142578.0,4.206,3.256
Mauritius,2015,MUS,1292283.0,24404852680.0,4.21,3.258
Mauritius,2016,MUS,1291807.0,25347373765.0,4.342,3.361
Mauritius,2017,MUS,1290654.0,26345551590.0,4.54,3.517
Mauritius,2018,MUS,1288836.0,27401224769.0,4.455,3.457
Mauritius,2019,MUS,1286269.0,28193387492.0,4.525,3.518
Mauritius,2020,MUS,1283231.0,24077716198.0,3.8,2.961
Mauritius,2021,MUS,1279628.0,24920195118.0,3.968,3.101
Mauritius,2022,MUS,1276134.0,26988574640.0,4.317,3.383
Mauritius,2023,MUS,1273591.0,,4.588,3.602
Mauritius,2024,MUS,1271171.0,,4.674,3.677
Mexico,1950,MEX,27587941.0,99982980703.0,30.508,1.106
Mexico,1951,MEX,28320487.0,107605068859.0,34.889,1.232
Mexico,1952,MEX,29090173.0,111714836601.0,37.212,1.279
Mexico,1953,MEX,29899242.0,111774668027.0,36.707,1.228
Mexico,1954,MEX,30753012.0,123074545246.0,36.27,1.179
Mexico,1955,MEX,31650600.0,133695451093.0,39.662,1.253
Mexico,1956,MEX,32587939.0,143014020746.0,42.134,1.293
Mexico,1957,MEX,33562718.0,154173452890.0,49.278,1.468
Mexico,1958,MEX,34575074.0,162674931015.0,54.008,1.562
Mexico,1959,MEX,35627261.0,167866106402.0,58.287,1.636
Mexico,1960,MEX,36724614.0,182206273949.0,63.052,1.717
Mexico,1961,MEX,37890125.0,191492759863.0,65.24,1.722
Mexico,1962,MEX,39129204.0,200713965234.0,63.744,1.629
Mexico,1963,MEX,40424068.0,217178571468.0,66.292,1.64
Mexico,1964,MEX,41772051.0,243167759785.0,74.2,1.776
Mexico,1965,MEX,43174476.0,258981939835.0,75.168,1.741
Mexico,1966,MEX,44629105.0,276900100585.0,80.845,1.811
Mexico,1967,MEX,46129602.0,294308765296.0,90.006,1.951
Mexico,1968,MEX,47668308.0,318504951750.0,93.887,1.97
Mexico,1969,MEX,49233192.0,338814352898.0,102.176,2.075
Mexico,1970,MEX,50814958.0,362723648906.0,113.951,2.242
Mexico,1971,MEX,52412564.0,376060509000.0,126.182,2.407
Mexico,1972,MEX,54030172.0,406222029781.0,132.261,2.448
Mexico,1973,MEX,55667287.0,437262843710.0,144.04,2.588
Mexico,1974,MEX,57320150.0,461217273621.0,154.701,2.699
Mexico,1975,MEX,58982403.0,486091833515.0,164.104,2.782
Mexico,1976,MEX,60645513.0,505910534144.0,183.693,3.029
Mexico,1977,MEX,62308499.0,521365328351.0,192.338,3.087
Mexico,1978,MEX,63979053.0,567422138164.0,222.048,3.471
Mexico,1979,MEX,65648868.0,621948418625.0,240.175,3.658
Mexico,1980,MEX,67300338.0,678622094789.0,267.645,3.977
Mexico,1981,MEX,68892107.0,737336121156.0,283.587,4.116
Mexico,1982,MEX,70433258.0,733602880000.0,303.764,4.313
Mexico,1983,MEX,71971238.0,708391996437.0,277.43,3.855
Mexico,1984,MEX,73506848.0,734058534890.0,276.491,3.761
Mexico,1985,MEX,75043415.0,751167311914.0,287.181,3.827
Mexico,1986,MEX,76585638.0,728181074789.0,293.219,3.829
Mexico,1987,MEX,78136652.0,741613787687.0,305.79,3.914
Mexico,1988,MEX,79695526.0,751820202312.0,305.418,3.832
Mexico,1989,MEX,81247174.0,782981323125.0,323.216,3.978
Mexico,1990,MEX,82820170.0,823577476195.0,316.746,3.825
Mexico,1991,MEX,84430565.0,865148747123.0,329.831,3.907
Mexico,1992,MEX,86044806.0,902108311201.0,332.453,3.864
Mexico,1993,MEX,87653817.0,925343285645.0,337.722,3.853
Mexico,1994,MEX,89259202.0,972991932169.0,351.534,3.938
Mexico,1995,MEX,90862449.0,916478942218.0,330.905,3.642
Mexico,1996,MEX,92452700.0,971219776949.0,341.544,3.694
Mexico,1997,MEX,94021204.0,1045710706219.0,362.466,3.855
Mexico,1998,MEX,95575242.0,1105636637948.0,381.102,3.987
Mexico,1999,MEX,97115710.0,1156619631372.0,386.036,3.975
Mexico,2000,MEX,98625553.0,1241194674661.0,391.435,3.969
Mexico,2001,MEX,100099101.0,1251502726420.0,407.485,4.071
Mexico,2002,MEX,101548627.0,1275458026881.0,410.301,4.04
Mexico,2003,MEX,102978517.0,1306677417369.0,435.969,4.234
Mexico,2004,MEX,104394131.0,1373060298988.0,438.588,4.201
Mexico,2005,MEX,105811504.0,1427140428046.0,463.436,4.38
Mexico,2006,MEX,107253666.0,1510732401129.0,474.523,4.424
Mexico,2007,MEX,108774356.0,1572479287017.0,473.595,4.354
Mexico,2008,MEX,110374286.0,1607479004533.0,472.981,4.285
Mexico,2009,MEX,111999720.0,1543820957956.0,460.29,4.11
Mexico,2010,MEX,113623898.0,1638271507559.0,456.409,4.017
Mexico,2011,MEX,115243503.0,1716088331953.0,483.302,4.194
Mexico,2012,MEX,116818208.0,1774999946047.0,501.492,4.293
Mexico,2013,MEX,118343572.0,1803059285337.0,495.412,4.186
Mexico,2014,MEX,119784265.0,1854551091374.0,484.045,4.041
Mexico,2015,MEX,121072310.0,1916008739051.0,479.434,3.96
Mexico,2016,MEX,122251344.0,1961906742138.0,478.828,3.917
Mexico,2017,MEX,123400052.0,2007719438156.0,464.407,3.763
Mexico,2018,MEX,124573713.0,2051539127317.0,468.421,3.76
Mexico,2019,MEX,125762978.0,2047701179708.0,468.236,3.723
Mexico,2020,MEX,126799053.0,1880176557054.0,428.937,3.383
Mexico,2021,MEX,127648151.0,1973141022977.0,446.838,3.501
Mexico,2022,MEX,128613116.0,2033437602787.0,453.799,3.528
Mexico,2023,MEX,129739761.0,,458.254,3.532
Mexico,2024,MEX,130861001.0,,460.988,3.523
Micronesia (country),1950,FSM,32128.0,,,
Micronesia (country),1951,FSM,33025.0,,,
Micronesia (country),1952,FSM,33953.0,,,
Micronesia (country),1953,FSM,34935.0,,,
Micronesia (country),1954,FSM,35943.0,,,
Micronesia (country),1955,FSM,36998.0,,,
Micronesia (country),1956,FSM,38101.0,,,
Micronesia (country),1957,FSM,39240.0,,,
Micronesia (country),1958,FSM,40425.0,,,
Micronesia (country),1959,FSM,41683.0,,,
Micronesia (country),1960,FSM,43081.0,,,
Micronesia (country),1961,FSM,44628.0,,,
Micronesia (country),1962,FSM,46239.0,,,
Micronesia (country),1963,FSM,47762.0,,,
Micronesia (country),1964,FSM,49198.0,,,
Micronesia (country),1965,FSM,50701.0,,,
Micronesia (country),1966,FSM,52276.0,,,
Micronesia (country),1967,FSM,53865.0,,,
Micronesia (country),1968,FSM,55480.0,,,
Micronesia (country),1969,FSM,57162.0,,,
Micronesia (country),1970,FSM,58943.0,,,
Micronesia (country),1971,FSM,60655.0,,,
Micronesia (country),1972,FSM,62293.0,,,
Micronesia (country),1973,FSM,64000.0,,,
Micronesia (country),1974,FSM,65763.0,,,
Micronesia (country),1975,FSM,67445.0,,,
Micronesia (country),1976,FSM,69067.0,,,
Micronesia (country),1977,FSM,70774.0,,,
Micronesia (country),1978,FSM,72772.0,,,
Micronesia (country),1979,FSM,75070.0,,,
Micronesia (country),1980,FSM,77421.0,,,
Micronesia (country),1981,FSM,79810.0,,,
Micronesia (country),1982,FSM,82236.0,,,
Micronesia (country),1983,FSM,84698.0,,,
Micronesia (country),1984,FSM,87196.0,,,
Micronesia (country),1985,FSM,89721.0,,,
Micronesia (country),1986,FSM,92275.0,,,
Micronesia (country),1987,FSM,94860.0,,,
Micronesia (country),1988,FSM,97110.0,,,
Micronesia (country),1989,FSM,99018.0,,,
Micronesia (country),1990,FSM,100904.0,,,
Micronesia (country),1991,FSM,102764.0,,,
Micronesia (country),1992,FSM,104823.0,,0.136,1.293
Micronesia (country),1993,FSM,107082.0,,0.143,1.334
Micronesia (country),1994,FSM,109090.0,,0.154,1.411
Micronesia (country),1995,FSM,110244.0,,0.176,1.595
Micronesia (country),1996,FSM,110723.0,,0.183,1.655
Micronesia (country),1997,FSM,111088.0,,0.194,1.748
Micronesia (country),1998,FSM,111394.0,,0.205,1.842
Micronesia (country),1999,FSM,111693.0,,0.191,1.706
Micronesia (country),2000,FSM,112067.0,,0.18,1.602
Micronesia (country),2001,FSM,112378.0,,0.165,1.467
Micronesia (country),2002,FSM,112464.0,,0.15,1.336
Micronesia (country),2003,FSM,112298.0,,0.161,1.436
Micronesia (country),2004,FSM,111939.0,,0.143,1.277
Micronesia (country),2005,FSM,111420.0,,0.114,1.019
Micronesia (country),2006,FSM,110739.0,,0.114,1.026
Micronesia (country),2007,FSM,109896.0,,0.128,1.167
Micronesia (country),2008,FSM,108947.0,,0.114,1.043
Micronesia (country),2009,FSM,107968.0,,0.147,1.357
Micronesia (country),2010,FSM,107559.0,,0.103,0.954
Micronesia (country),2011,FSM,107712.0,,0.117,1.089
Micronesia (country),2012,FSM,107908.0,,0.128,1.188
Micronesia (country),2013,FSM,108133.0,,0.136,1.254
Micronesia (country),2014,FSM,108407.0,,0.139,1.284
Micronesia (country),2015,FSM,108727.0,,0.143,1.314
Micronesia (country),2016,FSM,109088.0,,0.143,1.31
Micronesia (country),2017,FSM,109495.0,,0.143,1.305
Micronesia (country),2018,FSM,109925.0,,0.143,1.3
Micronesia (country),2019,FSM,110293.0,,0.143,1.296
Micronesia (country),2020,FSM,110930.0,,0.143,1.288
Micronesia (country),2021,FSM,111635.0,,0.143,1.28
Micronesia (country),2022,FSM,112122.0,,0.145,1.291
Micronesia (country),2023,FSM,112646.0,,0.144,1.279
Micronesia (country),2024,FSM,113171.0,,0.151,1.331
Middle East (GCP),1950,,,,31.822,
Middle East (GCP),1951,,,,26.167,
Middle East (GCP),1952,,,,23.568,
Middle East (GCP),1953,,,,27.242,
Middle East (GCP),1954,,,,32.736,
Middle East (GCP),1955,,,,50.259,
Middle East (GCP),1956,,,,59.26,
Middle East (GCP),1957,,,,61.77,
Middle East (GCP),1958,,,,67.166,
Middle East (GCP),1959,,,,70.768,
Middle East (GCP),1960,,,,90.276,
Middle East (GCP),1961,,,,94.484,
Middle East (GCP),1962,,,,109.295,
Middle East (GCP),1963,,,,123.593,
Middle East (GCP),1964,,,,144.773,
Middle East (GCP),1965,,,,172.795,
Middle East (GCP),1966,,,,198.951,
Middle East (GCP),1967,,,,205.539,
Middle East (GCP),1968,,,,236.683,
Middle East (GCP),1969,,,,268.463,
Middle East (GCP),1970,,,,285.36,
Middle East (GCP),1971,,,,334.438,
Middle East (GCP),1972,,,,360.851,
Middle East (GCP),1973,,,,428.529,
Middle East (GCP),1974,,,,443.753,
Middle East (GCP),1975,,,,434.497,
Middle East (GCP),1976,,,,508.131,
Middle East (GCP),1977,,,,534.502,
Middle East (GCP),1978,,,,536.66,
Middle East (GCP),1979,,,,569.76,
Middle East (GCP),1980,,,,554.905,
Middle East (GCP),1981,,,,552.828,
Middle East (GCP),1982,,,,564.996,
Middle East (GCP),1983,,,,595.525,
Middle East (GCP),1984,,,,623.953,
Middle East (GCP),1985,,,,672.542,
Middle East (GCP),1986,,,,715.504,
Middle East (GCP),1987,,,,731.73,
Middle East (GCP),1988,,,,779.401,
Middle East (GCP),1989,,,,824.379,
Middle East (GCP),1990,,,,823.26,
Middle East (GCP),1991,,,,893.303,
Middle East (GCP),1992,,,,984.961,
Middle East (GCP),1993,,,,1069.789,
Middle East (GCP),1994,,,,1128.995,
Middle East (GCP),1995,,,,1139.91,
Middle East (GCP),1996,,,,1158.876,
Middle East (GCP),1997,,,,1142.882,
Middle East (GCP),1998,,,,1183.07,
Middle East (GCP),1999,,,,1272.757,
Middle East (GCP),2000,,,,1406.76,
Middle East (GCP),2001,,,,1442.251,
Middle East (GCP),2002,,,,1453.808,
Middle East (GCP),2003,,,,1548.713,
Middle East (GCP),2004,,,,1655.777,
Middle East (GCP),2005,,,,1724.579,
Middle East (GCP),2006,,,,1831.428,
Middle East (GCP),2007,,,,1843.028,
Middle East (GCP),2008,,,,1984.284,
Middle East (GCP),2009,,,,2065.632,
Middle East (GCP),2010,,,,2178.652,
Middle East (GCP),2011,,,,2231.887,
Middle East (GCP),2012,,,,2381.427,
Middle East (GCP),2013,,,,2344.29,
Middle East (GCP),2014,,,,2387.181,
Middle East (GCP),2015,,,,2471.521,
Middle East (GCP),2016,,,,2520.702,
Middle East (GCP),2017,,,,2600.11,
Middle East (GCP),2018,,,,2596.707,
Middle East (GCP),2019,,,,2710.947,
Middle East (GCP),2020,,,,2653.588,
Middle East (GCP),2021,,,,2787.512,
Middle East (GCP),2022,,,,2790.371,
Middle East (GCP),2023,,,,2894.338,
Middle East (GCP),2024,,,,2968.607,
Moldova,1950,MDA,2528365.0,,6.997,2.768
Moldova,1951,MDA,2572743.0,,7.585,2.948
Moldova,1952,MDA,2619786.0,,8.125,3.101
Moldova,1953,MDA,2669507.0,,8.599,3.221
Moldova,1954,MDA,2721545.0,,9.395,3.452
Moldova,1955,MDA,2775562.0,,10.657,3.839
Moldova,1956,MDA,2831241.0,,11.688,4.128
Moldova,1957,MDA,2887999.0,,12.796,4.431
Moldova,1958,MDA,2944565.0,,13.666,4.641
Moldova,1959,MDA,3007366.0,,14.379,4.781
Moldova,1960,MDA,3076172.0,,14.985,4.871
Moldova,1961,MDA,3143892.0,,15.468,4.92
Moldova,1962,MDA,3209509.0,,16.251,5.063
Moldova,1963,MDA,3271788.0,,17.434,5.329
Moldova,1964,MDA,3330242.0,,18.548,5.57
Moldova,1965,MDA,3385972.0,,19.691,5.815
Moldova,1966,MDA,3440667.0,,20.812,6.049
Moldova,1967,MDA,3494203.0,,21.776,6.232
Moldova,1968,MDA,3547087.0,,22.401,6.315
Moldova,1969,MDA,3599995.0,,23.337,6.482
Moldova,1970,MDA,3643522.0,,24.562,6.741
Moldova,1971,MDA,3677928.0,,26.072,7.089
Moldova,1972,MDA,3713997.0,,27.441,7.389
Moldova,1973,MDA,3752617.0,32094175685.0,28.617,7.626
Moldova,1974,MDA,3793852.0,,29.726,7.835
Moldova,1975,MDA,3836949.0,,31.262,8.148
Moldova,1976,MDA,3881031.0,,32.462,8.364
Moldova,1977,MDA,3925587.0,,33.569,8.551
Moldova,1978,MDA,3970300.0,,34.719,8.745
Moldova,1979,MDA,4010389.0,,34.995,8.726
Moldova,1980,MDA,4048713.0,36278212375.0,36.366,8.982
Moldova,1981,MDA,4089537.0,38401934720.0,35.704,8.731
Moldova,1982,MDA,4130066.0,40656291609.0,36.36,8.804
Moldova,1983,MDA,4172081.0,42370374109.0,36.892,8.843
Moldova,1984,MDA,4215890.0,43221959167.0,37.226,8.83
Moldova,1985,MDA,4261133.0,38984519281.0,40.105,9.412
Moldova,1986,MDA,4309371.0,41569285189.0,39.112,9.076
Moldova,1987,MDA,4359065.0,41542752333.0,37.498,8.602
Moldova,1988,MDA,4407777.0,41742673477.0,39.037,8.856
Moldova,1989,MDA,4439386.0,44850495812.0,38.141,8.592
Moldova,1990,MDA,4451150.0,43214990000.0,36.505,8.201
Moldova,1991,MDA,4456609.0,35018363780.0,29.618,6.646
Moldova,1992,MDA,4455714.0,24417045830.0,20.978,4.708
Moldova,1993,MDA,4448241.0,23693282988.0,15.846,3.562
Moldova,1994,MDA,4434457.0,16084200840.0,12.427,2.802
Moldova,1995,MDA,4414216.0,15569831884.0,11.405,2.584
Moldova,1996,MDA,4387653.0,14391438093.0,11.687,2.664
Moldova,1997,MDA,4355537.0,14366532241.0,7.301,1.676
Moldova,1998,MDA,4318713.0,13191426007.0,6.444,1.492
Moldova,1999,MDA,4278220.0,12519934662.0,4.685,1.095
Moldova,2000,MDA,4234969.0,12554043876.0,3.573,0.844
Moldova,2001,MDA,4189769.0,13087722618.0,3.787,0.904
Moldova,2002,MDA,4142937.0,13857813762.0,4.052,0.978
Moldova,2003,MDA,4095418.0,14513550202.0,4.404,1.075
Moldova,2004,MDA,4046672.0,15302841155.0,4.613,1.14
Moldova,2005,MDA,3988668.0,16157452511.0,4.938,1.238
Moldova,2006,MDA,3921320.0,16628252777.0,5.03,1.283
Moldova,2007,MDA,3851397.0,16819758019.0,4.979,1.293
Moldova,2008,MDA,3779503.0,17815141666.0,5.19,1.373
Moldova,2009,MDA,3706212.0,16449234621.0,4.54,1.225
Moldova,2010,MDA,3631990.0,17299250407.0,4.831,1.33
Moldova,2011,MDA,3557278.0,18145357193.0,4.945,1.39
Moldova,2012,MDA,3482629.0,18038303680.0,4.766,1.368
Moldova,2013,MDA,3408741.0,19669685322.0,4.899,1.437
Moldova,2014,MDA,3342715.0,20653170404.0,4.755,1.423
Moldova,2015,MDA,3287168.0,20583362405.0,4.785,1.456
Moldova,2016,MDA,3237798.0,21490882450.0,4.907,1.516
Moldova,2017,MDA,3193500.0,22393497127.0,5.09,1.594
Moldova,2018,MDA,3153779.0,23311634910.0,5.351,1.697
Moldova,2019,MDA,3112561.0,24150849841.0,5.378,1.728
Moldova,2020,MDA,3069135.0,22146328756.0,5.113,1.666
Moldova,2021,MDA,3023780.0,25234640526.0,5.76,1.905
Moldova,2022,MDA,3039986.0,23827554273.0,5.173,1.702
Moldova,2023,MDA,3067072.0,,5.329,1.738
Moldova,2024,MDA,3034967.0,,5.327,1.755
Monaco,1950,MCO,19689.0,,,
Monaco,1951,MCO,20370.0,,,
Monaco,1952,MCO,20577.0,,,
Monaco,1953,MCO,20686.0,,,
Monaco,1954,MCO,20687.0,,,
Monaco,1955,MCO,20605.0,,,
Monaco,1956,MCO,20744.0,,,
Monaco,1957,MCO,21120.0,,,
Monaco,1958,MCO,21428.0,,,
Monaco,1959,MCO,21672.0,,,
Monaco,1960,MCO,21829.0,,,
Monaco,1961,MCO,21927.0,,,
Monaco,1962,MCO,22101.0,,,
Monaco,1963,MCO,22411.0,,,
Monaco,1964,MCO,22710.0,,,
Monaco,1965,MCO,22967.0,,,
Monaco,1966,MCO,23154.0,,,
Monaco,1967,MCO,23262.0,,,
Monaco,1968,MCO,23461.0,,,
Monaco,1969,MCO,23856.0,,,
Monaco,1970,MCO,24252.0,,,
Monaco,1971,MCO,24606.0,,,
Monaco,1972,MCO,24885.0,,,
Monaco,1973,MCO,25097.0,,,
Monaco,1974,MCO,25260.0,,,
Monaco,1975,MCO,25525.0,,,
Monaco,1976,MCO,25918.0,,,
Monaco,1977,MCO,26293.0,,,
Monaco,1978,MCO,26628.0,,,
Monaco,1979,MCO,26913.0,,,
Monaco,1980,MCO,27146.0,,,
Monaco,1981,MCO,27318.0,,,
Monaco,1982,MCO,27584.0,,,
Monaco,1983,MCO,27985.0,,,
Monaco,1984,MCO,28380.0,,,
Monaco,1985,MCO,28756.0,,,
Monaco,1986,MCO,29119.0,,,
Monaco,1987,MCO,29470.0,,,
Monaco,1988,MCO,29806.0,,,
Monaco,1989,MCO,30108.0,,,
Monaco,1990,MCO,30382.0,,,
Monaco,1991,MCO,30654.0,,,
Monaco,1992,MCO,30909.0,,,
Monaco,1993,MCO,31165.0,,,
Monaco,1994,MCO,31398.0,,,
Monaco,1995,MCO,31636.0,,,
Monaco,1996,MCO,31859.0,,,
Monaco,1997,MCO,32090.0,,,
Monaco,1998,MCO,32289.0,,,
Monaco,1999,MCO,32435.0,,,
Monaco,2000,MCO,32477.0,,,
Monaco,2001,MCO,32466.0,,,
Monaco,2002,MCO,32441.0,,,
Monaco,2003,MCO,32396.0,,,
Monaco,2004,MCO,32329.0,,,
Monaco,2005,MCO,32235.0,,,
Monaco,2006,MCO,32083.0,,,
Monaco,2007,MCO,31859.0,,,
Monaco,2008,MCO,31862.0,,,
Monaco,2009,MCO,32390.0,,,
Monaco,2010,MCO,33188.0,,,
Monaco,2011,MCO,33968.0,,,
Monaco,2012,MCO,34738.0,,,
Monaco,2013,MCO,35476.0,,,
Monaco,2014,MCO,36155.0,,,
Monaco,2015,MCO,36785.0,,,
Monaco,2016,MCO,37301.0,,,
Monaco,2017,MCO,37700.0,,,
Monaco,2018,MCO,38179.0,,,
Monaco,2019,MCO,38131.0,,,
Monaco,2020,MCO,38074.0,,,
Monaco,2021,MCO,38548.0,,,
Monaco,2022,MCO,38950.0,,,
Monaco,2023,MCO,38979.0,,,
Monaco,2024,MCO,38657.0,,,
Mongolia,1950,MNG,781691.0,527383000.0,0.286,0.366
Mongolia,1951,MNG,794329.0,549933000.0,0.293,0.369
Mongolia,1952,MNG,807093.0,575919000.0,0.3,0.372
Mongolia,1953,MNG,820278.0,603174000.0,0.304,0.371
Mongolia,1954,MNG,834023.0,632592000.0,0.487,0.584
Mongolia,1955,MNG,848687.0,663384000.0,0.59,0.695
Mongolia,1956,MNG,868487.0,698220000.0,0.689,0.793
Mongolia,1957,MNG,893240.0,736470000.0,0.762,0.853
Mongolia,1958,MNG,919297.0,776536000.0,1.136,1.236
Mongolia,1959,MNG,947419.0,822165000.0,1.345,1.419
Mongolia,1960,MNG,977602.0,870960000.0,1.293,1.323
Mongolia,1961,MNG,1009292.0,922098000.0,1.392,1.38
Mongolia,1962,MNG,1041446.0,975660000.0,1.971,1.893
Mongolia,1963,MNG,1071366.0,1026876000.0,1.601,1.495
Mongolia,1964,MNG,1100238.0,1089647000.0,2.045,1.858
Mongolia,1965,MNG,1131185.0,1152130000.0,1.957,1.73
Mongolia,1966,MNG,1163763.0,1216353000.0,1.953,1.678
Mongolia,1967,MNG,1196997.0,1290300000.0,2.151,1.797
Mongolia,1968,MNG,1229931.0,1362874000.0,2.48,2.017
Mongolia,1969,MNG,1262291.0,1443446000.0,2.682,2.125
Mongolia,1970,MNG,1295275.0,1530048000.0,2.847,2.198
Mongolia,1971,MNG,1330076.0,1598618000.0,3.032,2.28
Mongolia,1972,MNG,1366829.0,1659176000.0,3.276,2.397
Mongolia,1973,MNG,1405507.0,1806080000.0,3.472,2.47
Mongolia,1974,MNG,1446056.0,1882826000.0,3.741,2.587
Mongolia,1975,MNG,1488301.0,2005602000.0,4.055,2.724
Mongolia,1976,MNG,1531953.0,2083287000.0,4.39,2.866
Mongolia,1977,MNG,1576248.0,2246160000.0,4.961,3.147
Mongolia,1978,MNG,1619479.0,2416164000.0,5.764,3.559
Mongolia,1979,MNG,1660661.0,2516052000.0,6.277,3.78
Mongolia,1980,MNG,1701341.0,2677790000.0,6.855,4.029
Mongolia,1981,MNG,1742856.0,2903516000.0,6.615,3.795
Mongolia,1982,MNG,1785364.0,3145476000.0,6.712,3.76
Mongolia,1983,MNG,1829093.0,3328024000.0,6.969,3.81
Mongolia,1984,MNG,1874355.0,3523040000.0,6.425,3.428
Mongolia,1985,MNG,1921519.0,3725436000.0,8.998,4.683
Mongolia,1986,MNG,1970967.0,4076226000.0,9.595,4.868
Mongolia,1987,MNG,2022803.0,4221096000.0,10.483,5.182
Mongolia,1988,MNG,2076326.0,4436184000.0,11.493,5.535
Mongolia,1989,MNG,2124190.0,4620240000.0,10.459,4.924
Mongolia,1990,MNG,2164578.0,4502883000.0,9.791,4.523
Mongolia,1991,MNG,2202772.0,4287970064.0,11.96,5.429
Mongolia,1992,MNG,2239130.0,4068637517.0,10.943,4.887
Mongolia,1993,MNG,2273515.0,4139237763.0,9.193,4.044
Mongolia,1994,MNG,2305743.0,4442844414.0,7.865,3.411
Mongolia,1995,MNG,2335717.0,4952892782.0,7.837,3.355
Mongolia,1996,MNG,2363469.0,5318281056.0,7.935,3.358
Mongolia,1997,MNG,2389133.0,5799570113.0,7.615,3.187
Mongolia,1998,MNG,2412793.0,6297035099.0,7.622,3.159
Mongolia,1999,MNG,2434041.0,6816929799.0,7.488,3.076
Mongolia,2000,MNG,2455182.0,7225650413.0,7.432,3.027
Mongolia,2001,MNG,2477704.0,7799420655.0,7.804,3.15
Mongolia,2002,MNG,2500074.0,8569503317.0,8.197,3.279
Mongolia,2003,MNG,2521809.0,9616040556.0,7.935,3.146
Mongolia,2004,MNG,2542801.0,11156311740.0,8.501,3.343
Mongolia,2005,MNG,2563466.0,12547451302.0,8.515,3.322
Mongolia,2006,MNG,2584761.0,14288905306.0,9.281,3.591
Mongolia,2007,MNG,2607976.0,16520107221.0,11.958,4.585
Mongolia,2008,MNG,2634431.0,18865759800.0,11.918,4.524
Mongolia,2009,MNG,2665333.0,19534582355.0,13.03,4.889
Mongolia,2010,MNG,2701739.0,21791068014.0,13.772,5.098
Mongolia,2011,MNG,2745183.0,26811268000.0,21.368,7.784
Mongolia,2012,MNG,2795463.0,30114910000.0,34.996,12.519
Mongolia,2013,MNG,2851887.0,33619040000.0,43.478,15.245
Mongolia,2014,MNG,2913041.0,36271699000.0,29.63,10.171
Mongolia,2015,MNG,2976528.0,37107214000.0,23.279,7.821
Mongolia,2016,MNG,3040815.0,37322351698.0,25.629,8.428
Mongolia,2017,MNG,3104371.0,39053686549.0,34.139,10.997
Mongolia,2018,MNG,3167714.0,41646694213.0,45.319,14.307
Mongolia,2019,MNG,3232118.0,43979841080.0,47.119,14.578
Mongolia,2020,MNG,3290786.0,41975349786.0,42.478,12.908
Mongolia,2021,MNG,3339676.0,42662390805.0,35.972,10.771
Mongolia,2022,MNG,3386015.0,44809463232.0,40.443,11.944
Mongolia,2023,MNG,3431938.0,,44.184,12.874
Mongolia,2024,MNG,3475541.0,,44.694,12.86
Montenegro,1950,MNE,402519.0,,0.302,0.751
Montenegro,1951,MNE,410084.0,,0.286,0.698
Montenegro,1952,MNE,418911.0,738279882.0,0.287,0.686
Montenegro,1953,MNE,427489.0,658542795.0,0.285,0.668
Montenegro,1954,MNE,434375.0,672027768.0,0.341,0.784
Montenegro,1955,MNE,440593.0,906050119.0,0.39,0.885
Montenegro,1956,MNE,446695.0,833396580.0,0.446,0.999
Montenegro,1957,MNE,452749.0,941011646.0,0.485,1.07
Montenegro,1958,MNE,458810.0,929082700.0,0.477,1.04
Montenegro,1959,MNE,464906.0,1000887811.0,0.548,1.178
Montenegro,1960,MNE,471205.0,1125566791.0,0.598,1.27
Montenegro,1961,MNE,477835.0,1367533987.0,0.628,1.314
Montenegro,1962,MNE,484443.0,1350981259.0,0.644,1.33
Montenegro,1963,MNE,490789.0,1544307949.0,0.717,1.46
Montenegro,1964,MNE,496937.0,1815759795.0,0.812,1.634
Montenegro,1965,MNE,502895.0,1866975882.0,0.835,1.661
Montenegro,1966,MNE,508640.0,1960335977.0,0.828,1.627
Montenegro,1967,MNE,514098.0,2001634839.0,0.836,1.626
Montenegro,1968,MNE,519311.0,2102971533.0,0.894,1.722
Montenegro,1969,MNE,524443.0,2318464578.0,0.927,1.768
Montenegro,1970,MNE,529679.0,2498790430.0,1.212,2.287
Montenegro,1971,MNE,535112.0,2596450523.0,1.306,2.44
Montenegro,1972,MNE,540706.0,2747091556.0,1.224,2.264
Montenegro,1973,MNE,546269.0,2745526149.0,1.462,2.677
Montenegro,1974,MNE,551745.0,2924740118.0,1.469,2.662
Montenegro,1975,MNE,557156.0,3026088000.0,1.532,2.751
Montenegro,1976,MNE,562637.0,3183128491.0,1.582,2.811
Montenegro,1977,MNE,568095.0,3527339741.0,1.538,2.708
Montenegro,1978,MNE,573523.0,3723087892.0,1.719,2.997
Montenegro,1979,MNE,579015.0,3724750449.0,1.87,3.229
Montenegro,1980,MNE,584831.0,4475520000.0,1.838,3.143
Montenegro,1981,MNE,589916.0,4276287355.0,2.001,3.391
Montenegro,1982,MNE,593634.0,4382248714.0,1.838,3.096
Montenegro,1983,MNE,596960.0,4305015180.0,1.979,3.315
Montenegro,1984,MNE,600258.0,4371068912.0,2.087,3.477
Montenegro,1985,MNE,603506.0,4374625939.0,2.129,3.528
Montenegro,1986,MNE,606803.0,4528319584.0,2.223,3.664
Montenegro,1987,MNE,610181.0,4323439186.0,2.171,3.558
Montenegro,1988,MNE,613594.0,4192552906.0,2.24,3.651
Montenegro,1989,MNE,617048.0,4213823849.0,2.233,3.619
Montenegro,1990,MNE,620507.0,3852049384.0,2.209,3.56
Montenegro,1991,MNE,623564.0,3585538585.0,1.563,2.506
Montenegro,1992,MNE,626030.0,2862750332.0,1.671,2.67
Montenegro,1993,MNE,628107.0,1856250947.0,1.458,2.321
Montenegro,1994,MNE,629890.0,1915098721.0,1.416,2.248
Montenegro,1995,MNE,631386.0,2226638536.0,1.496,2.369
Montenegro,1996,MNE,632625.0,2909671906.0,1.75,2.766
Montenegro,1997,MNE,633539.0,3194862294.0,1.881,2.969
Montenegro,1998,MNE,634099.0,3442987998.0,1.98,3.123
Montenegro,1999,MNE,634280.0,3205303470.0,1.365,2.153
Montenegro,2000,MNE,634198.0,3766655741.0,1.516,2.39
Montenegro,2001,MNE,634001.0,4003584918.0,1.627,2.566
Montenegro,2002,MNE,633767.0,4290323123.0,1.74,2.746
Montenegro,2003,MNE,633563.0,4622735968.0,1.863,2.941
Montenegro,2004,MNE,633756.0,5084311894.0,2.034,3.21
Montenegro,2005,MNE,634059.0,5587145362.0,1.934,3.05
Montenegro,2006,MNE,633876.0,6395709656.0,2.063,3.254
Montenegro,2007,MNE,633388.0,7462959925.0,2.056,3.245
Montenegro,2008,MNE,632855.0,8414771352.0,2.605,4.116
Montenegro,2009,MNE,632445.0,8371377925.0,1.682,2.659
Montenegro,2010,MNE,632088.0,9033097807.0,2.422,3.832
Montenegro,2011,MNE,632689.0,9801452189.0,2.407,3.805
Montenegro,2012,MNE,633546.0,9593079942.0,2.213,3.493
Montenegro,2013,MNE,633199.0,9985414363.0,2.151,3.397
Montenegro,2014,MNE,631377.0,10205667487.0,2.107,3.337
Montenegro,2015,MNE,628145.0,10689584516.0,2.239,3.564
Montenegro,2016,MNE,624246.0,10988665274.0,2.015,3.228
Montenegro,2017,MNE,620112.0,11487747356.0,2.103,3.392
Montenegro,2018,MNE,615798.0,12049855060.0,2.404,3.903
Montenegro,2019,MNE,611671.0,12539436047.0,2.477,4.049
Montenegro,2020,MNE,607934.0,10620037519.0,2.404,3.954
Montenegro,2021,MNE,603854.0,12005261164.0,2.411,3.993
Montenegro,2022,MNE,614649.0,12774399882.0,2.495,4.06
Montenegro,2023,MNE,633553.0,,2.407,3.799
Montenegro,2024,MNE,638481.0,,2.376,3.722
Montserrat,1950,MSR,12964.0,,,
Montserrat,1951,MSR,12869.0,,,
Montserrat,1952,MSR,12773.0,,,
Montserrat,1953,MSR,12675.0,,,
Montserrat,1954,MSR,12581.0,,,
Montserrat,1955,MSR,12505.0,,,
Montserrat,1956,MSR,12412.0,,,
Montserrat,1957,MSR,12325.0,,,
Montserrat,1958,MSR,12230.0,,,
Montserrat,1959,MSR,12135.0,,,
Montserrat,1960,MSR,12057.0,,,
Montserrat,1961,MSR,11984.0,,,
Montserrat,1962,MSR,11911.0,,0.004,0.308
Montserrat,1963,MSR,11825.0,,0.004,0.31
Montserrat,1964,MSR,11751.0,,0.007,0.624
Montserrat,1965,MSR,11667.0,,0.004,0.314
Montserrat,1966,MSR,11600.0,,0.007,0.632
Montserrat,1967,MSR,11526.0,,0.007,0.636
Montserrat,1968,MSR,11465.0,,0.007,0.639
Montserrat,1969,MSR,11399.0,,0.007,0.643
Montserrat,1970,MSR,11358.0,,0.015,1.29
Montserrat,1971,MSR,11361.0,,0.015,1.29
Montserrat,1972,MSR,11372.0,,0.015,1.289
Montserrat,1973,MSR,11389.0,,0.015,1.287
Montserrat,1974,MSR,11409.0,,0.015,1.285
Montserrat,1975,MSR,11434.0,,0.011,0.961
Montserrat,1976,MSR,11441.0,,0.011,0.961
Montserrat,1977,MSR,11460.0,,0.026,2.238
Montserrat,1978,MSR,11459.0,,0.026,2.238
Montserrat,1979,MSR,11437.0,,0.026,2.243
Montserrat,1980,MSR,11364.0,,0.015,1.29
Montserrat,1981,MSR,11275.0,,0.018,1.625
Montserrat,1982,MSR,11200.0,,0.018,1.636
Montserrat,1983,MSR,11148.0,,0.022,1.972
Montserrat,1984,MSR,11078.0,,0.022,1.984
Montserrat,1985,MSR,11018.0,,0.026,2.328
Montserrat,1986,MSR,10967.0,,0.029,2.673
Montserrat,1987,MSR,10920.0,,0.029,2.684
Montserrat,1988,MSR,10872.0,,0.029,2.696
Montserrat,1989,MSR,10798.0,,0.029,2.715
Montserrat,1990,MSR,10700.0,,0.029,2.739
Montserrat,1991,MSR,10464.0,,0.029,2.801
Montserrat,1992,MSR,10013.0,,0.029,2.927
Montserrat,1993,MSR,9454.0,,0.029,3.1
Montserrat,1994,MSR,8867.0,,0.033,3.719
Montserrat,1995,MSR,8257.0,,0.033,3.994
Montserrat,1996,MSR,7626.0,,0.037,4.805
Montserrat,1997,MSR,6979.0,,0.033,4.725
Montserrat,1998,MSR,6321.0,,0.029,4.637
Montserrat,1999,MSR,5685.0,,0.037,6.445
Montserrat,2000,MSR,5053.0,,0.026,5.076
Montserrat,2001,MSR,4616.0,,0.026,5.556
Montserrat,2002,MSR,4500.0,,0.044,9.771
Montserrat,2003,MSR,4515.0,,0.037,8.115
Montserrat,2004,MSR,4541.0,,0.048,10.489
Montserrat,2005,MSR,4574.0,,0.04,8.812
Montserrat,2006,MSR,4606.0,,0.04,8.75
Montserrat,2007,MSR,4649.0,,0.04,8.669
Montserrat,2008,MSR,4700.0,,0.044,9.355
Montserrat,2009,MSR,4759.0,,0.044,9.239
Montserrat,2010,MSR,4819.0,,0.059,12.165
Montserrat,2011,MSR,4846.0,,0.037,7.561
Montserrat,2012,MSR,4822.0,,0.04,8.358
Montserrat,2013,MSR,4774.0,,0.051,10.745
Montserrat,2014,MSR,4738.0,,0.044,9.28
Montserrat,2015,MSR,4693.0,,0.051,10.93
Montserrat,2016,MSR,4665.0,,0.029,6.283
Montserrat,2017,MSR,4624.0,,0.026,5.547
Montserrat,2018,MSR,4595.0,,0.029,6.379
Montserrat,2019,MSR,4564.0,,0.026,5.62
Montserrat,2020,MSR,4532.0,,0.022,4.851
Montserrat,2021,MSR,4505.0,,0.022,4.88
Montserrat,2022,MSR,4476.0,,0.026,5.73
Montserrat,2023,MSR,4440.0,,0.026,5.765
Montserrat,2024,MSR,4414.0,,0.027,6.022
Morocco,1950,MAR,8935456.0,21667307006.0,2.56,0.286
Morocco,1951,MAR,9159293.0,22388535421.0,2.926,0.319
Morocco,1952,MAR,9394882.0,23128557486.0,3.563,0.379
Morocco,1953,MAR,9639571.0,23881491562.0,4.171,0.433
Morocco,1954,MAR,9893319.0,24674734500.0,3.584,0.362
Morocco,1955,MAR,10158130.0,25487883855.0,3.555,0.35
Morocco,1956,MAR,10434022.0,25647723087.0,3.519,0.337
Morocco,1957,MAR,10720555.0,25812569166.0,3.054,0.285
Morocco,1958,MAR,11013746.0,25980993791.0,3.267,0.297
Morocco,1959,MAR,11317012.0,26141021875.0,3.369,0.298
Morocco,1960,MAR,11624932.0,26312832351.0,3.636,0.313
Morocco,1961,MAR,11931097.0,27230298761.0,3.771,0.316
Morocco,1962,MAR,12253096.0,28176150386.0,3.075,0.251
Morocco,1963,MAR,12577499.0,29166700206.0,3.954,0.314
Morocco,1964,MAR,12898882.0,30203185959.0,4.415,0.342
Morocco,1965,MAR,13239173.0,31254994847.0,4.254,0.321
Morocco,1966,MAR,13597063.0,32995101213.0,5.46,0.402
Morocco,1967,MAR,13968180.0,34843128024.0,5.408,0.387
Morocco,1968,MAR,14347897.0,36768418203.0,5.62,0.392
Morocco,1969,MAR,14734252.0,38839439649.0,5.817,0.395
Morocco,1970,MAR,15129453.0,40982293406.0,7.282,0.481
Morocco,1971,MAR,15527227.0,43295738718.0,8.186,0.527
Morocco,1972,MAR,15924695.0,44317381992.0,8.028,0.504
Morocco,1973,MAR,16326276.0,45895623046.0,9.613,0.589
Morocco,1974,MAR,16733850.0,48382644591.0,11.099,0.663
Morocco,1975,MAR,17150790.0,51629453326.0,11.065,0.645
Morocco,1976,MAR,17574187.0,57286407177.0,11.49,0.654
Morocco,1977,MAR,18014761.0,60121204515.0,12.625,0.701
Morocco,1978,MAR,18477383.0,61864818003.0,12.992,0.703
Morocco,1979,MAR,18955587.0,64683993285.0,15.85,0.836
Morocco,1980,MAR,19459942.0,70582897316.0,15.818,0.813
Morocco,1981,MAR,19985407.0,68608384970.0,15.718,0.786
Morocco,1982,MAR,20520324.0,75240270996.0,16.905,0.824
Morocco,1983,MAR,21060697.0,74825387414.0,17.627,0.837
Morocco,1984,MAR,21593777.0,77950833498.0,17.645,0.817
Morocco,1985,MAR,22113953.0,82816247078.0,17.682,0.8
Morocco,1986,MAR,22600803.0,89314712544.0,18.684,0.827
Morocco,1987,MAR,23054390.0,87281656953.0,19.905,0.863
Morocco,1988,MAR,23500528.0,96219230537.0,20.931,0.891
Morocco,1989,MAR,23939414.0,98443646312.0,22.661,0.947
Morocco,1990,MAR,24375558.0,102154759492.0,22.298,0.915
Morocco,1991,MAR,24799016.0,109740063063.0,23.688,0.955
Morocco,1992,MAR,25212469.0,107664067531.0,24.737,0.981
Morocco,1993,MAR,25614586.0,107072637645.0,26.782,1.046
Morocco,1994,MAR,26000824.0,118651280111.0,28.124,1.082
Morocco,1995,MAR,26399431.0,112285412713.0,28.75,1.089
Morocco,1996,MAR,26808109.0,126007526018.0,29.525,1.101
Morocco,1997,MAR,27213340.0,123891488018.0,29.978,1.102
Morocco,1998,MAR,27621638.0,132709015459.0,30.881,1.118
Morocco,1999,MAR,28027188.0,134068868267.0,31.989,1.141
Morocco,2000,MAR,28423439.0,136639290851.0,33.199,1.168
Morocco,2001,MAR,28814646.0,146692867628.0,36.809,1.277
Morocco,2002,MAR,29198146.0,151385794465.0,37.31,1.278
Morocco,2003,MAR,29571415.0,160559931983.0,36.57,1.237
Morocco,2004,MAR,29953021.0,168466885680.0,42.226,1.41
Morocco,2005,MAR,30358145.0,174390745088.0,44.661,1.471
Morocco,2006,MAR,30771179.0,188101125607.0,46.249,1.503
Morocco,2007,MAR,31186468.0,195286744421.0,48.913,1.568
Morocco,2008,MAR,31606769.0,207385199268.0,51.372,1.625
Morocco,2009,MAR,32030779.0,216763299753.0,50.86,1.588
Morocco,2010,MAR,32467009.0,225643836837.0,54.365,1.674
Morocco,2011,MAR,32912585.0,238103276789.0,54.868,1.667
Morocco,2012,MAR,33355246.0,245270189355.0,56.954,1.707
Morocco,2013,MAR,33787573.0,256393198875.0,56.606,1.675
Morocco,2014,MAR,34204784.0,263251716082.0,57.175,1.672
Morocco,2015,MAR,34607590.0,274689990243.0,58.499,1.69
Morocco,2016,MAR,35023459.0,276121131010.0,58.457,1.669
Morocco,2017,MAR,35446395.0,290087315215.0,61.104,1.724
Morocco,2018,MAR,35839760.0,298981397583.0,62.315,1.739
Morocco,2019,MAR,36210907.0,307624970074.0,68.743,1.898
Morocco,2020,MAR,36584208.0,285515953096.0,64.542,1.764
Morocco,2021,MAR,36954443.0,308157391278.0,70.275,1.902
Morocco,2022,MAR,37329068.0,311654947615.0,69.779,1.869
Morocco,2023,MAR,37712516.0,,68.961,1.829
Morocco,2024,MAR,38081176.0,,69.062,1.814
Mozambique,1950,MOZ,5910234.0,11288299825.0,0.901,0.152
Mozambique,1951,MOZ,5978159.0,11682687556.0,0.93,0.156
Mozambique,1952,MOZ,6050766.0,12106181293.0,1.073,0.177
Mozambique,1953,MOZ,6123119.0,12521399204.0,1.081,0.176
Mozambique,1954,MOZ,6196983.0,12821422326.0,1.143,0.184
Mozambique,1955,MOZ,6274475.0,13610703735.0,1.373,0.219
Mozambique,1956,MOZ,6355040.0,13674600263.0,1.553,0.244
Mozambique,1957,MOZ,6438186.0,13977537820.0,1.769,0.275
Mozambique,1958,MOZ,6521557.0,14640388710.0,1.817,0.279
Mozambique,1959,MOZ,6610404.0,15440678956.0,1.794,0.271
Mozambique,1960,MOZ,6713698.0,15803766408.0,1.882,0.28
Mozambique,1961,MOZ,6834938.0,16254505293.0,2.63,0.385
Mozambique,1962,MOZ,6969369.0,17384922667.0,1.985,0.285
Mozambique,1963,MOZ,7109827.0,16757462566.0,1.659,0.233
Mozambique,1964,MOZ,7255064.0,17473570703.0,2.139,0.295
Mozambique,1965,MOZ,7406419.0,17873013860.0,2.003,0.27
Mozambique,1966,MOZ,7562991.0,18449391988.0,2.124,0.281
Mozambique,1967,MOZ,7724556.0,19714344747.0,1.871,0.242
Mozambique,1968,MOZ,7892610.0,21933672536.0,2.776,0.352
Mozambique,1969,MOZ,8066952.0,24541458765.0,3.238,0.401
Mozambique,1970,MOZ,8250504.0,25847553750.0,2.981,0.361
Mozambique,1971,MOZ,8456324.0,27615574628.0,3.611,0.427
Mozambique,1972,MOZ,8692931.0,28506685113.0,3.296,0.379
Mozambique,1973,MOZ,8954248.0,30122514306.0,3.559,0.397
Mozambique,1974,MOZ,9236094.0,27833834875.0,3.146,0.341
Mozambique,1975,MOZ,9540822.0,23348166667.0,2.882,0.302
Mozambique,1976,MOZ,9867205.0,22228556390.0,2.555,0.259
Mozambique,1977,MOZ,10224974.0,22400398614.0,2.706,0.265
Mozambique,1978,MOZ,10618247.0,22577505811.0,2.866,0.27
Mozambique,1979,MOZ,11028809.0,22910892748.0,2.635,0.239
Mozambique,1980,MOZ,11336220.0,23539594228.0,3.198,0.282
Mozambique,1981,MOZ,11568123.0,23984674687.0,2.479,0.214
Mozambique,1982,MOZ,11824371.0,23311740730.0,2.524,0.213
Mozambique,1983,MOZ,12073825.0,21637192349.0,1.954,0.162
Mozambique,1984,MOZ,12315953.0,21051280652.0,1.511,0.123
Mozambique,1985,MOZ,12548951.0,19149771027.0,1.135,0.09
Mozambique,1986,MOZ,12770581.0,19438521553.0,0.977,0.077
Mozambique,1987,MOZ,12822573.0,20141753564.0,0.977,0.076
Mozambique,1988,MOZ,12800556.0,21301644594.0,1.006,0.079
Mozambique,1989,MOZ,12906842.0,22168201968.0,1.035,0.08
Mozambique,1990,MOZ,13094535.0,22495834078.0,1.025,0.078
Mozambique,1991,MOZ,13352091.0,22102096456.0,0.941,0.071
Mozambique,1992,MOZ,13613314.0,19279761969.0,1.027,0.075
Mozambique,1993,MOZ,14051203.0,19284149798.0,1.14,0.081
Mozambique,1994,MOZ,15033852.0,18783666165.0,1.098,0.073
Mozambique,1995,MOZ,15960530.0,17625138412.0,1.131,0.071
Mozambique,1996,MOZ,16492484.0,20572895284.0,1.092,0.066
Mozambique,1997,MOZ,16949988.0,20995038319.0,1.17,0.069
Mozambique,1998,MOZ,17340463.0,21637918333.0,1.112,0.064
Mozambique,1999,MOZ,17734499.0,21504902826.0,1.168,0.066
Mozambique,2000,MOZ,18129652.0,20141918616.0,1.322,0.073
Mozambique,2001,MOZ,18537735.0,20943673338.0,1.554,0.084
Mozambique,2002,MOZ,18958338.0,21025370393.0,1.537,0.081
Mozambique,2003,MOZ,19392477.0,20673806269.0,1.856,0.096
Mozambique,2004,MOZ,19840312.0,20561725686.0,1.864,0.094
Mozambique,2005,MOZ,20304577.0,20658231192.0,1.77,0.087
Mozambique,2006,MOZ,20787088.0,20951970966.0,1.916,0.092
Mozambique,2007,MOZ,21287638.0,20803537606.0,2.189,0.103
Mozambique,2008,MOZ,21819037.0,20553356220.0,2.18,0.1
Mozambique,2009,MOZ,22391751.0,20249940482.0,2.439,0.109
Mozambique,2010,MOZ,22999234.0,20039610112.0,2.638,0.115
Mozambique,2011,MOZ,23649045.0,19919625683.0,3.107,0.131
Mozambique,2012,MOZ,24337849.0,21365393250.0,3.052,0.125
Mozambique,2013,MOZ,25051613.0,22853277292.0,3.579,0.143
Mozambique,2014,MOZ,25788473.0,24544192952.0,8.118,0.315
Mozambique,2015,MOZ,26547576.0,26194296097.0,6.731,0.254
Mozambique,2016,MOZ,27337107.0,27195969056.0,8.548,0.313
Mozambique,2017,MOZ,28166397.0,28213368238.0,6.905,0.245
Mozambique,2018,MOZ,29018647.0,29185036688.0,7.01,0.242
Mozambique,2019,MOZ,29884378.0,29860675429.0,7.097,0.237
Mozambique,2020,MOZ,30783685.0,29502646219.0,6.34,0.206
Mozambique,2021,MOZ,31707798.0,30189464161.0,7.722,0.244
Mozambique,2022,MOZ,32656242.0,31441725629.0,9.296,0.285
Mozambique,2023,MOZ,33635163.0,,9.093,0.27
Mozambique,2024,MOZ,34631767.0,,8.613,0.249
Myanmar,1950,MMR,17737123.0,12296711093.0,0.802,0.045
Myanmar,1951,MMR,18070426.0,14069449916.0,0.916,0.051
Myanmar,1952,MMR,18418010.0,14386939007.0,1.132,0.061
Myanmar,1953,MMR,18779903.0,14772087335.0,1.304,0.069
Myanmar,1954,MMR,19156653.0,13842402984.0,1.462,0.076
Myanmar,1955,MMR,19550488.0,15661146234.0,1.421,0.073
Myanmar,1956,MMR,19959222.0,16703266830.0,1.656,0.083
Myanmar,1957,MMR,20382706.0,17669511755.0,2.099,0.103
Myanmar,1958,MMR,20816423.0,17186249449.0,2.411,0.116
Myanmar,1959,MMR,21264016.0,19875871025.0,2.777,0.131
Myanmar,1960,MMR,21730255.0,20532301384.0,2.715,0.125
Myanmar,1961,MMR,22210580.0,21001740359.0,2.59,0.117
Myanmar,1962,MMR,22704722.0,22834238191.0,2.88,0.127
Myanmar,1963,MMR,23213406.0,23503927525.0,2.634,0.113
Myanmar,1964,MMR,23737316.0,23902438250.0,2.857,0.12
Myanmar,1965,MMR,24279437.0,24513334029.0,2.725,0.112
Myanmar,1966,MMR,24836494.0,23494008154.0,2.806,0.113
Myanmar,1967,MMR,25406432.0,24167892125.0,3.616,0.142
Myanmar,1968,MMR,25989669.0,25735238531.0,2.927,0.113
Myanmar,1969,MMR,26585110.0,26819961566.0,3.213,0.121
Myanmar,1970,MMR,27193015.0,28023011027.0,4.612,0.17
Myanmar,1971,MMR,27807215.0,28931649632.0,5.099,0.183
Myanmar,1972,MMR,28428330.0,29129005898.0,4.894,0.172
Myanmar,1973,MMR,29026390.0,29264170482.0,4.107,0.141
Myanmar,1974,MMR,29598163.0,30781977607.0,4.671,0.158
Myanmar,1975,MMR,30176563.0,32064125966.0,4.583,0.152
Myanmar,1976,MMR,30758818.0,34051363597.0,4.893,0.159
Myanmar,1977,MMR,31355968.0,36056283101.0,5.166,0.165
Myanmar,1978,MMR,31972974.0,38395411591.0,5.146,0.161
Myanmar,1979,MMR,32596552.0,40182623828.0,5.086,0.156
Myanmar,1980,MMR,33227204.0,43641087187.0,5.509,0.166
Myanmar,1981,MMR,33858786.0,46093433199.0,5.623,0.166
Myanmar,1982,MMR,34482967.0,48612244078.0,5.58,0.162
Myanmar,1983,MMR,35162714.0,50756359753.0,5.754,0.164
Myanmar,1984,MMR,35899313.0,53220601640.0,6.549,0.182
Myanmar,1985,MMR,36622832.0,54736505367.0,6.676,0.182
Myanmar,1986,MMR,37314882.0,54201446230.0,6.756,0.181
Myanmar,1987,MMR,37971601.0,51998273648.0,4.943,0.13
Myanmar,1988,MMR,38600928.0,46103010480.0,4.087,0.106
Myanmar,1989,MMR,39214624.0,47782109265.0,4.425,0.113
Myanmar,1990,MMR,39817253.0,49171474105.0,4.236,0.106
Myanmar,1991,MMR,40394159.0,48063924892.0,4.137,0.102
Myanmar,1992,MMR,40950342.0,51891171124.0,4.842,0.118
Myanmar,1993,MMR,41502423.0,54198379043.0,5.303,0.128
Myanmar,1994,MMR,42055150.0,57338246186.0,6.174,0.147
Myanmar,1995,MMR,42605343.0,60452844316.0,6.893,0.162
Myanmar,1996,MMR,43154858.0,63378625652.0,7.188,0.167
Myanmar,1997,MMR,43708802.0,65935166316.0,7.42,0.17
Myanmar,1998,MMR,44257793.0,68698886620.0,8.046,0.182
Myanmar,1999,MMR,44787727.0,75075477916.0,8.934,0.199
Myanmar,2000,MMR,45290850.0,84093543935.0,10.219,0.226
Myanmar,2001,MMR,45771140.0,92175090616.0,8.856,0.193
Myanmar,2002,MMR,46232656.0,101591501239.0,9.328,0.202
Myanmar,2003,MMR,46667191.0,113781428684.0,9.997,0.214
Myanmar,2004,MMR,47068779.0,127115611447.0,12.565,0.267
Myanmar,2005,MMR,47438362.0,142039114248.0,11.548,0.243
Myanmar,2006,MMR,47785141.0,158028614076.0,12.817,0.268
Myanmar,2007,MMR,48125047.0,174123352808.0,12.845,0.267
Myanmar,2008,MMR,48390790.0,177512910900.0,9.772,0.202
Myanmar,2009,MMR,48660458.0,183291522878.0,10.211,0.21
Myanmar,2010,MMR,49024376.0,189724140707.0,13.125,0.268
Myanmar,2011,MMR,49419825.0,197359087812.0,15.122,0.306
Myanmar,2012,MMR,49837451.0,210159799971.0,11.826,0.237
Myanmar,2013,MMR,50262658.0,226760324221.0,12.715,0.253
Myanmar,2014,MMR,50681635.0,245354667120.0,15.849,0.313
Myanmar,2015,MMR,51089060.0,263690038660.0,21.88,0.428
Myanmar,2016,MMR,51495701.0,280587266112.0,21.144,0.411
Myanmar,2017,MMR,51894939.0,296721043920.0,23.633,0.455
Myanmar,2018,MMR,52272250.0,315726037240.0,34.017,0.651
Myanmar,2019,MMR,52640718.0,337037542855.0,33.617,0.639
Myanmar,2020,MMR,53016525.0,347785669977.0,34.588,0.652
Myanmar,2021,MMR,53387103.0,285399881185.0,29.285,0.549
Myanmar,2022,MMR,53756791.0,291025085135.0,31.639,0.589
Myanmar,2023,MMR,54133800.0,,31.793,0.587
Myanmar,2024,MMR,54500086.0,,31.603,0.58
Namibia,1950,NAM,514598.0,1859089576.0,,
Namibia,1951,NAM,520398.0,1916414614.0,,
Namibia,1952,NAM,526639.0,1975388820.0,,
Namibia,1953,NAM,533236.0,2051993637.0,,
Namibia,1954,NAM,540017.0,2167285385.0,,
Namibia,1955,NAM,547091.0,2237920128.0,,
Namibia,1956,NAM,554566.0,2320888905.0,,
Namibia,1957,NAM,562592.0,2410455915.0,,
Namibia,1958,NAM,571341.0,2477214303.0,,
Namibia,1959,NAM,580927.0,2620574392.0,,
Namibia,1960,NAM,591473.0,2867999092.0,,
Namibia,1961,NAM,603074.0,2900112966.0,,
Namibia,1962,NAM,615760.0,3308291161.0,,
Namibia,1963,NAM,629592.0,3639713757.0,,
Namibia,1964,NAM,644539.0,4229748678.0,,
Namibia,1965,NAM,660568.0,4514360289.0,,
Namibia,1966,NAM,677663.0,4687573521.0,,
Namibia,1967,NAM,696051.0,4497763693.0,,
Namibia,1968,NAM,715551.0,4535326012.0,,
Namibia,1969,NAM,736125.0,4693327133.0,,
Namibia,1970,NAM,757876.0,4713505909.0,,
Namibia,1971,NAM,780588.0,4960272459.0,,
Namibia,1972,NAM,804411.0,5058889883.0,,
Namibia,1973,NAM,828932.0,5258220638.0,,
Namibia,1974,NAM,854325.0,5633365966.0,,
Namibia,1975,NAM,881041.0,5760140301.0,,
Namibia,1976,NAM,906574.0,5845501052.0,,
Namibia,1977,NAM,931118.0,5846523589.0,,
Namibia,1978,NAM,947277.0,6014421801.0,,
Namibia,1979,NAM,962826.0,6241708117.0,,
Namibia,1980,NAM,981440.0,6658126128.0,,
Namibia,1981,NAM,992508.0,6738145866.0,,
Namibia,1982,NAM,1010315.0,6665390833.0,,
Namibia,1983,NAM,1037519.0,6504121976.0,,
Namibia,1984,NAM,1065996.0,6477849681.0,,
Namibia,1985,NAM,1096896.0,6497712096.0,,
Namibia,1986,NAM,1131083.0,6859107687.0,,
Namibia,1987,NAM,1167898.0,7151987691.0,,
Namibia,1988,NAM,1209700.0,7178628060.0,,
Namibia,1989,NAM,1288956.0,7336171130.0,,
Namibia,1990,NAM,1369309.0,7363138831.0,,
Namibia,1991,NAM,1415689.0,7919428821.0,1.044,0.738
Namibia,1992,NAM,1461324.0,8581727967.0,1.14,0.78
Namibia,1993,NAM,1508698.0,8429492929.0,1.374,0.911
Namibia,1994,NAM,1556315.0,9059011736.0,1.557,1.001
Namibia,1995,NAM,1602181.0,9444539646.0,1.619,1.011
Namibia,1996,NAM,1646107.0,9761025681.0,1.718,1.044
Namibia,1997,NAM,1689274.0,10187928589.0,1.814,1.074
Namibia,1998,NAM,1732747.0,10539117428.0,1.865,1.076
Namibia,1999,NAM,1776371.0,10909782994.0,1.74,0.98
Namibia,2000,NAM,1818650.0,11306497296.0,1.718,0.945
Namibia,2001,NAM,1857059.0,11455708939.0,2.231,1.202
Namibia,2002,NAM,1889976.0,12021866961.0,1.971,1.043
Namibia,2003,NAM,1917469.0,12213390181.0,2.092,1.091
Namibia,2004,NAM,1942087.0,13656396271.0,2.239,1.153
Namibia,2005,NAM,1966581.0,14023333339.0,2.532,1.287
Namibia,2006,NAM,1991890.0,15035738461.0,2.524,1.267
Namibia,2007,NAM,2018607.0,15866803390.0,2.327,1.153
Namibia,2008,NAM,2047059.0,16311345821.0,2.858,1.396
Namibia,2009,NAM,2077400.0,16383138236.0,2.66,1.28
Namibia,2010,NAM,2109815.0,17398594185.0,2.788,1.322
Namibia,2011,NAM,2146331.0,18309342330.0,2.786,1.298
Namibia,2012,NAM,2194656.0,19236166518.0,3.194,1.455
Namibia,2013,NAM,2252505.0,20316276333.0,3.004,1.334
Namibia,2014,NAM,2312143.0,21554146363.0,3.099,1.34
Namibia,2015,NAM,2374305.0,22473214767.0,3.394,1.429
Namibia,2016,NAM,2439219.0,22480856444.0,3.582,1.469
Namibia,2017,NAM,2506854.0,22249978012.0,3.59,1.432
Namibia,2018,NAM,2577327.0,22485828408.0,3.635,1.41
Namibia,2019,NAM,2650499.0,22297166631.0,3.73,1.407
Namibia,2020,NAM,2728760.0,20505368156.0,3.44,1.261
Namibia,2021,NAM,2810552.0,21049990407.0,3.608,1.284
Namibia,2022,NAM,2889668.0,21858730428.0,3.414,1.181
Namibia,2023,NAM,2963102.0,,3.443,1.162
Namibia,2024,NAM,3030127.0,,3.469,1.145
Nauru,1950,NRU,3424.0,,,
Nauru,1951,NRU,3532.0,,,
Nauru,1952,NRU,3630.0,,,
Nauru,1953,NRU,3714.0,,,
Nauru,1954,NRU,3801.0,,,
Nauru,1955,NRU,3905.0,,,
Nauru,1956,NRU,4041.0,,,
Nauru,1957,NRU,4181.0,,,
Nauru,1958,NRU,4317.0,,,
Nauru,1959,NRU,4473.0,,,
Nauru,1960,NRU,4625.0,,,
Nauru,1961,NRU,4799.0,,,
Nauru,1962,NRU,5000.0,,,
Nauru,1963,NRU,5246.0,,,
Nauru,1964,NRU,5535.0,,0.029,5.296
Nauru,1965,NRU,5851.0,,0.033,5.636
Nauru,1966,NRU,6060.0,,0.033,5.442
Nauru,1967,NRU,6157.0,,0.048,7.736
Nauru,1968,NRU,6348.0,,0.048,7.503
Nauru,1969,NRU,6604.0,,0.066,9.987
Nauru,1970,NRU,6733.0,,0.066,9.795
Nauru,1971,NRU,6780.0,,0.088,12.97
Nauru,1972,NRU,6831.0,,0.077,11.264
Nauru,1973,NRU,6886.0,,0.084,12.238
Nauru,1974,NRU,6944.0,,0.099,14.247
Nauru,1975,NRU,7013.0,,0.103,14.629
Nauru,1976,NRU,7084.0,,0.103,14.482
Nauru,1977,NRU,7184.0,,0.114,15.811
Nauru,1978,NRU,7316.0,,0.114,15.525
Nauru,1979,NRU,7488.0,,0.114,15.169
Nauru,1980,NRU,7670.0,,0.125,16.242
Nauru,1981,NRU,7866.0,,0.125,15.837
Nauru,1982,NRU,8059.0,,0.125,15.458
Nauru,1983,NRU,8240.0,,0.125,15.118
Nauru,1984,NRU,8398.0,,0.125,14.834
Nauru,1985,NRU,8573.0,,0.125,14.531
Nauru,1986,NRU,8765.0,,0.161,18.393
Nauru,1987,NRU,8972.0,,0.158,17.56
Nauru,1988,NRU,9183.0,,0.158,17.157
Nauru,1989,NRU,9413.0,,0.158,16.738
Nauru,1990,NRU,9645.0,,0.125,12.916
Nauru,1991,NRU,9873.0,,0.125,12.618
Nauru,1992,NRU,10042.0,,0.121,12.041
Nauru,1993,NRU,10123.0,,0.114,11.22
Nauru,1994,NRU,10163.0,,0.11,10.816
Nauru,1995,NRU,10187.0,,0.106,10.431
Nauru,1996,NRU,10206.0,,0.103,10.052
Nauru,1997,NRU,10218.0,,0.103,10.04
Nauru,1998,NRU,10220.0,,0.099,9.68
Nauru,1999,NRU,10207.0,,0.092,8.974
Nauru,2000,NRU,10187.0,,0.088,8.632
Nauru,2001,NRU,10147.0,,0.081,7.944
Nauru,2002,NRU,10105.0,,0.077,7.614
Nauru,2003,NRU,10086.0,,0.066,6.539
Nauru,2004,NRU,10084.0,,0.062,6.177
Nauru,2005,NRU,10071.0,,0.062,6.185
Nauru,2006,NRU,10061.0,,0.044,4.37
Nauru,2007,NRU,10042.0,,0.04,4.014
Nauru,2008,NRU,10032.0,,0.04,4.018
Nauru,2009,NRU,10041.0,,0.04,4.014
Nauru,2010,NRU,10067.0,,0.044,4.368
Nauru,2011,NRU,10116.0,,0.04,3.984
Nauru,2012,NRU,10289.0,,0.04,3.917
Nauru,2013,NRU,10539.0,,0.048,4.52
Nauru,2014,NRU,10766.0,,0.051,4.765
Nauru,2015,NRU,10975.0,,0.055,5.008
Nauru,2016,NRU,11173.0,,0.051,4.591
Nauru,2017,NRU,11351.0,,0.055,4.842
Nauru,2018,NRU,11499.0,,0.055,4.78
Nauru,2019,NRU,11609.0,,0.051,4.419
Nauru,2020,NRU,11665.0,,0.055,4.712
Nauru,2021,NRU,11727.0,,0.055,4.687
Nauru,2022,NRU,11822.0,,0.059,4.989
Nauru,2023,NRU,11900.0,,0.059,4.933
Nauru,2024,NRU,11968.0,,0.061,5.13
Nepal,1950,NPL,8396610.0,7209980000.0,0.026,0.003
Nepal,1951,NPL,8572665.0,7414176000.0,0.029,0.003
Nepal,1952,NPL,8747300.0,7667805000.0,0.029,0.003
Nepal,1953,NPL,8918222.0,8138560000.0,0.037,0.004
Nepal,1954,NPL,9087775.0,8309794000.0,0.04,0.004
Nepal,1955,NPL,9257985.0,8474226000.0,0.044,0.005
Nepal,1956,NPL,9427889.0,8861500000.0,0.048,0.005
Nepal,1957,NPL,9598045.0,8859030000.0,0.055,0.006
Nepal,1958,NPL,9766252.0,9358284000.0,0.059,0.006
Nepal,1959,NPL,9938915.0,9618726000.0,0.066,0.007
Nepal,1960,NPL,10123664.0,9834300000.0,0.081,0.008
Nepal,1961,NPL,10318399.0,10074240000.0,0.081,0.008
Nepal,1962,NPL,10521122.0,10311336000.0,0.088,0.008
Nepal,1963,NPL,10729818.0,10563000000.0,0.099,0.009
Nepal,1964,NPL,10946389.0,10805124000.0,0.15,0.014
Nepal,1965,NPL,11173411.0,11068378000.0,0.18,0.016
Nepal,1966,NPL,11408714.0,11842047000.0,0.191,0.017
Nepal,1967,NPL,11652717.0,11644908000.0,0.213,0.018
Nepal,1968,NPL,11906275.0,11736879000.0,0.253,0.021
Nepal,1969,NPL,12167032.0,12264908000.0,0.399,0.033
Nepal,1970,NPL,12436191.0,12574545000.0,0.227,0.018
Nepal,1971,NPL,12710069.0,12422410000.0,0.198,0.016
Nepal,1972,NPL,12989103.0,12810226000.0,0.267,0.021
Nepal,1973,NPL,13275240.0,12744679000.0,0.421,0.032
Nepal,1974,NPL,13568436.0,13553968000.0,0.425,0.031
Nepal,1975,NPL,13870692.0,13763862000.0,0.352,0.025
Nepal,1976,NPL,14177650.0,14370678000.0,0.282,0.02
Nepal,1977,NPL,14499175.0,14809700000.0,0.336,0.023
Nepal,1978,NPL,14839704.0,15463370000.0,0.329,0.022
Nepal,1979,NPL,15190601.0,15813588000.0,0.512,0.034
Nepal,1980,NPL,15553106.0,15445941000.0,0.541,0.035
Nepal,1981,NPL,15922422.0,16724574000.0,0.453,0.028
Nepal,1982,NPL,16297996.0,17363230000.0,0.442,0.027
Nepal,1983,NPL,16689121.0,16854464000.0,0.492,0.03
Nepal,1984,NPL,17085243.0,18482688000.0,0.701,0.041
Nepal,1985,NPL,17477694.0,19628166000.0,0.676,0.039
Nepal,1986,NPL,17868128.0,20520864000.0,0.697,0.039
Nepal,1987,NPL,18250512.0,20865784000.0,0.861,0.047
Nepal,1988,NPL,18638660.0,22479066000.0,0.976,0.052
Nepal,1989,NPL,19057811.0,23443170000.0,0.894,0.047
Nepal,1990,NPL,19524579.0,24523435000.0,0.721,0.037
Nepal,1991,NPL,20036507.0,26059005352.0,1.026,0.051
Nepal,1992,NPL,20609708.0,27087697622.0,1.233,0.06
Nepal,1993,NPL,21180158.0,28089918800.0,1.397,0.066
Nepal,1994,NPL,21717483.0,30349286375.0,1.619,0.075
Nepal,1995,NPL,22245443.0,31356698922.0,2.309,0.104
Nepal,1996,NPL,22741867.0,32961840342.0,2.353,0.103
Nepal,1997,NPL,23219458.0,34660347793.0,2.641,0.114
Nepal,1998,NPL,23680358.0,35610081787.0,2.223,0.094
Nepal,1999,NPL,24125201.0,37151145536.0,3.191,0.132
Nepal,2000,NPL,24546509.0,39381724035.0,3.037,0.124
Nepal,2001,NPL,24946755.0,41523111510.0,3.236,0.13
Nepal,2002,NPL,25328989.0,41501458057.0,2.596,0.103
Nepal,2003,NPL,25688762.0,43073954586.0,2.81,0.109
Nepal,2004,NPL,26016652.0,45033771388.0,2.582,0.099
Nepal,2005,NPL,26309462.0,46375899545.0,2.987,0.114
Nepal,2006,NPL,26565430.0,48016624917.0,2.456,0.092
Nepal,2007,NPL,26788498.0,49595508764.0,2.57,0.096
Nepal,2008,NPL,26990036.0,52545963062.0,3.355,0.124
Nepal,2009,NPL,27173035.0,54837737569.0,4.126,0.152
Nepal,2010,NPL,27341955.0,57388251486.0,4.828,0.177
Nepal,2011,NPL,27464499.0,59280309000.0,5.217,0.19
Nepal,2012,NPL,27534916.0,62106290000.0,5.47,0.199
Nepal,2013,NPL,27589997.0,64655772000.0,6.218,0.225
Nepal,2014,NPL,27672373.0,68540931000.0,7.588,0.274
Nepal,2015,NPL,27823631.0,70404490000.0,6.905,0.248
Nepal,2016,NPL,27955471.0,70942615519.0,10.088,0.361
Nepal,2017,NPL,28011258.0,77349484140.0,12.422,0.443
Nepal,2018,NPL,28079688.0,83234791901.0,14.039,0.5
Nepal,2019,NPL,28414066.0,88775779267.0,12.75,0.449
Nepal,2020,NPL,28966580.0,86672124340.0,15.631,0.54
Nepal,2021,NPL,29475016.0,90865461899.0,15.486,0.525
Nepal,2022,NPL,29715435.0,95965910597.0,17.609,0.593
Nepal,2023,NPL,29694614.0,,18.348,0.618
Nepal,2024,NPL,29651054.0,,18.776,0.633
Netherlands,1950,NLD,10113759.0,96665094351.0,51.301,5.072
Netherlands,1951,NLD,10264536.0,98691345908.0,54.986,5.357
Netherlands,1952,NLD,10382295.0,100684522351.0,54.733,5.272
Netherlands,1953,NLD,10493531.0,109433411699.0,55.275,5.268
Netherlands,1954,NLD,10615733.0,116875332509.0,58.411,5.502
Netherlands,1955,NLD,10751231.0,125548330503.0,61.005,5.674
Netherlands,1956,NLD,10889767.0,130160407553.0,65.097,5.978
Netherlands,1957,NLD,11026879.0,133827208195.0,64.426,5.843
Netherlands,1958,NLD,11187365.0,133414671250.0,66.709,5.963
Netherlands,1959,NLD,11348106.0,139950427740.0,67.136,5.916
Netherlands,1960,NLD,11486909.0,151718574000.0,73.456,6.395
Netherlands,1961,NLD,11639372.0,152164532332.0,75.833,6.515
Netherlands,1962,NLD,11807553.0,162564343769.0,83.3,7.055
Netherlands,1963,NLD,11969159.0,168456866818.0,91.163,7.616
Netherlands,1964,NLD,12131887.0,182416140802.0,96.788,7.978
Netherlands,1965,NLD,12301136.0,191976456000.0,100.415,8.163
Netherlands,1966,NLD,12464283.0,197259119306.0,103.565,8.309
Netherlands,1967,NLD,12607835.0,207633421404.0,106.689,8.462
Netherlands,1968,NLD,12740851.0,220964062773.0,113.453,8.905
Netherlands,1969,NLD,12890641.0,235189710000.0,115.806,8.984
Netherlands,1970,NLD,13052082.0,248591789379.0,141.811,10.865
Netherlands,1971,NLD,13208353.0,259072992746.0,140.67,10.65
Netherlands,1972,NLD,13342780.0,267650540516.0,157.499,11.804
Netherlands,1973,NLD,13453743.0,280204167994.0,165.264,12.284
Netherlands,1974,NLD,13559671.0,291312123839.0,159.989,11.799
Netherlands,1975,NLD,13680033.0,291064001443.0,152.529,11.15
Netherlands,1976,NLD,13786641.0,304755716417.0,169.131,12.268
Netherlands,1977,NLD,13868605.0,313049851248.0,163.609,11.797
Netherlands,1978,NLD,13953922.0,320433845812.0,169.793,12.168
Netherlands,1979,NLD,14050176.0,327558455599.0,187.007,13.31
Netherlands,1980,NLD,14162686.0,331504760244.0,176.635,12.472
Netherlands,1981,NLD,14262691.0,329838768517.0,164.113,11.506
Netherlands,1982,NLD,14333902.0,325990943144.0,133.491,9.313
Netherlands,1983,NLD,14396898.0,331569924519.0,137.361,9.541
Netherlands,1984,NLD,14462809.0,342475533447.0,144.073,9.962
Netherlands,1985,NLD,14538958.0,353024505325.0,146.98,10.109
Netherlands,1986,NLD,14626488.0,362737684375.0,144.014,9.846
Netherlands,1987,NLD,14724948.0,367878506665.0,151.484,10.288
Netherlands,1988,NLD,14825915.0,377506480189.0,145.603,9.821
Netherlands,1989,NLD,14921107.0,395159119113.0,161.664,10.835
Netherlands,1990,NLD,15030886.0,411390791201.0,163.033,10.847
Netherlands,1991,NLD,15155093.0,423942311236.0,171.469,11.314
Netherlands,1992,NLD,15276787.0,433663917114.0,171.277,11.212
Netherlands,1993,NLD,15389718.0,441708287208.0,171.185,11.123
Netherlands,1994,NLD,15485453.0,457377474101.0,171.952,11.104
Netherlands,1995,NLD,15565034.0,474451023067.0,173.482,11.146
Netherlands,1996,NLD,15640032.0,494206817608.0,182.543,11.671
Netherlands,1997,NLD,15723621.0,518458402185.0,175.466,11.159
Netherlands,1998,NLD,15827109.0,545041076356.0,176.396,11.145
Netherlands,1999,NLD,15940183.0,575899135456.0,171.053,10.731
Netherlands,2000,NLD,16058757.0,603803040978.0,172.154,10.72
Netherlands,2001,NLD,16182705.0,620170874924.0,177.464,10.966
Netherlands,2002,NLD,16288060.0,624424625610.0,176.738,10.851
Netherlands,2003,NLD,16366914.0,629811489833.0,180.169,11.008
Netherlands,2004,NLD,16425562.0,646331449347.0,182.09,11.086
Netherlands,2005,NLD,16465707.0,664118269501.0,178.13,10.818
Netherlands,2006,NLD,16493851.0,691453801614.0,173.279,10.506
Netherlands,2007,NLD,16531360.0,721200009128.0,173.028,10.467
Netherlands,2008,NLD,16597259.0,737705013303.0,175.904,10.598
Netherlands,2009,NLD,16684148.0,713986817901.0,170.433,10.215
Netherlands,2010,NLD,16771232.0,728193221597.0,182.479,10.88
Netherlands,2011,NLD,16851061.0,744614396708.0,169.346,10.05
Netherlands,2012,NLD,16915191.0,736942199791.0,165.752,9.799
Netherlands,2013,NLD,16967066.0,735982982299.0,164.925,9.72
Netherlands,2014,NLD,17030085.0,746458868661.0,157.503,9.249
Netherlands,2015,NLD,17107429.0,761083250759.0,163.958,9.584
Netherlands,2016,NLD,17204693.0,777764090323.0,164.812,9.579
Netherlands,2017,NLD,17315376.0,800404023156.0,162.296,9.373
Netherlands,2018,NLD,17421285.0,819300805024.0,158.264,9.085
Netherlands,2019,NLD,17537505.0,835323029559.0,152.727,8.709
Netherlands,2020,NLD,17636732.0,802861622095.0,136.974,7.766
Netherlands,2021,NLD,17730565.0,841906706612.0,139.886,7.89
Netherlands,2022,NLD,17904421.0,879609110665.0,127.503,7.121
Netherlands,2023,NLD,18092526.0,,117.016,6.468
Netherlands,2024,NLD,18228740.0,,114.785,6.297
New Caledonia,1950,NCL,63807.0,,0.22,3.445
New Caledonia,1951,NCL,64745.0,,0.282,4.358
New Caledonia,1952,NCL,65754.0,,0.473,7.188
New Caledonia,1953,NCL,66824.0,,0.399,5.977
New Caledonia,1954,NCL,67966.0,,0.52,7.655
New Caledonia,1955,NCL,69170.0,,0.7,10.117
New Caledonia,1956,NCL,70633.0,,1.165,16.496
New Caledonia,1957,NCL,72568.0,,1.066,14.693
New Caledonia,1958,NCL,74856.0,,0.74,9.887
New Caledonia,1959,NCL,77279.0,,0.59,7.633
New Caledonia,1960,NCL,79832.0,,0.861,10.786
New Caledonia,1961,NCL,82535.0,,0.887,10.743
New Caledonia,1962,NCL,85350.0,,0.564,6.611
New Caledonia,1963,NCL,88066.0,,0.619,7.031
New Caledonia,1964,NCL,90618.0,,1.099,12.13
New Caledonia,1965,NCL,93173.0,,1.231,13.213
New Caledonia,1966,NCL,95835.0,,1.51,15.752
New Caledonia,1967,NCL,98598.0,,1.473,14.939
New Caledonia,1968,NCL,101456.0,,1.839,18.129
New Caledonia,1969,NCL,104863.0,,1.557,14.85
New Caledonia,1970,NCL,109349.0,,2.393,21.88
New Caledonia,1971,NCL,114522.0,,2.418,21.116
New Caledonia,1972,NCL,119946.0,,1.704,14.204
New Caledonia,1973,NCL,125597.0,,2.598,20.682
New Caledonia,1974,NCL,131460.0,,2.781,21.153
New Caledonia,1975,NCL,137471.0,,2.528,18.389
New Caledonia,1976,NCL,142105.0,,2.388,16.807
New Caledonia,1977,NCL,144613.0,,2.139,14.791
New Caledonia,1978,NCL,146402.0,,1.541,10.528
New Caledonia,1979,NCL,148142.0,,1.64,11.07
New Caledonia,1980,NCL,149826.0,,1.999,13.339
New Caledonia,1981,NCL,151458.0,,1.39,9.18
New Caledonia,1982,NCL,153013.0,,1.262,8.246
New Caledonia,1983,NCL,155019.0,,1.151,7.426
New Caledonia,1984,NCL,157601.0,,1.202,7.628
New Caledonia,1985,NCL,160252.0,,1.451,9.054
New Caledonia,1986,NCL,162912.0,,1.401,8.599
New Caledonia,1987,NCL,165659.0,,1.454,8.78
New Caledonia,1988,NCL,168521.0,,1.501,8.908
New Caledonia,1989,NCL,172043.0,,1.639,9.529
New Caledonia,1990,NCL,176468.0,,1.576,8.933
New Caledonia,1991,NCL,181251.0,,1.759,9.703
New Caledonia,1992,NCL,186084.0,,1.575,8.466
New Caledonia,1993,NCL,190858.0,,1.832,9.598
New Caledonia,1994,NCL,195626.0,,1.975,10.095
New Caledonia,1995,NCL,200392.0,,2.067,10.313
New Caledonia,1996,NCL,205048.0,,2.184,10.651
New Caledonia,1997,NCL,209568.0,,1.817,8.672
New Caledonia,1998,NCL,214062.0,,1.81,8.456
New Caledonia,1999,NCL,218532.0,,2.056,9.406
New Caledonia,2000,NCL,223110.0,,2.224,9.968
New Caledonia,2001,NCL,227714.0,,1.877,8.241
New Caledonia,2002,NCL,232239.0,,2.392,10.301
New Caledonia,2003,NCL,236684.0,,2.726,11.516
New Caledonia,2004,NCL,240865.0,,2.515,10.441
New Caledonia,2005,NCL,244391.0,,2.806,11.482
New Caledonia,2006,NCL,247557.0,,2.71,10.948
New Caledonia,2007,NCL,250730.0,,2.927,11.673
New Caledonia,2008,NCL,253831.0,,2.848,11.22
New Caledonia,2009,NCL,257261.0,,3.036,11.8
New Caledonia,2010,NCL,261580.0,,3.658,13.983
New Caledonia,2011,NCL,266550.0,,3.694,13.86
New Caledonia,2012,NCL,271640.0,,3.706,13.641
New Caledonia,2013,NCL,276832.0,,3.97,14.341
New Caledonia,2014,NCL,281233.0,,5.009,17.811
New Caledonia,2015,NCL,283179.0,,4.877,17.222
New Caledonia,2016,NCL,283432.0,,5.482,19.341
New Caledonia,2017,NCL,283554.0,,5.584,19.692
New Caledonia,2018,NCL,283551.0,,5.913,20.853
New Caledonia,2019,NCL,283616.0,,5.673,20.002
New Caledonia,2020,NCL,284187.0,,5.109,17.978
New Caledonia,2021,NCL,285227.0,,4.537,15.906
New Caledonia,2022,NCL,287130.0,,5.116,17.816
New Caledonia,2023,NCL,289879.0,,5.068,17.483
New Caledonia,2024,NCL,292655.0,,5.287,18.064
New Zealand,1950,NZL,1911265.0,25722111279.0,8.569,4.483
New Zealand,1951,NZL,1951209.0,23756198875.0,8.17,4.187
New Zealand,1952,NZL,1997753.0,24789304358.0,9.32,4.665
New Zealand,1953,NZL,2047750.0,25637429991.0,8.551,4.176
New Zealand,1954,NZL,2095143.0,29164968878.0,9.071,4.329
New Zealand,1955,NZL,2139674.0,29709824109.0,9.393,4.39
New Zealand,1956,NZL,2184844.0,31249734890.0,9.675,4.428
New Zealand,1957,NZL,2233688.0,32143589872.0,10.305,4.613
New Zealand,1958,NZL,2284995.0,33403924052.0,10.18,4.455
New Zealand,1959,NZL,2333486.0,35782723779.0,10.319,4.422
New Zealand,1960,NZL,2379482.0,35782533316.0,11.532,4.846
New Zealand,1961,NZL,2429744.0,37783245091.0,11.755,4.838
New Zealand,1962,NZL,2484403.0,38599899807.0,11.198,4.507
New Zealand,1963,NZL,2538117.0,41042804077.0,12.217,4.813
New Zealand,1964,NZL,2588770.0,43041920889.0,13.092,5.057
New Zealand,1965,NZL,2636493.0,45787174706.0,13.685,5.191
New Zealand,1966,NZL,2682589.0,48674218934.0,14.0,5.219
New Zealand,1967,NZL,2723417.0,46452208387.0,13.627,5.004
New Zealand,1968,NZL,2754522.0,46376031000.0,13.473,4.891
New Zealand,1969,NZL,2784399.0,51163398000.0,14.257,5.12
New Zealand,1970,NZL,2822184.0,50438272620.0,14.18,5.024
New Zealand,1971,NZL,2867168.0,53055036500.0,15.049,5.249
New Zealand,1972,NZL,2919263.0,55327771744.0,16.19,5.546
New Zealand,1973,NZL,2978989.0,59259510166.0,18.2,6.11
New Zealand,1974,NZL,3041223.0,62785891595.0,18.76,6.169
New Zealand,1975,NZL,3094039.0,62066045572.0,18.27,5.905
New Zealand,1976,NZL,3126639.0,63578722534.0,19.249,6.156
New Zealand,1977,NZL,3140129.0,60481237133.0,20.313,6.469
New Zealand,1978,NZL,3142245.0,60726376536.0,18.024,5.736
New Zealand,1979,NZL,3141596.0,61961889956.0,16.494,5.25
New Zealand,1980,NZL,3146325.0,62391720228.0,17.482,5.556
New Zealand,1981,NZL,3159844.0,65419585647.0,16.561,5.241
New Zealand,1982,NZL,3185129.0,66640155000.0,18.27,5.736
New Zealand,1983,NZL,3219281.0,68466870000.0,17.998,5.591
New Zealand,1984,NZL,3249828.0,71840334000.0,19.337,5.95
New Zealand,1985,NZL,3268030.0,72396720000.0,21.858,6.688
New Zealand,1986,NZL,3281510.0,73916284000.0,22.946,6.993
New Zealand,1987,NZL,3299443.0,74219984000.0,24.165,7.324
New Zealand,1988,NZL,3316026.0,74015942000.0,25.446,7.674
New Zealand,1989,NZL,3333822.0,74677446000.0,25.453,7.635
New Zealand,1990,NZL,3396981.0,74483238000.0,25.49,7.504
New Zealand,1991,NZL,3480933.0,74961224062.0,26.17,7.518
New Zealand,1992,NZL,3532246.0,75624106462.0,28.154,7.971
New Zealand,1993,NZL,3573609.0,79461848563.0,27.746,7.764
New Zealand,1994,NZL,3621030.0,84890067977.0,27.885,7.701
New Zealand,1995,NZL,3674434.0,88724280201.0,27.989,7.617
New Zealand,1996,NZL,3729383.0,92246848029.0,29.288,7.853
New Zealand,1997,NZL,3776950.0,95195281693.0,31.261,8.277
New Zealand,1998,NZL,3811376.0,96170421359.0,29.837,7.828
New Zealand,1999,NZL,3835561.0,100616403871.0,31.443,8.198
New Zealand,2000,NZL,3857576.0,104942102861.0,32.221,8.353
New Zealand,2001,NZL,3891763.0,107226686179.0,34.356,8.828
New Zealand,2002,NZL,3951116.0,112775904669.0,34.519,8.737
New Zealand,2003,NZL,4022585.0,118221542739.0,36.22,9.004
New Zealand,2004,NZL,4083912.0,123732222489.0,35.806,8.768
New Zealand,2005,NZL,4135002.0,127087212440.0,37.401,9.045
New Zealand,2006,NZL,4181943.0,130823651084.0,37.304,8.92
New Zealand,2007,NZL,4223270.0,136252900902.0,36.383,8.615
New Zealand,2008,NZL,4261819.0,135932629621.0,37.485,8.796
New Zealand,2009,NZL,4304304.0,136500728040.0,34.594,8.037
New Zealand,2010,NZL,4347766.0,139478805582.0,34.787,8.001
New Zealand,2011,NZL,4382699.0,142521900112.0,34.241,7.813
New Zealand,2012,NZL,4411682.0,146280651356.0,35.918,8.142
New Zealand,2013,NZL,4453857.0,149512485774.0,35.219,7.908
New Zealand,2014,NZL,4522976.0,154422989929.0,35.399,7.827
New Zealand,2015,NZL,4614035.0,160782215776.0,35.805,7.76
New Zealand,2016,NZL,4714768.0,167418113760.0,34.135,7.24
New Zealand,2017,NZL,4812749.0,174187918857.0,35.661,7.41
New Zealand,2018,NZL,4900840.0,181445758308.0,35.687,7.282
New Zealand,2019,NZL,4989410.0,187274507980.0,36.711,7.358
New Zealand,2020,NZL,5069895.0,184971347287.0,34.109,6.728
New Zealand,2021,NZL,5107694.0,196312458906.0,34.597,6.773
New Zealand,2022,NZL,5131731.0,200602760076.0,31.966,6.229
New Zealand,2023,NZL,5172837.0,,31.56,6.101
New Zealand,2024,NZL,5213942.0,,32.479,6.229
Nicaragua,1950,NIC,1331445.0,2816370000.0,0.191,0.143
Nicaragua,1951,NIC,1369654.0,3005067000.0,0.201,0.147
Nicaragua,1952,NIC,1409023.0,3516656000.0,0.275,0.195
Nicaragua,1953,NIC,1449903.0,3602394000.0,0.286,0.197
Nicaragua,1954,NIC,1492261.0,3937542000.0,0.315,0.211
Nicaragua,1955,NIC,1536247.0,4198776000.0,0.392,0.255
Nicaragua,1956,NIC,1581977.0,4195962000.0,0.377,0.238
Nicaragua,1957,NIC,1629469.0,4554009000.0,0.418,0.256
Nicaragua,1958,NIC,1678745.0,4567716000.0,0.601,0.358
Nicaragua,1959,NIC,1729794.0,4632984000.0,0.48,0.277
Nicaragua,1960,NIC,1782371.0,4699964000.0,0.531,0.298
Nicaragua,1961,NIC,1836456.0,5049857000.0,0.56,0.305
Nicaragua,1962,NIC,1892325.0,5601911000.0,0.659,0.348
Nicaragua,1963,NIC,1950162.0,6208402000.0,0.843,0.432
Nicaragua,1964,NIC,2010183.0,6935940000.0,0.949,0.472
Nicaragua,1965,NIC,2072687.0,7595000000.0,0.78,0.376
Nicaragua,1966,NIC,2137821.0,7845994000.0,0.96,0.449
Nicaragua,1967,NIC,2205571.0,8392500000.0,1.08,0.49
Nicaragua,1968,NIC,2275837.0,8510994000.0,1.231,0.541
Nicaragua,1969,NIC,2348401.0,9073232000.0,1.286,0.547
Nicaragua,1970,NIC,2423065.0,9162539000.0,1.403,0.579
Nicaragua,1971,NIC,2499829.0,9609960000.0,1.505,0.602
Nicaragua,1972,NIC,2573583.0,9917369000.0,1.604,0.623
Nicaragua,1973,NIC,2649283.0,10423976000.0,1.828,0.69
Nicaragua,1974,NIC,2732073.0,11748480000.0,1.948,0.713
Nicaragua,1975,NIC,2816947.0,12006135000.0,1.927,0.684
Nicaragua,1976,NIC,2903850.0,12609827000.0,2.222,0.765
Nicaragua,1977,NIC,2992532.0,13400838000.0,2.833,0.947
Nicaragua,1978,NIC,3080323.0,12442768000.0,2.627,0.853
Nicaragua,1979,NIC,3164524.0,9149235000.0,1.709,0.54
Nicaragua,1980,NIC,3252404.0,9569442000.0,2.022,0.622
Nicaragua,1981,NIC,3345679.0,10088520000.0,2.134,0.638
Nicaragua,1982,NIC,3438747.0,9999360000.0,2.11,0.614
Nicaragua,1983,NIC,3530286.0,10462228000.0,1.996,0.565
Nicaragua,1984,NIC,3619109.0,10301112000.0,1.846,0.51
Nicaragua,1985,NIC,3706480.0,9880260000.0,1.984,0.535
Nicaragua,1986,NIC,3794161.0,9779728000.0,2.255,0.594
Nicaragua,1987,NIC,3882168.0,9706884000.0,2.43,0.626
Nicaragua,1988,NIC,3972317.0,8503192000.0,2.239,0.564
Nicaragua,1989,NIC,4066483.0,8356356000.0,1.468,0.361
Nicaragua,1990,NIC,4162566.0,8348404000.0,2.043,0.491
Nicaragua,1991,NIC,4259636.0,8483399893.0,1.984,0.466
Nicaragua,1992,NIC,4357031.0,8668809931.0,2.37,0.544
Nicaragua,1993,NIC,4453733.0,8788659513.0,2.28,0.512
Nicaragua,1994,NIC,4549317.0,9239788720.0,2.514,0.553
Nicaragua,1995,NIC,4642933.0,9966535313.0,2.751,0.592
Nicaragua,1996,NIC,4729979.0,10785595274.0,2.842,0.601
Nicaragua,1997,NIC,4809574.0,11415412840.0,3.108,0.646
Nicaragua,1998,NIC,4883659.0,12049925222.0,3.386,0.693
Nicaragua,1999,NIC,4954021.0,13130550582.0,3.59,0.725
Nicaragua,2000,NIC,5022636.0,13909591678.0,3.71,0.739
Nicaragua,2001,NIC,5087827.0,14579899402.0,3.909,0.768
Nicaragua,2002,NIC,5149914.0,14954188068.0,3.976,0.772
Nicaragua,2003,NIC,5210970.0,15599450900.0,4.31,0.827
Nicaragua,2004,NIC,5272909.0,16722815302.0,4.362,0.827
Nicaragua,2005,NIC,5342108.0,17753885555.0,4.253,0.796
Nicaragua,2006,NIC,5418857.0,18819405708.0,4.407,0.813
Nicaragua,2007,NIC,5497247.0,20171035929.0,4.54,0.826
Nicaragua,2008,NIC,5576597.0,21118480099.0,4.353,0.781
Nicaragua,2009,NIC,5656602.0,20900358446.0,4.432,0.784
Nicaragua,2010,NIC,5737451.0,21950676457.0,4.453,0.776
Nicaragua,2011,NIC,5819051.0,23734874000.0,4.789,0.823
Nicaragua,2012,NIC,5901290.0,25065728000.0,4.534,0.768
Nicaragua,2013,NIC,5983852.0,26206803000.0,4.586,0.766
Nicaragua,2014,NIC,6066493.0,27402565000.0,4.72,0.778
Nicaragua,2015,NIC,6149417.0,28748328000.0,5.408,0.879
Nicaragua,2016,NIC,6232664.0,29929662026.0,5.379,0.863
Nicaragua,2017,NIC,6316235.0,31179621906.0,5.441,0.861
Nicaragua,2018,NIC,6400074.0,30002714290.0,5.178,0.809
Nicaragua,2019,NIC,6483660.0,29133575354.0,5.208,0.803
Nicaragua,2020,NIC,6565267.0,28619004754.0,4.641,0.707
Nicaragua,2021,NIC,6644745.0,31580275032.0,5.133,0.772
Nicaragua,2022,NIC,6730662.0,32764782125.0,5.131,0.762
Nicaragua,2023,NIC,6823619.0,,5.428,0.796
Nicaragua,2024,NIC,6916136.0,,5.63,0.814
Niger,1950,NER,2597818.0,3215464757.0,0.028,0.011
Niger,1951,NER,2684753.0,3337460718.0,0.024,0.009
Niger,1952,NER,2771894.0,3457195781.0,0.027,0.01
Niger,1953,NER,2859196.0,3581422686.0,0.022,0.008
Niger,1954,NER,2946889.0,3717358751.0,0.026,0.009
Niger,1955,NER,3035284.0,3851372395.0,0.026,0.009
Niger,1956,NER,3124754.0,3997831309.0,0.03,0.01
Niger,1957,NER,3215845.0,4142630540.0,0.031,0.01
Niger,1958,NER,3309227.0,4300685956.0,0.026,0.008
Niger,1959,NER,3405469.0,4457378666.0,0.022,0.006
Niger,1960,NER,3505056.0,4746060323.0,0.029,0.008
Niger,1961,NER,3608172.0,4946709919.0,0.055,0.015
Niger,1962,NER,3714521.0,5465926803.0,0.066,0.018
Niger,1963,NER,3823879.0,6007101902.0,0.088,0.023
Niger,1964,NER,3935821.0,6016752729.0,0.095,0.024
Niger,1965,NER,4049700.0,6472059453.0,0.092,0.023
Niger,1966,NER,4165551.0,6394610588.0,0.136,0.033
Niger,1967,NER,4283594.0,6424765870.0,0.132,0.031
Niger,1968,NER,4403640.0,6477022057.0,0.161,0.037
Niger,1969,NER,4525724.0,6278839201.0,0.19,0.042
Niger,1970,NER,4650272.0,6471749805.0,0.216,0.046
Niger,1971,NER,4776227.0,6839057783.0,0.23,0.048
Niger,1972,NER,4904847.0,6487256149.0,0.252,0.051
Niger,1973,NER,5037868.0,5377249123.0,0.327,0.065
Niger,1974,NER,5174956.0,5850713317.0,0.288,0.056
Niger,1975,NER,5317022.0,5689989990.0,0.333,0.063
Niger,1976,NER,5464963.0,5730974546.0,0.331,0.061
Niger,1977,NER,5619722.0,6176427414.0,0.363,0.065
Niger,1978,NER,5782939.0,7007806354.0,0.413,0.071
Niger,1979,NER,5955557.0,7506035386.0,0.476,0.08
Niger,1980,NER,6135968.0,7866668786.0,0.566,0.092
Niger,1981,NER,6322011.0,7967200505.0,0.68,0.108
Niger,1982,NER,6512733.0,7865084402.0,0.742,0.114
Niger,1983,NER,6708646.0,7722073261.0,0.958,0.143
Niger,1984,NER,6909974.0,6409067878.0,0.987,0.143
Niger,1985,NER,7118457.0,6525748535.0,0.99,0.139
Niger,1986,NER,7335814.0,6821578785.0,0.894,0.122
Niger,1987,NER,7561154.0,6580954593.0,0.993,0.131
Niger,1988,NER,7793752.0,6947782042.0,0.983,0.126
Niger,1989,NER,8034782.0,6960921027.0,1.034,0.129
Niger,1990,NER,8286066.0,6837988542.0,0.599,0.072
Niger,1991,NER,8546900.0,6989575096.0,0.566,0.066
Niger,1992,NER,8817633.0,6527731522.0,0.521,0.059
Niger,1993,NER,9100789.0,6612264624.0,0.602,0.066
Niger,1994,NER,9398266.0,6867284266.0,0.577,0.061
Niger,1995,NER,9714537.0,6415921691.0,0.558,0.057
Niger,1996,NER,10044848.0,6731376519.0,0.639,0.064
Niger,1997,NER,10383977.0,6759223607.0,0.648,0.062
Niger,1998,NER,10741416.0,7611872294.0,0.696,0.065
Niger,1999,NER,11117414.0,7681517627.0,0.682,0.061
Niger,2000,NER,11509634.0,7478107136.0,0.683,0.059
Niger,2001,NER,11920648.0,8079568499.0,0.646,0.054
Niger,2002,NER,12349150.0,8506710068.0,0.685,0.055
Niger,2003,NER,12796979.0,9108500707.0,0.744,0.058
Niger,2004,NER,13265843.0,9044074242.0,0.795,0.06
Niger,2005,NER,13756192.0,9809322645.0,0.691,0.05
Niger,2006,NER,14268583.0,10382568329.0,0.671,0.047
Niger,2007,NER,14803604.0,10716181753.0,0.706,0.048
Niger,2008,NER,15361921.0,11762875984.0,0.792,0.052
Niger,2009,NER,15943673.0,11700248745.0,0.952,0.06
Niger,2010,NER,16548833.0,12694118605.0,1.16,0.07
Niger,2011,NER,17176286.0,12994344552.0,1.313,0.076
Niger,2012,NER,17836770.0,14364207370.0,1.852,0.104
Niger,2013,NER,18519899.0,15127089342.0,2.078,0.112
Niger,2014,NER,19215917.0,16132130068.0,2.256,0.117
Niger,2015,NER,19939496.0,16840818422.0,2.199,0.11
Niger,2016,NER,20685758.0,17807651308.0,2.142,0.104
Niger,2017,NER,21435449.0,18698209711.0,2.243,0.105
Niger,2018,NER,22188074.0,20008393727.0,1.803,0.081
Niger,2019,NER,22947765.0,21237507069.0,2.513,0.11
Niger,2020,NER,23717615.0,21991440513.0,3.04,0.128
Niger,2021,NER,24502145.0,22299096291.0,2.588,0.106
Niger,2022,NER,25311978.0,24776754234.0,3.201,0.126
Niger,2023,NER,26159863.0,,3.133,0.12
Niger,2024,NER,27032417.0,,3.17,0.117
Nigeria,1950,NGA,37283019.0,38156327343.0,2.257,0.061
Nigeria,1951,NGA,37994083.0,41005014917.0,1.685,0.044
Nigeria,1952,NGA,38716210.0,43933848082.0,2.18,0.056
Nigeria,1953,NGA,39439813.0,44976597070.0,2.437,0.062
Nigeria,1954,NGA,40176326.0,48277908054.0,2.572,0.064
Nigeria,1955,NGA,40935638.0,49579612550.0,2.697,0.066
Nigeria,1956,NGA,41716059.0,48439816003.0,3.012,0.072
Nigeria,1957,NGA,42517478.0,50392811601.0,3.184,0.075
Nigeria,1958,NGA,43324654.0,49793911953.0,3.722,0.086
Nigeria,1959,NGA,44161685.0,51983649812.0,3.565,0.081
Nigeria,1960,NGA,45053787.0,54302556972.0,3.403,0.076
Nigeria,1961,NGA,45989313.0,56159041046.0,4.11,0.089
Nigeria,1962,NGA,46965299.0,59400801554.0,4.175,0.089
Nigeria,1963,NGA,47973576.0,64962502468.0,5.344,0.111
Nigeria,1964,NGA,49012023.0,67726020136.0,7.267,0.148
Nigeria,1965,NGA,50086762.0,72336372910.0,11.75,0.235
Nigeria,1966,NGA,51188240.0,69980472843.0,12.893,0.252
Nigeria,1967,NGA,52293065.0,59100391406.0,12.824,0.245
Nigeria,1968,NGA,53432785.0,58423795273.0,6.626,0.124
Nigeria,1969,NGA,54631917.0,74074338953.0,12.1,0.221
Nigeria,1970,NGA,55893836.0,96941350437.0,21.52,0.385
Nigeria,1971,NGA,57214688.0,108401610312.0,32.248,0.564
Nigeria,1972,NGA,58601749.0,112459763390.0,41.376,0.706
Nigeria,1973,NGA,60082138.0,122133186359.0,49.513,0.824
Nigeria,1974,NGA,61679153.0,136239149109.0,62.21,1.009
Nigeria,1975,NGA,63410821.0,132128496500.0,47.316,0.746
Nigeria,1976,NGA,65258000.0,146595519750.0,55.157,0.845
Nigeria,1977,NGA,67234590.0,151895001562.0,50.468,0.751
Nigeria,1978,NGA,69326531.0,142940427093.0,48.185,0.695
Nigeria,1979,NGA,71498241.0,152725875250.0,70.143,0.981
Nigeria,1980,NGA,73764641.0,155628248750.0,67.987,0.922
Nigeria,1981,NGA,76068116.0,143112481914.0,65.751,0.864
Nigeria,1982,NGA,78378699.0,141847582187.0,65.309,0.833
Nigeria,1983,NGA,80438257.0,132378063507.0,59.622,0.741
Nigeria,1984,NGA,82526444.0,126319989398.0,69.338,0.84
Nigeria,1985,NGA,84897973.0,137605676875.0,69.561,0.819
Nigeria,1986,NGA,87235959.0,140218497343.0,73.107,0.838
Nigeria,1987,NGA,89591718.0,139114204312.0,58.942,0.658
Nigeria,1988,NGA,92020088.0,152964623265.0,70.347,0.764
Nigeria,1989,NGA,94531022.0,162802045656.0,42.046,0.445
Nigeria,1990,NGA,97120926.0,171278462601.0,38.786,0.399
Nigeria,1991,NGA,99720161.0,174067595995.0,41.841,0.42
Nigeria,1992,NGA,102372779.0,181866334418.0,46.162,0.451
Nigeria,1993,NGA,105122075.0,188893712697.0,44.705,0.425
Nigeria,1994,NGA,107935717.0,193990909901.0,80.36,0.745
Nigeria,1995,NGA,110819430.0,202397614701.0,84.23,0.76
Nigeria,1996,NGA,113754783.0,215950344813.0,97.767,0.859
Nigeria,1997,NGA,116754790.0,227883174622.0,95.649,0.819
Nigeria,1998,NGA,119846261.0,239844515802.0,86.338,0.72
Nigeria,1999,NGA,123047324.0,247535177447.0,84.838,0.689
Nigeria,2000,NGA,126382490.0,268133056679.0,96.831,0.766
Nigeria,2001,NGA,129862594.0,293371700731.0,100.218,0.772
Nigeria,2002,NGA,133471995.0,344836483316.0,89.906,0.674
Nigeria,2003,NGA,137202646.0,387284228400.0,100.03,0.729
Nigeria,2004,NGA,141057045.0,438814816180.0,94.962,0.673
Nigeria,2005,NGA,145017256.0,481797619872.0,101.666,0.701
Nigeria,2006,NGA,149077335.0,527631752471.0,90.097,0.604
Nigeria,2007,NGA,153267254.0,581001445796.0,82.17,0.536
Nigeria,2008,NGA,157595014.0,638908028616.0,86.489,0.549
Nigeria,2009,NGA,162049466.0,709931188516.0,77.031,0.475
Nigeria,2010,NGA,166642888.0,809999411809.0,112.05,0.672
Nigeria,2011,NGA,171379602.0,871103799000.0,126.115,0.736
Nigeria,2012,NGA,176200627.0,908380661120.0,110.125,0.625
Nigeria,2013,NGA,181049440.0,957382666012.0,117.401,0.648
Nigeria,2014,NGA,185896917.0,1017790765613.0,123.971,0.667
Nigeria,2015,NGA,190671883.0,1044789628210.0,110.525,0.58
Nigeria,2016,NGA,195443698.0,1027896680223.0,116.396,0.596
Nigeria,2017,NGA,200254580.0,1036180414988.0,112.54,0.562
Nigeria,2018,NGA,204938752.0,1056103594567.0,106.786,0.521
Nigeria,2019,NGA,209485637.0,1079426893318.0,127.859,0.61
Nigeria,2020,NGA,213996185.0,1060059201469.0,124.899,0.584
Nigeria,2021,NGA,218529286.0,1098721596994.0,147.777,0.676
Nigeria,2022,NGA,223150906.0,1134448580250.0,131.441,0.589
Nigeria,2023,NGA,227882949.0,,129.376,0.568
Nigeria,2024,NGA,232679482.0,,135.824,0.584
Niue,1950,NIU,4519.0,,,
Niue,1951,NIU,4565.0,,,
Niue,1952,NIU,4581.0,,,
Niue,1953,NIU,4600.0,,,
Niue,1954,NIU,4620.0,,,
Niue,1955,NIU,4649.0,,,
Niue,1956,NIU,4690.0,,,
Niue,1957,NIU,4738.0,,,
Niue,1958,NIU,4785.0,,,
Niue,1959,NIU,4826.0,,,
Niue,1960,NIU,4847.0,,,
Niue,1961,NIU,4870.0,,,
Niue,1962,NIU,4945.0,,,
Niue,1963,NIU,5055.0,,,
Niue,1964,NIU,5150.0,,,
Niue,1965,NIU,5227.0,,,
Niue,1966,NIU,5259.0,,,
Niue,1967,NIU,5262.0,,,
Niue,1968,NIU,5234.0,,,
Niue,1969,NIU,5183.0,,,
Niue,1970,NIU,5133.0,,0.004,0.714
Niue,1971,NIU,5059.0,,0.004,0.724
Niue,1972,NIU,4914.0,,0.004,0.746
Niue,1973,NIU,4718.0,,0.004,0.777
Niue,1974,NIU,4497.0,,0.004,0.815
Niue,1975,NIU,4253.0,,0.004,0.862
Niue,1976,NIU,4013.0,,0.004,0.913
Niue,1977,NIU,3868.0,,0.004,0.947
Niue,1978,NIU,3776.0,,0.004,0.97
Niue,1979,NIU,3673.0,,0.004,0.998
Niue,1980,NIU,3550.0,,0.004,1.032
Niue,1981,NIU,3413.0,,0.004,1.074
Niue,1982,NIU,3281.0,,0.004,1.117
Niue,1983,NIU,3129.0,,0.004,1.171
Niue,1984,NIU,2974.0,,0.004,1.232
Niue,1985,NIU,2803.0,,0.004,1.307
Niue,1986,NIU,2658.0,,0.004,1.378
Niue,1987,NIU,2584.0,,0.004,1.418
Niue,1988,NIU,2559.0,,0.004,1.432
Niue,1989,NIU,2537.0,,0.004,1.444
Niue,1990,NIU,2506.0,,0.007,2.924
Niue,1991,NIU,2476.0,,0.007,2.96
Niue,1992,NIU,2443.0,,0.007,3.0
Niue,1993,NIU,2403.0,,0.007,3.05
Niue,1994,NIU,2362.0,,0.007,3.102
Niue,1995,NIU,2326.0,,0.004,1.575
Niue,1996,NIU,2290.0,,0.004,1.6
Niue,1997,NIU,2242.0,,0.004,1.634
Niue,1998,NIU,2187.0,,0.007,3.351
Niue,1999,NIU,2138.0,,0.007,3.428
Niue,2000,NIU,2068.0,,0.007,3.544
Niue,2001,NIU,2007.0,,0.007,3.651
Niue,2002,NIU,1965.0,,0.007,3.729
Niue,2003,NIU,1928.0,,0.004,1.9
Niue,2004,NIU,1891.0,,0.004,1.938
Niue,2005,NIU,1849.0,,0.004,1.982
Niue,2006,NIU,1818.0,,0.004,2.015
Niue,2007,NIU,1810.0,,0.004,2.024
Niue,2008,NIU,1805.0,,0.007,4.06
Niue,2009,NIU,1801.0,,0.004,2.034
Niue,2010,NIU,1786.0,,0.004,2.052
Niue,2011,NIU,1776.0,,0.004,2.063
Niue,2012,NIU,1784.0,,0.004,2.054
Niue,2013,NIU,1786.0,,0.007,4.103
Niue,2014,NIU,1792.0,,0.007,4.089
Niue,2015,NIU,1803.0,,0.007,4.064
Niue,2016,NIU,1806.0,,0.007,4.058
Niue,2017,NIU,1803.0,,0.007,4.064
Niue,2018,NIU,1805.0,,0.007,4.06
Niue,2019,NIU,1814.0,,0.007,4.04
Niue,2020,NIU,1822.0,,0.007,4.022
Niue,2021,NIU,1836.0,,0.007,3.991
Niue,2022,NIU,1844.0,,0.007,3.974
Niue,2023,NIU,1841.0,,0.007,3.961
Niue,2024,NIU,1841.0,,0.008,4.143
Non-OECD (GCP),1950,,,,1129.766,
Non-OECD (GCP),1951,,,,1241.93,
Non-OECD (GCP),1952,,,,1348.384,
Non-OECD (GCP),1953,,,,1411.245,
Non-OECD (GCP),1954,,,,1561.06,
Non-OECD (GCP),1955,,,,1783.861,
Non-OECD (GCP),1956,,,,1955.155,
Non-OECD (GCP),1957,,,,2138.98,
Non-OECD (GCP),1958,,,,2511.231,
Non-OECD (GCP),1959,,,,2817.117,
Non-OECD (GCP),1960,,,,3004.149,
Non-OECD (GCP),1961,,,,2861.646,
Non-OECD (GCP),1962,,,,2892.469,
Non-OECD (GCP),1963,,,,3053.674,
Non-OECD (GCP),1964,,,,3241.076,
Non-OECD (GCP),1965,,,,3482.825,
Non-OECD (GCP),1966,,,,3705.296,
Non-OECD (GCP),1967,,,,3785.77,
Non-OECD (GCP),1968,,,,4006.294,
Non-OECD (GCP),1969,,,,4324.855,
Non-OECD (GCP),1970,,,,4779.512,
Non-OECD (GCP),1971,,,,5174.237,
Non-OECD (GCP),1972,,,,5437.049,
Non-OECD (GCP),1973,,,,5776.475,
Non-OECD (GCP),1974,,,,5964.37,
Non-OECD (GCP),1975,,,,6306.495,
Non-OECD (GCP),1976,,,,6642.769,
Non-OECD (GCP),1977,,,,6964.048,
Non-OECD (GCP),1978,,,,7351.438,
Non-OECD (GCP),1979,,,,7559.338,
Non-OECD (GCP),1980,,,,7719.243,
Non-OECD (GCP),1981,,,,7647.864,
Non-OECD (GCP),1982,,,,7894.855,
Non-OECD (GCP),1983,,,,8142.821,
Non-OECD (GCP),1984,,,,8430.647,
Non-OECD (GCP),1985,,,,9009.604,
Non-OECD (GCP),1986,,,,9272.382,
Non-OECD (GCP),1987,,,,9523.896,
Non-OECD (GCP),1988,,,,10007.497,
Non-OECD (GCP),1989,,,,10050.847,
Non-OECD (GCP),1990,,,,10130.485,
Non-OECD (GCP),1991,,,,10619.17,
Non-OECD (GCP),1992,,,,9857.377,
Non-OECD (GCP),1993,,,,10007.536,
Non-OECD (GCP),1994,,,,10023.255,
Non-OECD (GCP),1995,,,,10369.266,
Non-OECD (GCP),1996,,,,10643.44,
Non-OECD (GCP),1997,,,,10676.362,
Non-OECD (GCP),1998,,,,10538.351,
Non-OECD (GCP),1999,,,,10928.062,
Non-OECD (GCP),2000,,,,11242.157,
Non-OECD (GCP),2001,,,,11491.05,
Non-OECD (GCP),2002,,,,11949.757,
Non-OECD (GCP),2003,,,,13075.206,
Non-OECD (GCP),2004,,,,13823.908,
Non-OECD (GCP),2005,,,,14716.296,
Non-OECD (GCP),2006,,,,15710.91,
Non-OECD (GCP),2007,,,,16430.57,
Non-OECD (GCP),2008,,,,17325.91,
Non-OECD (GCP),2009,,,,17695.033,
Non-OECD (GCP),2010,,,,19017.867,
Non-OECD (GCP),2011,,,,20287.479,
Non-OECD (GCP),2012,,,,20934.553,
Non-OECD (GCP),2013,,,,21177.152,
Non-OECD (GCP),2014,,,,21552.881,
Non-OECD (GCP),2015,,,,21584.74,
Non-OECD (GCP),2016,,,,21700.916,
Non-OECD (GCP),2017,,,,22268.627,
Non-OECD (GCP),2018,,,,22922.354,
Non-OECD (GCP),2019,,,,23620.557,
Non-OECD (GCP),2020,,,,23176.334,
Non-OECD (GCP),2021,,,,24228.293,
Non-OECD (GCP),2022,,,,24901.666,
Non-OECD (GCP),2023,,,,25758.965,
Non-OECD (GCP),2024,,,,26233.051,
North America,1950,,222818942.0,,2744.908,12.471
North America,1951,,226777853.0,,2840.856,12.681
North America,1952,,230880347.0,,2768.36,12.136
North America,1953,,235114817.0,,2832.029,12.19
North America,1954,,239512127.0,,2718.288,11.485
North America,1955,,244056556.0,,2966.307,12.298
North America,1956,,248743632.0,,3124.125,12.707
North America,1957,,253588808.0,,3103.315,12.379
North America,1958,,258514843.0,,3022.799,11.827
North America,1959,,263669394.0,,3115.066,11.948
North America,1960,,269079991.0,,3189.234,11.985
North America,1961,,274663001.0,,3184.431,11.723
North America,1962,,280344711.0,,3309.484,11.936
North America,1963,,285962471.0,,3442.642,12.172
North America,1964,,291551215.0,,3621.586,12.559
North America,1965,,297056448.0,,3771.806,12.837
North America,1966,,302406133.0,,3956.434,13.227
North America,1967,,307620058.0,,4127.06,13.563
North America,1968,,312721535.0,,4289.618,13.867
North America,1969,,317807457.0,,4501.628,14.319
North America,1970,,323225990.0,,4862.542,15.207
North America,1971,,328861435.0,,4915.969,15.11
North America,1972,,334187766.0,,5161.936,15.613
North America,1973,,339231488.0,,5389.428,16.058
North America,1974,,344226868.0,,5238.351,15.382
North America,1975,,349224556.0,,5064.188,14.657
North America,1976,,354178873.0,,5308.195,15.149
North America,1977,,359152730.0,,5450.855,15.341
North America,1978,,364168545.0,,5632.973,15.635
North America,1979,,369229445.0,,5692.481,15.584
North America,1980,,374396450.0,,5541.655,14.962
North America,1981,,379564365.0,,5351.42,14.251
North America,1982,,384744475.0,,5126.822,13.469
North America,1983,,389995274.0,,5118.914,13.267
North America,1984,,395240041.0,,5276.948,13.495
North America,1985,,400471527.0,,5306.052,13.391
North America,1986,,405669376.0,,5282.712,13.161
North America,1987,,410877360.0,,5520.225,13.578
North America,1988,,416201801.0,,5750.681,13.964
North America,1989,,421643657.0,,5843.614,14.006
North America,1990,,427527970.0,,5999.264,14.18
North America,1991,,433792318.0,,5947.688,13.855
North America,1992,,440060892.0,,6065.276,13.927
North America,1993,,446185596.0,,6172.271,13.978
North America,1994,,452083583.0,,6286.338,14.05
North America,1995,,457858573.0,,6349.42,14.011
North America,1996,,463530247.0,,6557.365,14.292
North America,1997,,469106576.0,,6671.063,14.367
North America,1998,,474677559.0,,6760.881,14.388
North America,1999,,480238641.0,,6849.317,14.407
North America,2000,,485805117.0,,7111.529,14.786
North America,2001,,491432309.0,,7005.433,14.397
North America,2002,,497028245.0,,7062.446,14.349
North America,2003,,502587589.0,,7170.593,14.406
North America,2004,,508166874.0,,7269.826,14.443
North America,2005,,513798980.0,,7313.038,14.367
North America,2006,,519545243.0,,7249.32,14.083
North America,2007,,525495121.0,,7352.747,14.12
North America,2008,,531570001.0,,7133.122,13.54
North America,2009,,537617447.0,,6653.199,12.486
North America,2010,,543593308.0,,6851.849,12.715
North America,2011,,549552428.0,,6757.271,12.402
North America,2012,,555486393.0,,6565.685,11.92
North America,2013,,561345659.0,,6708.86,12.05
North America,2014,,567078666.0,,6754.714,12.008
North America,2015,,572637322.0,,6592.756,11.605
North America,2016,,578186332.0,,6453.526,11.249
North America,2017,,583669319.0,,6397.039,11.043
North America,2018,,589049569.0,,6576.287,11.246
North America,2019,,594346844.0,,6463.362,10.953
North America,2020,,598250669.0,,5798.35,9.761
North America,2021,,600876349.0,,6176.852,10.352
North America,2022,,604356255.0,,6236.024,10.39
North America,2023,,608770547.0,,6104.681,10.097
North America,2024,,613150315.0,,6084.276,9.991
North America (GCP),1950,,,,2726.24,
North America (GCP),1951,,,,2816.396,
North America (GCP),1952,,,,2747.976,
North America (GCP),1953,,,,2810.44,
North America (GCP),1954,,,,2688.836,
North America (GCP),1955,,,,2937.892,
North America (GCP),1956,,,,3092.1,
North America (GCP),1957,,,,3068.066,
North America (GCP),1958,,,,2983.538,
North America (GCP),1959,,,,3074.944,
North America (GCP),1960,,,,3153.337,
North America (GCP),1961,,,,3146.443,
North America (GCP),1962,,,,3264.93,
North America (GCP),1963,,,,3404.053,
North America (GCP),1964,,,,3576.447,
North America (GCP),1965,,,,3727.009,
North America (GCP),1966,,,,3911.769,
North America (GCP),1967,,,,4077.573,
North America (GCP),1968,,,,4238.654,
North America (GCP),1969,,,,4444.891,
North America (GCP),1970,,,,4795.305,
North America (GCP),1971,,,,4844.499,
North America (GCP),1972,,,,5086.731,
North America (GCP),1973,,,,5303.662,
North America (GCP),1974,,,,5153.396,
North America (GCP),1975,,,,4975.888,
North America (GCP),1976,,,,5204.466,
North America (GCP),1977,,,,5350.388,
North America (GCP),1978,,,,5535.344,
North America (GCP),1979,,,,5591.233,
North America (GCP),1980,,,,5441.307,
North America (GCP),1981,,,,5257.41,
North America (GCP),1982,,,,5030.694,
North America (GCP),1983,,,,5032.542,
North America (GCP),1984,,,,5181.712,
North America (GCP),1985,,,,5204.828,
North America (GCP),1986,,,,5196.444,
North America (GCP),1987,,,,5428.988,
North America (GCP),1988,,,,5659.479,
North America (GCP),1989,,,,5746.918,
North America (GCP),1990,,,,5907.24,
North America (GCP),1991,,,,5856.732,
North America (GCP),1992,,,,5975.306,
North America (GCP),1993,,,,6081.933,
North America (GCP),1994,,,,6192.43,
North America (GCP),1995,,,,6248.651,
North America (GCP),1996,,,,6451.079,
North America (GCP),1997,,,,6558.293,
North America (GCP),1998,,,,6647.728,
North America (GCP),1999,,,,6730.827,
North America (GCP),2000,,,,6981.995,
North America (GCP),2001,,,,6870.7,
North America (GCP),2002,,,,6923.014,
North America (GCP),2003,,,,7024.311,
North America (GCP),2004,,,,7127.101,
North America (GCP),2005,,,,7161.424,
North America (GCP),2006,,,,7086.87,
North America (GCP),2007,,,,7185.792,
North America (GCP),2008,,,,6967.133,
North America (GCP),2009,,,,6488.163,
North America (GCP),2010,,,,6680.689,
North America (GCP),2011,,,,6585.878,
North America (GCP),2012,,,,6395.342,
North America (GCP),2013,,,,6538.066,
North America (GCP),2014,,,,6580.936,
North America (GCP),2015,,,,6411.546,
North America (GCP),2016,,,,6278.472,
North America (GCP),2017,,,,6227.086,
North America (GCP),2018,,,,6405.33,
North America (GCP),2019,,,,6283.747,
North America (GCP),2020,,,,5643.71,
North America (GCP),2021,,,,6005.028,
North America (GCP),2022,,,,6057.5,
North America (GCP),2023,,,,5922.802,
North America (GCP),2024,,,,5899.122,
North America (excl. USA),1950,,,,203.423,3.087
North America (excl. USA),1951,,,,222.152,3.289
North America (excl. USA),1952,,,,217.144,3.133
North America (excl. USA),1953,,,,219.058,3.079
North America (excl. USA),1954,,,,228.826,3.133
North America (excl. USA),1955,,,,237.798,3.17
North America (excl. USA),1956,,,,264.137,3.428
North America (excl. USA),1957,,,,267.543,3.378
North America (excl. USA),1958,,,,275.691,3.388
North America (excl. USA),1959,,,,283.158,3.388
North America (excl. USA),1960,,,,291.927,3.401
North America (excl. USA),1961,,,,297.569,3.376
North America (excl. USA),1962,,,,315.585,3.486
North America (excl. USA),1963,,,,316.158,3.4
North America (excl. USA),1964,,,,357.28,3.739
North America (excl. USA),1965,,,,372.267,3.792
North America (excl. USA),1966,,,,385.016,3.818
North America (excl. USA),1967,,,,421.599,4.07
North America (excl. USA),1968,,,,448.695,4.22
North America (excl. USA),1969,,,,466.472,4.276
North America (excl. USA),1970,,,,522.837,4.669
North America (excl. USA),1971,,,,550.486,4.79
North America (excl. USA),1972,,,,588.902,5.0
North America (excl. USA),1973,,,,611.703,5.072
North America (excl. USA),1974,,,,629.889,5.101
North America (excl. USA),1975,,,,649.733,5.141
North America (excl. USA),1976,,,,686.656,5.313
North America (excl. USA),1977,,,,701.354,5.311
North America (excl. USA),1978,,,,735.634,5.454
North America (excl. USA),1979,,,,783.715,5.691
North America (excl. USA),1980,,,,811.436,5.774
North America (excl. USA),1981,,,,807.787,5.637
North America (excl. USA),1982,,,,814.903,5.579
North America (excl. USA),1983,,,,772.532,5.19
North America (excl. USA),1984,,,,797.569,5.258
North America (excl. USA),1985,,,,810.673,5.246
North America (excl. USA),1986,,,,784.577,4.984
North America (excl. USA),1987,,,,828.295,5.164
North America (excl. USA),1988,,,,852.904,5.219
North America (excl. USA),1989,,,,883.377,5.304
North America (excl. USA),1990,,,,867.503,5.112
North America (excl. USA),1991,,,,871.276,5.042
North America (excl. USA),1992,,,,886.506,5.04
North America (excl. USA),1993,,,,892.751,4.989
North America (excl. USA),1994,,,,924.475,5.08
North America (excl. USA),1995,,,,923.582,4.993
North America (excl. USA),1996,,,,956.271,5.088
North America (excl. USA),1997,,,,997.919,5.228
North America (excl. USA),1998,,,,1024.521,5.287
North America (excl. USA),1999,,,,1049.036,5.335
North America (excl. USA),2000,,,,1088.371,5.456
North America (excl. USA),2001,,,,1101.87,5.446
North America (excl. USA),2002,,,,1114.626,5.434
North America (excl. USA),2003,,,,1164.153,5.601
North America (excl. USA),2004,,,,1158.281,5.501
North America (excl. USA),2005,,,,1186.135,5.561
North America (excl. USA),2006,,,,1203.994,5.573
North America (excl. USA),2007,,,,1231.204,5.625
North America (excl. USA),2008,,,,1213.901,5.472
North America (excl. USA),2009,,,,1167.095,5.191
North America (excl. USA),2010,,,,1182.599,5.191
North America (excl. USA),2011,,,,1218.298,5.28
North America (excl. USA),2012,,,,1234.218,5.281
North America (excl. USA),2013,,,,1235.424,5.221
North America (excl. USA),2014,,,,1223.329,5.11
North America (excl. USA),2015,,,,1224.259,5.059
North America (excl. USA),2016,,,,1208.164,4.941
North America (excl. USA),2017,,,,1201.621,4.863
North America (excl. USA),2018,,,,1215.051,4.866
North America (excl. USA),2019,,,,1227.45,4.865
North America (excl. USA),2020,,,,1108.396,4.354
North America (excl. USA),2021,,,,1156.741,4.51
North America (excl. USA),2022,,,,1180.621,4.565
North America (excl. USA),2023,,,,1186.274,4.543
North America (excl. USA),2024,,,,1180.156,4.478
North Korea,1950,PRK,11116734.0,,0.78,0.07
North Korea,1951,PRK,10583576.0,,0.996,0.094
North Korea,1952,PRK,10253639.0,,0.89,0.087
North Korea,1953,PRK,10177418.0,,1.736,0.171
North Korea,1954,PRK,10242806.0,,4.787,0.467
North Korea,1955,PRK,10403326.0,,7.345,0.706
North Korea,1956,PRK,10600386.0,,8.963,0.846
North Korea,1957,PRK,10854683.0,,11.289,1.04
North Korea,1958,PRK,11163751.0,,15.633,1.4
North Korea,1959,PRK,11452992.0,,19.866,1.735
North Korea,1960,PRK,11722950.0,,23.788,2.029
North Korea,1961,PRK,11990714.0,,26.427,2.204
North Korea,1962,PRK,12262886.0,,30.687,2.502
North Korea,1963,PRK,12567059.0,,32.827,2.612
North Korea,1964,PRK,12889774.0,,35.618,2.763
North Korea,1965,PRK,13219375.0,,44.222,3.345
North Korea,1966,PRK,13569099.0,,47.6,3.508
North Korea,1967,PRK,13958350.0,,52.392,3.753
North Korea,1968,PRK,14365601.0,,59.269,4.126
North Korea,1969,PRK,14767625.0,,64.079,4.339
North Korea,1970,PRK,15172777.0,,73.476,4.843
North Korea,1971,PRK,15572460.0,,107.453,6.9
North Korea,1972,PRK,15975065.0,,89.505,5.603
North Korea,1973,PRK,16350372.0,,97.325,5.952
North Korea,1974,PRK,16673124.0,,101.612,6.094
North Korea,1975,PRK,16971055.0,,107.624,6.342
North Korea,1976,PRK,17243455.0,,110.031,6.381
North Korea,1977,PRK,17492797.0,,113.665,6.498
North Korea,1978,PRK,17736000.0,,108.209,6.101
North Korea,1979,PRK,17983465.0,,110.263,6.131
North Korea,1980,PRK,18236783.0,,114.082,6.256
North Korea,1981,PRK,18501303.0,,114.399,6.183
North Korea,1982,PRK,18776359.0,,116.885,6.225
North Korea,1983,PRK,19054039.0,,125.163,6.569
North Korea,1984,PRK,19335049.0,,134.658,6.964
North Korea,1985,PRK,19620396.0,,144.288,7.354
North Korea,1986,PRK,19910856.0,,156.835,7.877
North Korea,1987,PRK,20205485.0,,175.626,8.692
North Korea,1988,PRK,20503161.0,,199.234,9.717
North Korea,1989,PRK,20804363.0,,209.252,10.058
North Korea,1990,PRK,21112134.0,50223946260.0,118.383,5.607
North Korea,1991,PRK,21428637.0,48202054341.0,112.819,5.265
North Korea,1992,PRK,21750912.0,44917408392.0,97.985,4.505
North Korea,1993,PRK,22073354.0,43046073181.0,89.585,4.059
North Korea,1994,PRK,22393967.0,42085991707.0,81.584,3.643
North Korea,1995,PRK,22669307.0,40146511697.0,76.085,3.356
North Korea,1996,PRK,22895753.0,38689712954.0,66.292,2.895
North Korea,1997,PRK,23110836.0,36018760289.0,63.679,2.755
North Korea,1998,PRK,23311570.0,35521586609.0,58.749,2.52
North Korea,1999,PRK,23497594.0,37610923377.0,64.143,2.73
North Korea,2000,PRK,23665909.0,37758035363.0,69.165,2.923
North Korea,2001,PRK,23815364.0,39161385107.0,71.668,3.009
North Korea,2002,PRK,23943975.0,39634147135.0,68.642,2.867
North Korea,2003,PRK,24090382.0,40352082900.0,70.143,2.912
North Korea,2004,PRK,24254946.0,41171424607.0,71.722,2.957
North Korea,2005,PRK,24396434.0,42708227011.0,75.01,3.075
North Korea,2006,PRK,24524508.0,42264169568.0,76.17,3.106
North Korea,2007,PRK,24646384.0,41765545354.0,63.478,2.576
North Korea,2008,PRK,24764620.0,43163303891.0,70.326,2.84
North Korea,2009,PRK,24878338.0,42791212438.0,67.66,2.72
North Korea,2010,PRK,24987257.0,42605438930.0,65.355,2.616
North Korea,2011,PRK,25097877.0,42961431310.0,47.867,1.907
North Korea,2012,PRK,25211737.0,43545173971.0,46.755,1.854
North Korea,2013,PRK,25329456.0,44033758330.0,36.144,1.427
North Korea,2014,PRK,25451263.0,44518471841.0,39.825,1.565
North Korea,2015,PRK,25575355.0,44032955306.0,31.278,1.223
North Korea,2016,PRK,25698325.0,45739740287.0,34.236,1.332
North Korea,2017,PRK,25817710.0,44160501992.0,69.708,2.7
North Korea,2018,PRK,25931153.0,42349472757.0,62.608,2.414
North Korea,2019,PRK,26037633.0,42499100315.0,69.512,2.67
North Korea,2020,PRK,26136312.0,40572892149.0,65.577,2.509
North Korea,2021,PRK,26232530.0,40550428396.0,53.97,2.057
North Korea,2022,PRK,26328843.0,40488847458.0,56.289,2.138
North Korea,2023,PRK,26418196.0,,62.025,2.348
North Korea,2024,PRK,26498832.0,,62.55,2.36
North Macedonia,1950,MKD,1248682.0,,1.503,1.204
North Macedonia,1951,MKD,1271039.0,,1.422,1.119
North Macedonia,1952,MKD,1294538.0,2733963568.0,1.421,1.098
North Macedonia,1953,MKD,1319470.0,2910772539.0,1.414,1.071
North Macedonia,1954,MKD,1340010.0,3033435498.0,1.693,1.263
North Macedonia,1955,MKD,1355680.0,3706525762.0,1.94,1.431
North Macedonia,1956,MKD,1370923.0,3750595765.0,2.229,1.626
North Macedonia,1957,MKD,1385258.0,4117918290.0,2.408,1.738
North Macedonia,1958,MKD,1400121.0,4439092281.0,2.372,1.694
North Macedonia,1959,MKD,1417080.0,4576315157.0,2.723,1.922
North Macedonia,1960,MKD,1435060.0,4899186020.0,2.977,2.074
North Macedonia,1961,MKD,1455175.0,5021290590.0,3.13,2.151
North Macedonia,1962,MKD,1471743.0,5136678193.0,3.208,2.179
North Macedonia,1963,MKD,1488745.0,6061144545.0,3.567,2.396
North Macedonia,1964,MKD,1510902.0,7873484338.0,4.049,2.68
North Macedonia,1965,MKD,1533471.0,7250173176.0,4.169,2.719
North Macedonia,1966,MKD,1557355.0,7908049804.0,4.126,2.65
North Macedonia,1967,MKD,1582503.0,8292310979.0,4.17,2.635
North Macedonia,1968,MKD,1608933.0,8592601974.0,4.453,2.767
North Macedonia,1969,MKD,1636356.0,9522106275.0,4.615,2.82
North Macedonia,1970,MKD,1664214.0,10304493699.0,6.063,3.643
North Macedonia,1971,MKD,1691224.0,10987490047.0,6.524,3.857
North Macedonia,1972,MKD,1717400.0,11529355381.0,6.066,3.532
North Macedonia,1973,MKD,1743825.0,12246731871.0,7.28,4.175
North Macedonia,1974,MKD,1770550.0,12965909433.0,7.3,4.123
North Macedonia,1975,MKD,1797972.0,13579776000.0,7.611,4.233
North Macedonia,1976,MKD,1825833.0,14195915508.0,7.844,4.296
North Macedonia,1977,MKD,1853147.0,15097490160.0,7.606,4.104
North Macedonia,1978,MKD,1879854.0,16319782879.0,8.515,4.529
North Macedonia,1979,MKD,1906524.0,17489295901.0,9.277,4.866
North Macedonia,1980,MKD,1933043.0,17739008000.0,9.101,4.708
North Macedonia,1981,MKD,1959071.0,17967119782.0,9.897,5.052
North Macedonia,1982,MKD,1978962.0,18195962962.0,9.063,4.58
North Macedonia,1983,MKD,1991902.0,17816286937.0,9.792,4.916
North Macedonia,1984,MKD,2003400.0,18385811504.0,10.352,5.167
North Macedonia,1985,MKD,2014334.0,18251857463.0,10.579,5.252
North Macedonia,1986,MKD,2024729.0,19526513655.0,11.064,5.464
North Macedonia,1987,MKD,2035161.0,19278486067.0,10.793,5.303
North Macedonia,1988,MKD,2045739.0,18652403720.0,11.158,5.454
North Macedonia,1989,MKD,2055650.0,19013849013.0,11.13,5.414
North Macedonia,1990,MKD,2063690.0,17074264103.0,11.098,5.378
North Macedonia,1991,MKD,2056002.0,16091738511.0,7.789,3.788
North Macedonia,1992,MKD,2032516.0,15099004830.0,8.394,4.13
North Macedonia,1993,MKD,2006853.0,14032388036.0,7.599,3.787
North Macedonia,1994,MKD,1992669.0,13843334272.0,7.903,3.966
North Macedonia,1995,MKD,1998531.0,13754792054.0,7.925,3.966
North Macedonia,1996,MKD,2012553.0,13985282522.0,9.416,4.679
North Macedonia,1997,MKD,2025764.0,14249362170.0,8.446,4.169
North Macedonia,1998,MKD,2037575.0,14789521174.0,9.647,4.735
North Macedonia,1999,MKD,2048088.0,15508166039.0,8.783,4.288
North Macedonia,2000,MKD,2057254.0,16307994486.0,8.468,4.116
North Macedonia,2001,MKD,2066300.0,15872667390.0,8.292,4.013
North Macedonia,2002,MKD,2074482.0,16017432272.0,7.837,3.778
North Macedonia,2003,MKD,2081417.0,16466000239.0,8.533,4.1
North Macedonia,2004,MKD,2086581.0,17324217189.0,8.229,3.944
North Macedonia,2005,MKD,2089809.0,18219129334.0,8.596,4.113
North Macedonia,2006,MKD,2089232.0,19227779553.0,8.651,4.141
North Macedonia,2007,MKD,2081972.0,20547244002.0,9.013,4.329
North Macedonia,2008,MKD,2070837.0,21752220835.0,8.936,4.315
North Macedonia,2009,MKD,2060601.0,21758909955.0,8.248,4.002
North Macedonia,2010,MKD,2051510.0,22583127369.0,8.182,3.988
North Macedonia,2011,MKD,2040445.0,23201482935.0,8.823,4.324
North Macedonia,2012,MKD,2027288.0,23095684802.0,8.457,4.171
North Macedonia,2013,MKD,2013280.0,23771197646.0,7.452,3.702
North Macedonia,2014,MKD,1997842.0,24633991465.0,7.167,3.587
North Macedonia,2015,MKD,1980366.0,25583815729.0,6.72,3.393
North Macedonia,2016,MKD,1961268.0,26312536822.0,6.606,3.368
North Macedonia,2017,MKD,1940877.0,26597107306.0,7.09,3.653
North Macedonia,2018,MKD,1919730.0,27363281668.0,6.654,3.466
North Macedonia,2019,MKD,1897643.0,28433274864.0,7.625,4.018
North Macedonia,2020,MKD,1872021.0,27100243788.0,6.98,3.729
North Macedonia,2021,MKD,1851109.0,28165634846.0,6.518,3.521
North Macedonia,2022,MKD,1840236.0,28770256385.0,7.352,3.995
North Macedonia,2023,MKD,1831800.0,,7.338,4.006
North Macedonia,2024,MKD,1823011.0,,6.62,3.631
Norway,1950,NOR,3265199.0,28259665327.0,8.432,2.582
Norway,1951,NOR,3295964.0,29788082945.0,9.476,2.875
Norway,1952,NOR,3327839.0,30838055629.0,9.685,2.91
Norway,1953,NOR,3361030.0,32062870942.0,9.783,2.911
Norway,1954,NOR,3394397.0,33681103988.0,9.882,2.911
Norway,1955,NOR,3428532.0,34424895348.0,11.414,3.329
Norway,1956,NOR,3461074.0,36260715566.0,11.952,3.453
Norway,1957,NOR,3491980.0,37353260660.0,11.358,3.253
Norway,1958,NOR,3523007.0,37354293929.0,11.186,3.175
Norway,1959,NOR,3552828.0,38928589220.0,11.808,3.324
Norway,1960,NOR,3581119.0,41123367593.0,13.087,3.654
Norway,1961,NOR,3609661.0,43700239391.0,13.335,3.694
Norway,1962,NOR,3638841.0,44929732217.0,14.06,3.864
Norway,1963,NOR,3666497.0,46649388916.0,14.965,4.082
Norway,1964,NOR,3694319.0,48972159259.0,16.17,4.377
Norway,1965,NOR,3723173.0,51573116411.0,16.39,4.402
Norway,1966,NOR,3752788.0,53519227021.0,19.54,5.207
Norway,1967,NOR,3784111.0,56866006025.0,19.304,5.101
Norway,1968,NOR,3816089.0,58140195824.0,21.114,5.533
Norway,1969,NOR,3847304.0,60764566884.0,22.194,5.769
Norway,1970,NOR,3875351.0,61972260219.0,27.979,7.22
Norway,1971,NOR,3902754.0,65149528031.0,27.166,6.961
Norway,1972,NOR,3932913.0,68469665003.0,29.395,7.474
Norway,1973,NOR,3960597.0,71489065319.0,30.492,7.699
Norway,1974,NOR,3985283.0,74488458336.0,27.69,6.948
Norway,1975,NOR,4007368.0,78383042050.0,30.602,7.636
Norway,1976,NOR,4026219.0,82978994772.0,33.332,8.279
Norway,1977,NOR,4043259.0,86520545466.0,33.309,8.238
Norway,1978,NOR,4058668.0,89538338690.0,32.625,8.038
Norway,1979,NOR,4072499.0,93549790070.0,34.625,8.502
Norway,1980,NOR,4085603.0,98181537036.0,31.777,7.778
Norway,1981,NOR,4099675.0,99126698247.0,31.805,7.758
Norway,1982,NOR,4114742.0,99335075607.0,30.912,7.513
Norway,1983,NOR,4128332.0,102897042380.0,31.947,7.739
Norway,1984,NOR,4139970.0,108971446149.0,33.81,8.167
Norway,1985,NOR,4152399.0,114639982242.0,32.286,7.775
Norway,1986,NOR,4167252.0,118764657839.0,34.785,8.347
Norway,1987,NOR,4186818.0,121201513299.0,33.207,7.931
Norway,1988,NOR,4209470.0,121152473106.0,35.592,8.455
Norway,1989,NOR,4226914.0,122313004364.0,34.148,8.079
Norway,1990,NOR,4241440.0,124859200464.0,35.009,8.254
Norway,1991,NOR,4261618.0,132697585836.0,33.466,7.853
Norway,1992,NOR,4286255.0,141648316012.0,34.402,8.026
Norway,1993,NOR,4311864.0,150177267961.0,35.948,8.337
Norway,1994,NOR,4336467.0,162645039026.0,37.863,8.731
Norway,1995,NOR,4358991.0,174592147085.0,38.469,8.825
Norway,1996,NOR,4381137.0,189011166346.0,41.54,9.482
Norway,1997,NOR,4404988.0,205129717023.0,41.644,9.454
Norway,1998,NOR,4431308.0,216978667712.0,41.838,9.441
Norway,1999,NOR,4461789.0,228192617125.0,42.609,9.55
Norway,2000,NOR,4490864.0,242751277829.0,42.131,9.381
Norway,2001,NOR,4513650.0,255455331302.0,43.519,9.642
Norway,2002,NOR,4538016.0,267081351259.0,42.571,9.381
Norway,2003,NOR,4564666.0,277856282106.0,43.919,9.622
Norway,2004,NOR,4591739.0,297743119876.0,44.257,9.638
Norway,2005,NOR,4623120.0,314940774381.0,43.279,9.361
Norway,2006,NOR,4660487.0,332457531096.0,43.859,9.411
Norway,2007,NOR,4709017.0,352692911227.0,45.605,9.685
Norway,2008,NOR,4768097.0,364943654963.0,44.692,9.373
Norway,2009,NOR,4828625.0,370113292846.0,43.098,8.926
Norway,2010,NOR,4889160.0,383760934305.0,45.659,9.339
Norway,2011,NOR,4952969.0,399420041611.0,44.775,9.04
Norway,2012,NOR,5018453.0,410276121127.0,44.258,8.819
Norway,2013,NOR,5080126.0,414445317738.0,44.539,8.767
Norway,2014,NOR,5137397.0,422933730082.0,44.975,8.754
Norway,2015,NOR,5189777.0,430788988142.0,45.523,8.772
Norway,2016,NOR,5235974.0,435806553454.0,44.708,8.539
Norway,2017,NOR,5276807.0,446543702505.0,44.197,8.376
Norway,2018,NOR,5311751.0,450245217440.0,44.472,8.372
Norway,2019,NOR,5347733.0,455304831150.0,42.866,8.016
Norway,2020,NOR,5379275.0,449485260525.0,41.275,7.673
Norway,2021,NOR,5408082.0,467007972731.0,41.058,7.592
Norway,2022,NOR,5456796.0,482328451592.0,40.833,7.483
Norway,2023,NOR,5519167.0,,38.869,7.043
Norway,2024,NOR,5576656.0,,37.183,6.668
OECD (GCP),1950,,,,4669.927,
OECD (GCP),1951,,,,4984.257,
OECD (GCP),1952,,,,4961.189,
OECD (GCP),1953,,,,5076.116,
OECD (GCP),1954,,,,5064.592,
OECD (GCP),1955,,,,5471.957,
OECD (GCP),1956,,,,5769.04,
OECD (GCP),1957,,,,5822.627,
OECD (GCP),1958,,,,5697.853,
OECD (GCP),1959,,,,5824.212,
OECD (GCP),1960,,,,6146.15,
OECD (GCP),1961,,,,6291.829,
OECD (GCP),1962,,,,6583.725,
OECD (GCP),1963,,,,6929.065,
OECD (GCP),1964,,,,7272.028,
OECD (GCP),1965,,,,7505.879,
OECD (GCP),1966,,,,7808.979,
OECD (GCP),1967,,,,8078.903,
OECD (GCP),1968,,,,8504.911,
OECD (GCP),1969,,,,9024.569,
OECD (GCP),1970,,,,9685.183,
OECD (GCP),1971,,,,9870.694,
OECD (GCP),1972,,,,10297.938,
OECD (GCP),1973,,,,10777.036,
OECD (GCP),1974,,,,10547.168,
OECD (GCP),1975,,,,10236.945,
OECD (GCP),1976,,,,10783.566,
OECD (GCP),1977,,,,10947.88,
OECD (GCP),1978,,,,11220.084,
OECD (GCP),1979,,,,11494.394,
OECD (GCP),1980,,,,11246.234,
OECD (GCP),1981,,,,10821.723,
OECD (GCP),1982,,,,10463.501,
OECD (GCP),1983,,,,10402.196,
OECD (GCP),1984,,,,10668.451,
OECD (GCP),1985,,,,10769.397,
OECD (GCP),1986,,,,10773.483,
OECD (GCP),1987,,,,11056.187,
OECD (GCP),1988,,,,11366.951,
OECD (GCP),1989,,,,11585.415,
OECD (GCP),1990,,,,12053.789,
OECD (GCP),1991,,,,12043.75,
OECD (GCP),1992,,,,12109.229,
OECD (GCP),1993,,,,12184.901,
OECD (GCP),1994,,,,12366.514,
OECD (GCP),1995,,,,12530.114,
OECD (GCP),1996,,,,12921.521,
OECD (GCP),1997,,,,13000.677,
OECD (GCP),1998,,,,13011.106,
OECD (GCP),1999,,,,13136.289,
OECD (GCP),2000,,,,13485.808,
OECD (GCP),2001,,,,13424.44,
OECD (GCP),2002,,,,13518.729,
OECD (GCP),2003,,,,13748.225,
OECD (GCP),2004,,,,13882.649,
OECD (GCP),2005,,,,13943.427,
OECD (GCP),2006,,,,13892.646,
OECD (GCP),2007,,,,14020.433,
OECD (GCP),2008,,,,13665.57,
OECD (GCP),2009,,,,12803.931,
OECD (GCP),2010,,,,13227.773,
OECD (GCP),2011,,,,13086.457,
OECD (GCP),2012,,,,12926.088,
OECD (GCP),2013,,,,12988.472,
OECD (GCP),2014,,,,12796.966,
OECD (GCP),2015,,,,12666.168,
OECD (GCP),2016,,,,12522.836,
OECD (GCP),2017,,,,12504.867,
OECD (GCP),2018,,,,12575.275,
OECD (GCP),2019,,,,12226.434,
OECD (GCP),2020,,,,11142.346,
OECD (GCP),2021,,,,11759.488,
OECD (GCP),2022,,,,11660.435,
OECD (GCP),2023,,,,11252.323,
OECD (GCP),2024,,,,11173.062,
OECD (Jones et al.),1950,,,,,
OECD (Jones et al.),1951,,,,,
OECD (Jones et al.),1952,,,,,
OECD (Jones et al.),1953,,,,,
OECD (Jones et al.),1954,,,,,
OECD (Jones et al.),1955,,,,,
OECD (Jones et al.),1956,,,,,
OECD (Jones et al.),1957,,,,,
OECD (Jones et al.),1958,,,,,
OECD (Jones et al.),1959,,,,,
OECD (Jones et al.),1960,,,,,
OECD (Jones et al.),1961,,,,,
OECD (Jones et al.),1962,,,,,
OECD (Jones et al.),1963,,,,,
OECD (Jones et al.),1964,,,,,
OECD (Jones et al.),1965,,,,,
OECD (Jones et al.),1966,,,,,
OECD (Jones et al.),1967,,,,,
OECD (Jones et al.),1968,,,,,
OECD (Jones et al.),1969,,,,,
OECD (Jones et al.),1970,,,,,
OECD (Jones et al.),1971,,,,,
OECD (Jones et al.),1972,,,,,
OECD (Jones et al.),1973,,,,,
OECD (Jones et al.),1974,,,,,
OECD (Jones et al.),1975,,,,,
OECD (Jones et al.),1976,,,,,
OECD (Jones et al.),1977,,,,,
OECD (Jones et al.),1978,,,,,
OECD (Jones et al.),1979,,,,,
OECD (Jones et al.),1980,,,,,
OECD (Jones et al.),1981,,,,,
OECD (Jones et al.),1982,,,,,
OECD (Jones et al.),1983,,,,,
OECD (Jones et al.),1984,,,,,
OECD (Jones et al.),1985,,,,,
OECD (Jones et al.),1986,,,,,
OECD (Jones et al.),1987,,,,,
OECD (Jones et al.),1988,,,,,
OECD (Jones et al.),1989,,,,,
OECD (Jones et al.),1990,,,,,
OECD (Jones et al.),1991,,,,,
OECD (Jones et al.),1992,,,,,
OECD (Jones et al.),1993,,,,,
OECD (Jones et al.),1994,,,,,
OECD (Jones et al.),1995,,,,,
OECD (Jones et al.),1996,,,,,
OECD (Jones et al.),1997,,,,,
OECD (Jones et al.),1998,,,,,
OECD (Jones et al.),1999,,,,,
OECD (Jones et al.),2000,,,,,
OECD (Jones et al.),2001,,,,,
OECD (Jones et al.),2002,,,,,
OECD (Jones et al.),2003,,,,,
OECD (Jones et al.),2004,,,,,
OECD (Jones et al.),2005,,,,,
OECD (Jones et al.),2006,,,,,
OECD (Jones et al.),2007,,,,,
OECD (Jones et al.),2008,,,,,
OECD (Jones et al.),2009,,,,,
OECD (Jones et al.),2010,,,,,
OECD (Jones et al.),2011,,,,,
OECD (Jones et al.),2012,,,,,
OECD (Jones et al.),2013,,,,,
OECD (Jones et al.),2014,,,,,
OECD (Jones et al.),2015,,,,,
OECD (Jones et al.),2016,,,,,
OECD (Jones et al.),2017,,,,,
OECD (Jones et al.),2018,,,,,
OECD (Jones et al.),2019,,,,,
OECD (Jones et al.),2020,,,,,
OECD (Jones et al.),2021,,,,,
OECD (Jones et al.),2022,,,,,
OECD (Jones et al.),2023,,,,,
OECD (Jones et al.),2024,,,,,
Oceania,1950,,12582453.0,,64.611,5.171
Oceania,1951,,12915446.0,,69.709,5.435
Oceania,1952,,13229396.0,,72.459,5.515
Oceania,1953,,13527446.0,,72.235,5.376
Oceania,1954,,13824685.0,,77.786,5.664
Oceania,1955,,14145499.0,,82.424,5.866
Oceania,1956,,14484837.0,,86.718,6.026
Oceania,1957,,14825605.0,,87.256,5.924
Oceania,1958,,15166229.0,,89.267,5.924
Oceania,1959,,15510259.0,,94.413,6.126
Oceania,1960,,15862697.0,,100.295,6.363
Oceania,1961,,16216895.0,,100.181,6.217
Oceania,1962,,16560976.0,,103.294,6.277
Oceania,1963,,16904641.0,,109.548,6.522
Oceania,1964,,17254690.0,,118.718,6.925
Oceania,1965,,17617233.0,,129.479,7.398
Oceania,1966,,17986091.0,,132.279,7.403
Oceania,1967,,18332240.0,,138.611,7.611
Oceania,1968,,18670233.0,,145.432,7.841
Oceania,1969,,19033793.0,,153.719,8.129
Oceania,1970,,19494215.0,,166.216,8.582
Oceania,1971,,20036088.0,,170.644,8.573
Oceania,1972,,20494156.0,,174.019,8.547
Oceania,1973,,20866225.0,,193.618,9.341
Oceania,1974,,21228268.0,,190.731,9.045
Oceania,1975,,21555937.0,,196.82,9.193
Oceania,1976,,21842502.0,,194.206,8.952
Oceania,1977,,22114617.0,,207.57,9.451
Oceania,1978,,22383486.0,,213.847,9.62
Oceania,1979,,22653748.0,,213.96,9.511
Oceania,1980,,22954484.0,,227.392,9.977
Oceania,1981,,23307534.0,,235.788,10.19
Oceania,1982,,23690693.0,,241.296,10.261
Oceania,1983,,24064499.0,,230.603,9.656
Oceania,1984,,24421103.0,,241.782,9.977
Oceania,1985,,24777609.0,,251.884,10.247
Oceania,1986,,25149869.0,,252.363,10.116
Oceania,1987,,25544592.0,,264.343,10.434
Oceania,1988,,25956460.0,,271.77,10.558
Oceania,1989,,26377044.0,,287.941,11.01
Oceania,1990,,26839397.0,,309.442,11.629
Oceania,1991,,27315331.0,,311.575,11.506
Oceania,1992,,27746651.0,,318.601,11.582
Oceania,1993,,28154388.0,,322.868,11.568
Oceania,1994,,28573089.0,,328.002,11.58
Oceania,1995,,29025267.0,,339.459,11.798
Oceania,1996,,29498702.0,,347.998,11.902
Oceania,1997,,29964609.0,,358.441,12.07
Oceania,1998,,30420070.0,,371.734,12.331
Oceania,1999,,30880117.0,,382.515,12.501
Oceania,2000,,31352968.0,,390.034,12.555
Oceania,2001,,31847232.0,,400.263,12.683
Oceania,2002,,32366021.0,,405.901,12.654
Oceania,2003,,32894563.0,,416.901,12.786
Oceania,2004,,33419063.0,,428.453,12.931
Oceania,2005,,33956165.0,,433.427,12.872
Oceania,2006,,34540362.0,,439.754,12.837
Oceania,2007,,35190049.0,,448.106,12.837
Oceania,2008,,35890355.0,,453.125,12.725
Oceania,2009,,36593549.0,,452.832,12.47
Oceania,2010,,37254088.0,,451.56,12.212
Oceania,2011,,37890098.0,,450.377,11.974
Oceania,2012,,38550537.0,,452.248,11.816
Oceania,2013,,39233938.0,,445.004,11.422
Oceania,2014,,39918746.0,,442.693,11.166
Oceania,2015,,40615015.0,,451.376,11.188
Oceania,2016,,41347231.0,,460.059,11.2
Oceania,2017,,42093989.0,,465.087,11.119
Oceania,2018,,42815501.0,,467.919,10.997
Oceania,2019,,43504534.0,,468.925,10.844
Oceania,2020,,44079305.0,,449.486,10.258
Oceania,2021,,44558542.0,,439.095,9.913
Oceania,2022,,45049680.0,,433.49,9.679
Oceania,2023,,45563135.0,,433.177,9.562
Oceania,2024,,46089066.0,,436.897,9.533
Oceania (GCP),1950,,,,64.556,
Oceania (GCP),1951,,,,69.646,
Oceania (GCP),1952,,,,72.375,
Oceania (GCP),1953,,,,72.14,
Oceania (GCP),1954,,,,77.691,
Oceania (GCP),1955,,,,82.295,
Oceania (GCP),1956,,,,86.59,
Oceania (GCP),1957,,,,87.109,
Oceania (GCP),1958,,,,89.12,
Oceania (GCP),1959,,,,94.252,
Oceania (GCP),1960,,,,100.116,
Oceania (GCP),1961,,,,99.98,
Oceania (GCP),1962,,,,103.096,
Oceania (GCP),1963,,,,109.292,
Oceania (GCP),1964,,,,118.45,
Oceania (GCP),1965,,,,129.175,
Oceania (GCP),1966,,,,131.938,
Oceania (GCP),1967,,,,138.175,
Oceania (GCP),1968,,,,144.93,
Oceania (GCP),1969,,,,153.162,
Oceania (GCP),1970,,,,165.593,
Oceania (GCP),1971,,,,169.904,
Oceania (GCP),1972,,,,172.836,
Oceania (GCP),1973,,,,192.343,
Oceania (GCP),1974,,,,189.269,
Oceania (GCP),1975,,,,195.424,
Oceania (GCP),1976,,,,192.758,
Oceania (GCP),1977,,,,206.083,
Oceania (GCP),1978,,,,212.264,
Oceania (GCP),1979,,,,212.264,
Oceania (GCP),1980,,,,225.662,
Oceania (GCP),1981,,,,233.96,
Oceania (GCP),1982,,,,239.423,
Oceania (GCP),1983,,,,228.676,
Oceania (GCP),1984,,,,239.737,
Oceania (GCP),1985,,,,249.758,
Oceania (GCP),1986,,,,250.301,
Oceania (GCP),1987,,,,262.009,
Oceania (GCP),1988,,,,269.571,
Oceania (GCP),1989,,,,285.908,
Oceania (GCP),1990,,,,307.288,
Oceania (GCP),1991,,,,309.402,
Oceania (GCP),1992,,,,316.41,
Oceania (GCP),1993,,,,320.673,
Oceania (GCP),1994,,,,325.816,
Oceania (GCP),1995,,,,337.408,
Oceania (GCP),1996,,,,345.8,
Oceania (GCP),1997,,,,355.83,
Oceania (GCP),1998,,,,368.198,
Oceania (GCP),1999,,,,379.966,
Oceania (GCP),2000,,,,387.096,
Oceania (GCP),2001,,,,396.927,
Oceania (GCP),2002,,,,402.235,
Oceania (GCP),2003,,,,412.848,
Oceania (GCP),2004,,,,423.766,
Oceania (GCP),2005,,,,428.444,
Oceania (GCP),2006,,,,434.703,
Oceania (GCP),2007,,,,441.525,
Oceania (GCP),2008,,,,447.581,
Oceania (GCP),2009,,,,447.568,
Oceania (GCP),2010,,,,446.845,
Oceania (GCP),2011,,,,445.078,
Oceania (GCP),2012,,,,447.875,
Oceania (GCP),2013,,,,440.472,
Oceania (GCP),2014,,,,436.568,
Oceania (GCP),2015,,,,445.06,
Oceania (GCP),2016,,,,453.035,
Oceania (GCP),2017,,,,458.537,
Oceania (GCP),2018,,,,460.323,
Oceania (GCP),2019,,,,461.343,
Oceania (GCP),2020,,,,441.576,
Oceania (GCP),2021,,,,431.222,
Oceania (GCP),2022,,,,425.054,
Oceania (GCP),2023,,,,424.819,
Oceania (GCP),2024,,,,428.551,
Oman,1950,OMN,456997.0,485167896.0,,
Oman,1951,OMN,462760.0,516142452.0,,
Oman,1952,OMN,468831.0,547951815.0,,
Oman,1953,OMN,475163.0,583181915.0,,
Oman,1954,OMN,481826.0,619679490.0,,
Oman,1955,OMN,488811.0,658259403.0,,
Oman,1956,OMN,496175.0,700636315.0,,
Oman,1957,OMN,503986.0,744619511.0,,
Oman,1958,OMN,512341.0,790499864.0,,
Oman,1959,OMN,521320.0,840988914.0,,
Oman,1960,OMN,530489.0,892945068.0,,
Oman,1961,OMN,539859.0,902786566.0,,
Oman,1962,OMN,549951.0,1085467394.0,,
Oman,1963,OMN,560832.0,1133892402.0,,
Oman,1964,OMN,572586.0,1134369744.0,0.011,0.019
Oman,1965,OMN,585245.0,1138811611.0,0.026,0.044
Oman,1966,OMN,598815.0,1199748426.0,0.029,0.049
Oman,1967,OMN,613318.0,1992792768.0,0.136,0.221
Oman,1968,OMN,628801.0,3626114829.0,0.161,0.256
Oman,1969,OMN,645262.0,4555251137.0,0.234,0.363
Oman,1970,OMN,662691.0,4714814081.0,0.234,0.354
Oman,1971,OMN,681125.0,4753764227.0,2.092,3.072
Oman,1972,OMN,700591.0,5198972473.0,2.088,2.981
Oman,1973,OMN,721182.0,4478044021.0,2.11,2.926
Oman,1974,OMN,746995.0,4991525490.0,2.334,3.124
Oman,1975,OMN,778871.0,6212164387.0,7.251,9.31
Oman,1976,OMN,814703.0,7008887605.0,8.321,10.213
Oman,1977,OMN,855316.0,7029722074.0,8.5,9.938
Oman,1978,OMN,900312.0,6895599792.0,7.79,8.652
Oman,1979,OMN,949122.0,7190609784.0,7.716,8.13
Oman,1980,OMN,1001248.0,7625997148.0,6.042,6.034
Oman,1981,OMN,1057326.0,8925583062.0,6.013,5.687
Oman,1982,OMN,1117686.0,9954318046.0,5.73,5.127
Oman,1983,OMN,1181464.0,11615733169.0,7.526,6.37
Oman,1984,OMN,1247723.0,13560461008.0,8.053,6.455
Oman,1985,OMN,1325489.0,15457397547.0,8.646,6.523
Oman,1986,OMN,1413424.0,15789073016.0,9.857,6.974
Oman,1987,OMN,1501006.0,17052943068.0,9.444,6.292
Oman,1988,OMN,1588573.0,17563823554.0,10.564,6.65
Oman,1989,OMN,1676234.0,18300875919.0,10.041,5.99
Oman,1990,OMN,1763957.0,18309502487.0,11.285,6.398
Oman,1991,OMN,1851476.0,20523449762.0,11.658,6.297
Oman,1992,OMN,1938240.0,23477627483.0,11.956,6.168
Oman,1993,OMN,2021677.0,26328163578.0,13.291,6.574
Oman,1994,OMN,2081839.0,28891343065.0,17.466,8.39
Oman,1995,OMN,2120531.0,32313285852.0,18.816,8.873
Oman,1996,OMN,2156925.0,35842067925.0,18.197,8.437
Oman,1997,OMN,2190726.0,41346951900.0,18.145,8.282
Oman,1998,OMN,2222492.0,46306004470.0,18.543,8.343
Oman,1999,OMN,2252910.0,50522589652.0,22.076,9.799
Oman,2000,OMN,2282139.0,58124187550.0,23.984,10.51
Oman,2001,OMN,2310223.0,64949142360.0,22.512,9.744
Oman,2002,OMN,2337144.0,68131998222.0,26.979,11.544
Oman,2003,OMN,2363801.0,69978417960.0,34.563,14.622
Oman,2004,OMN,2404822.0,74745449481.0,29.247,12.162
Oman,2005,OMN,2459808.0,80936605625.0,31.835,12.942
Oman,2006,OMN,2514794.0,90553430362.0,40.45,16.085
Oman,2007,OMN,2570175.0,100681198254.0,45.308,17.629
Oman,2008,OMN,2626536.0,115217924982.0,47.436,18.06
Oman,2009,OMN,2684665.0,127016653137.0,44.504,16.577
Oman,2010,OMN,2757450.0,135198273857.0,51.429,18.651
Oman,2011,OMN,3076762.0,132756531310.0,57.305,18.625
Oman,2012,OMN,3547104.0,144522749866.0,63.105,17.791
Oman,2013,OMN,3833915.0,152076951430.0,65.587,17.107
Oman,2014,OMN,4002444.0,154041791696.0,66.19,16.537
Oman,2015,OMN,4184898.0,161770059399.0,67.883,16.221
Oman,2016,OMN,4390880.0,169932976616.0,66.24,15.086
Oman,2017,OMN,4537397.0,170449577065.0,66.344,14.622
Oman,2018,OMN,4597878.0,172643265345.0,70.678,15.372
Oman,2019,OMN,4591248.0,170692383655.0,72.035,15.69
Oman,2020,OMN,4522502.0,165230251016.0,71.845,15.886
Oman,2021,OMN,4500429.0,170025212745.0,75.041,16.674
Oman,2022,OMN,4730229.0,177355008173.0,77.994,16.488
Oman,2023,OMN,5049267.0,,79.811,15.806
Oman,2024,OMN,5281542.0,,82.662,15.651
Pakistan,1950,PAK,35849256.0,40434436230.0,5.355,0.149
Pakistan,1951,PAK,36581906.0,39130358613.0,6.613,0.181
Pakistan,1952,PAK,37377005.0,39279230664.0,6.983,0.187
Pakistan,1953,PAK,38229661.0,42977546308.0,7.107,0.186
Pakistan,1954,PAK,39137072.0,43979271375.0,7.218,0.184
Pakistan,1955,PAK,40098068.0,44967658656.0,7.437,0.185
Pakistan,1956,PAK,41113927.0,46309818023.0,8.812,0.214
Pakistan,1957,PAK,42185142.0,48360423343.0,9.105,0.216
Pakistan,1958,PAK,43312058.0,49065656933.0,10.224,0.236
Pakistan,1959,PAK,44495164.0,49546050300.0,9.921,0.223
Pakistan,1960,PAK,45709314.0,51948892289.0,11.926,0.261
Pakistan,1961,PAK,46921277.0,55132008445.0,12.35,0.263
Pakistan,1962,PAK,48156130.0,59154148468.0,13.57,0.282
Pakistan,1963,PAK,49447780.0,62812192500.0,15.6,0.315
Pakistan,1964,PAK,50799995.0,67633971156.0,16.039,0.316
Pakistan,1965,PAK,52209015.0,70661282988.0,16.83,0.322
Pakistan,1966,PAK,53678671.0,76405786843.0,17.126,0.319
Pakistan,1967,PAK,55214772.0,79258961257.0,18.176,0.329
Pakistan,1968,PAK,56810512.0,84766477183.0,20.842,0.367
Pakistan,1969,PAK,58460945.0,90261653464.0,20.213,0.346
Pakistan,1970,PAK,60166721.0,99675942742.0,20.504,0.341
Pakistan,1971,PAK,61847896.0,100157188906.0,19.441,0.314
Pakistan,1972,PAK,63583192.0,100869216328.0,18.903,0.297
Pakistan,1973,PAK,65461912.0,108175171710.0,20.008,0.306
Pakistan,1974,PAK,67415487.0,111773760656.0,21.387,0.317
Pakistan,1975,PAK,69461179.0,116475289398.0,23.188,0.334
Pakistan,1976,PAK,71620249.0,122635611968.0,22.789,0.318
Pakistan,1977,PAK,73901831.0,127467033312.0,24.32,0.329
Pakistan,1978,PAK,76307381.0,137688230625.0,26.051,0.341
Pakistan,1979,PAK,78997040.0,142754670023.0,28.134,0.356
Pakistan,1980,PAK,82291008.0,157740585914.0,31.932,0.388
Pakistan,1981,PAK,85802048.0,170114458312.0,34.233,0.399
Pakistan,1982,PAK,89089247.0,183113352296.0,37.19,0.417
Pakistan,1983,PAK,92227711.0,195559367070.0,40.022,0.434
Pakistan,1984,PAK,95164940.0,203232800671.0,42.557,0.447
Pakistan,1985,PAK,98229291.0,220940072343.0,46.814,0.477
Pakistan,1986,PAK,101606770.0,234955266578.0,49.059,0.483
Pakistan,1987,PAK,105130710.0,248712727781.0,52.989,0.504
Pakistan,1988,PAK,108724740.0,264731820890.0,57.607,0.53
Pakistan,1989,PAK,112336634.0,277371088054.0,60.317,0.537
Pakistan,1990,PAK,116155584.0,290069526062.0,67.827,0.584
Pakistan,1991,PAK,120060409.0,311483364597.0,67.477,0.562
Pakistan,1992,PAK,123546855.0,327814343506.0,72.015,0.583
Pakistan,1993,PAK,127020117.0,338978430026.0,77.176,0.608
Pakistan,1994,PAK,130748076.0,356454516834.0,84.018,0.643
Pakistan,1995,PAK,134582255.0,376967615526.0,83.614,0.621
Pakistan,1996,PAK,138557089.0,391435181933.0,93.542,0.675
Pakistan,1997,PAK,142531801.0,402359547116.0,93.788,0.658
Pakistan,1998,PAK,146522354.0,419024845538.0,96.741,0.66
Pakistan,1999,PAK,150565381.0,440333180316.0,99.389,0.66
Pakistan,2000,PAK,154879124.0,459798536606.0,103.94,0.671
Pakistan,2001,PAK,159270910.0,477964444881.0,105.401,0.662
Pakistan,2002,PAK,163222552.0,504824722487.0,110.566,0.677
Pakistan,2003,PAK,167110250.0,543920300431.0,113.142,0.677
Pakistan,2004,PAK,171285999.0,592025705114.0,124.637,0.728
Pakistan,2005,PAK,175453212.0,641139042718.0,129.947,0.741
Pakistan,2006,PAK,179682690.0,685965623310.0,137.912,0.768
Pakistan,2007,PAK,184493231.0,719253757580.0,148.349,0.804
Pakistan,2008,PAK,189499112.0,746912719652.0,147.901,0.78
Pakistan,2009,PAK,194376535.0,774880575078.0,148.355,0.763
Pakistan,2010,PAK,199239048.0,805491514683.0,147.504,0.74
Pakistan,2011,PAK,203746069.0,845096928750.0,149.488,0.734
Pakistan,2012,PAK,207667129.0,878485024934.0,150.555,0.725
Pakistan,2013,PAK,211073979.0,918328534363.0,148.183,0.702
Pakistan,2014,PAK,214264649.0,961516822345.0,150.81,0.704
Pakistan,2015,PAK,217290884.0,1010825281718.0,144.896,0.667
Pakistan,2016,PAK,220138863.0,1061146810870.0,176.741,0.803
Pakistan,2017,PAK,223273974.0,1117267177186.0,211.981,0.949
Pakistan,2018,PAK,226928893.0,1165406508457.0,203.5,0.897
Pakistan,2019,PAK,230800908.0,1172330212219.0,190.826,0.827
Pakistan,2020,PAK,235001745.0,1202026422230.0,215.51,0.917
Pakistan,2021,PAK,239477805.0,1278204948031.0,243.552,1.017
Pakistan,2022,PAK,243700667.0,1318834969356.0,211.97,0.87
Pakistan,2023,PAK,247504505.0,,186.861,0.755
Pakistan,2024,PAK,251269160.0,,179.8,0.716
Palau,1950,PLW,7494.0,,,
Palau,1951,PLW,7679.0,,,
Palau,1952,PLW,7838.0,,,
Palau,1953,PLW,8028.0,,,
Palau,1954,PLW,8231.0,,,
Palau,1955,PLW,8439.0,,0.011,1.303
Palau,1956,PLW,8614.0,,0.011,1.276
Palau,1957,PLW,8771.0,,0.015,1.671
Palau,1958,PLW,8924.0,,0.015,1.642
Palau,1959,PLW,9125.0,,0.015,1.606
Palau,1960,PLW,9349.0,,0.015,1.568
Palau,1961,PLW,9581.0,,0.051,5.354
Palau,1962,PLW,9815.0,,0.051,5.226
Palau,1963,PLW,10060.0,,0.055,5.463
Palau,1964,PLW,10313.0,,0.059,5.684
Palau,1965,PLW,10567.0,,0.066,6.241
Palau,1966,PLW,10825.0,,0.066,6.093
Palau,1967,PLW,11012.0,,0.073,6.655
Palau,1968,PLW,11104.0,,0.077,6.929
Palau,1969,PLW,11182.0,,0.132,11.796
Palau,1970,PLW,11393.0,,0.136,11.899
Palau,1971,PLW,11783.0,,0.165,13.993
Palau,1972,PLW,12216.0,,0.172,14.097
Palau,1973,PLW,12577.0,,0.176,13.984
Palau,1974,PLW,12711.0,,0.194,15.277
Palau,1975,PLW,12675.0,,0.194,15.321
Palau,1976,PLW,12622.0,,0.114,8.999
Palau,1977,PLW,12548.0,,0.183,14.6
Palau,1978,PLW,12465.0,,0.11,8.818
Palau,1979,PLW,12359.0,,0.125,10.08
Palau,1980,PLW,12296.0,,0.158,12.813
Palau,1981,PLW,12423.0,,0.158,12.682
Palau,1982,PLW,12721.0,,0.158,12.385
Palau,1983,PLW,13028.0,,0.158,12.093
Palau,1984,PLW,13359.0,,0.158,11.794
Palau,1985,PLW,13712.0,,0.161,11.757
Palau,1986,PLW,14044.0,,0.161,11.479
Palau,1987,PLW,14357.0,,0.161,11.229
Palau,1988,PLW,14664.0,,0.183,12.493
Palau,1989,PLW,14969.0,,0.227,15.176
Palau,1990,PLW,15282.0,,0.234,15.345
Palau,1991,PLW,15635.0,,0.234,14.998
Palau,1992,PLW,16017.0,,0.194,12.124
Palau,1993,PLW,16397.0,,0.194,11.843
Palau,1994,PLW,16796.0,,0.198,11.78
Palau,1995,PLW,17217.0,,0.194,11.279
Palau,1996,PLW,17683.0,,0.198,11.189
Palau,1997,PLW,18126.0,,0.198,10.916
Palau,1998,PLW,18548.0,,0.202,10.865
Palau,1999,PLW,18926.0,,0.202,10.648
Palau,2000,PLW,19206.0,,0.209,10.874
Palau,2001,PLW,19379.0,,0.213,10.966
Palau,2002,PLW,19527.0,,0.213,10.883
Palau,2003,PLW,19683.0,,0.213,10.797
Palau,2004,PLW,19841.0,,0.213,10.711
Palau,2005,PLW,19837.0,,0.224,11.267
Palau,2006,PLW,19616.0,,0.227,11.581
Palau,2007,PLW,19324.0,,0.253,13.083
Palau,2008,PLW,19031.0,,0.205,10.782
Palau,2009,PLW,18736.0,,0.194,10.365
Palau,2010,PLW,18420.0,,0.209,11.338
Palau,2011,PLW,18099.0,,0.213,11.742
Palau,2012,PLW,17791.0,,0.224,12.563
Palau,2013,PLW,17670.0,,0.227,12.856
Palau,2014,PLW,17740.0,,0.22,12.392
Palau,2015,PLW,17791.0,,0.202,11.327
Palau,2016,PLW,17824.0,,0.209,11.717
Palau,2017,PLW,17838.0,,0.216,12.119
Palau,2018,PLW,17843.0,,0.213,11.91
Palau,2019,PLW,17821.0,,0.216,12.13
Palau,2020,PLW,17817.0,,0.209,11.722
Palau,2021,PLW,17809.0,,0.213,11.933
Palau,2022,PLW,17784.0,,0.217,12.215
Palau,2023,PLW,17751.0,,0.216,12.18
Palau,2024,PLW,17719.0,,0.226,12.76
Palestine,1950,PSE,944632.0,1575333000.0,,
Palestine,1951,PSE,952949.0,1643376000.0,,
Palestine,1952,PSE,962311.0,1720739000.0,,
Palestine,1953,PSE,972669.0,1802320000.0,,
Palestine,1954,PSE,984023.0,1889249000.0,,
Palestine,1955,PSE,996392.0,1967818000.0,,
Palestine,1956,PSE,1009756.0,2047730000.0,,
Palestine,1957,PSE,1024139.0,2140000000.0,,
Palestine,1958,PSE,1039533.0,2207744000.0,,
Palestine,1959,PSE,1055901.0,2362746000.0,,
Palestine,1960,PSE,1073080.0,2502024000.0,,
Palestine,1961,PSE,1090936.0,2538570000.0,,
Palestine,1962,PSE,1109345.0,2697673000.0,,
Palestine,1963,PSE,1127471.0,2865724000.0,,
Palestine,1964,PSE,1140674.0,3055470000.0,,
Palestine,1965,PSE,1147310.0,3273333000.0,,
Palestine,1966,PSE,1146403.0,3605412000.0,,
Palestine,1967,PSE,1135820.0,3259836000.0,,
Palestine,1968,PSE,1121753.0,2636000000.0,,
Palestine,1969,PSE,1113086.0,2807746000.0,,
Palestine,1970,PSE,1116285.0,3104256000.0,,
Palestine,1971,PSE,1134114.0,3538280000.0,,
Palestine,1972,PSE,1164753.0,4134933000.0,,
Palestine,1973,PSE,1202261.0,3975588000.0,,
Palestine,1974,PSE,1241133.0,4849394000.0,,
Palestine,1975,PSE,1279321.0,4906085000.0,,
Palestine,1976,PSE,1316398.0,5654940000.0,,
Palestine,1977,PSE,1352720.0,5597579000.0,,
Palestine,1978,PSE,1389501.0,6316704000.0,,
Palestine,1979,PSE,1428122.0,6215733000.0,,
Palestine,1980,PSE,1469058.0,7125040000.0,,
Palestine,1981,PSE,1512710.0,6682479000.0,,
Palestine,1982,PSE,1560995.0,7250400000.0,,
Palestine,1983,PSE,1618780.0,6976442000.0,,
Palestine,1984,PSE,1688613.0,7325868000.0,,
Palestine,1985,PSE,1745262.0,7279544000.0,,
Palestine,1986,PSE,1789315.0,8687900000.0,,
Palestine,1987,PSE,1876764.0,8461764000.0,,
Palestine,1988,PSE,1977311.0,8341710000.0,,
Palestine,1989,PSE,2055617.0,8525922000.0,,
Palestine,1990,PSE,2139065.0,10144810000.0,0.861,0.403
Palestine,1991,PSE,2228955.0,9454877455.0,0.883,0.396
Palestine,1992,PSE,2324698.0,11394776250.0,0.912,0.392
Palestine,1993,PSE,2425066.0,12261093169.0,0.934,0.385
Palestine,1994,PSE,2529164.0,13843761534.0,0.964,0.381
Palestine,1995,PSE,2636554.0,14426654108.0,0.945,0.359
Palestine,1996,PSE,2746830.0,14210402096.0,1.037,0.377
Palestine,1997,PSE,2859581.0,15853595460.0,0.865,0.302
Palestine,1998,PSE,2962895.0,17641238398.0,1.458,0.492
Palestine,1999,PSE,3056256.0,18589120867.0,1.367,0.447
Palestine,2000,PSE,3151800.0,16535485180.0,1.66,0.527
Palestine,2001,PSE,3242286.0,14595986667.0,1.345,0.415
Palestine,2002,PSE,3322369.0,12429343876.0,1.154,0.347
Palestine,2003,PSE,3398071.0,13784762233.0,1.275,0.375
Palestine,2004,PSE,3475178.0,14801525695.0,2.191,0.63
Palestine,2005,PSE,3557406.0,15962719146.0,2.737,0.769
Palestine,2006,PSE,3645096.0,14923434404.0,2.268,0.622
Palestine,2007,PSE,3736694.0,15482101098.0,2.327,0.623
Palestine,2008,PSE,3829039.0,15978427884.0,2.052,0.536
Palestine,2009,PSE,3921245.0,16895251586.0,2.088,0.533
Palestine,2010,PSE,4016918.0,17771111593.0,2.034,0.506
Palestine,2011,PSE,4115912.0,19437411000.0,2.246,0.546
Palestine,2012,PSE,4215318.0,20660752000.0,2.195,0.521
Palestine,2013,PSE,4315263.0,21115612000.0,2.437,0.565
Palestine,2014,PSE,4415887.0,21084591000.0,2.836,0.642
Palestine,2015,PSE,4521564.0,21808077000.0,3.001,0.664
Palestine,2016,PSE,4632743.0,23665914839.0,3.235,0.698
Palestine,2017,PSE,4742747.0,23886477912.0,3.265,0.688
Palestine,2018,PSE,4850593.0,24082206405.0,2.957,0.61
Palestine,2019,PSE,4957773.0,24410373377.0,3.265,0.658
Palestine,2020,PSE,5069692.0,21647493143.0,3.327,0.656
Palestine,2021,PSE,5185341.0,23165411997.0,3.635,0.701
Palestine,2022,PSE,5305274.0,24076501614.0,4.702,0.886
Palestine,2023,PSE,5409201.0,,4.755,0.879
Palestine,2024,PSE,5495447.0,,4.78,0.87
Panama,1950,PAN,860855.0,2301261000.0,0.711,0.826
Panama,1951,PAN,882013.0,2281756000.0,0.751,0.851
Panama,1952,PAN,904460.0,2403580000.0,0.908,1.004
Panama,1953,PAN,928203.0,2548338000.0,0.817,0.88
Panama,1954,PAN,953092.0,2640785000.0,0.718,0.753
Panama,1955,PAN,978971.0,2796426000.0,0.791,0.808
Panama,1956,PAN,1005877.0,2940932000.0,0.74,0.736
Panama,1957,PAN,1033915.0,3249456000.0,0.916,0.886
Panama,1958,PAN,1063168.0,3270190000.0,1.121,1.054
Panama,1959,PAN,1093804.0,3483260000.0,1.3,1.189
Panama,1960,PAN,1126004.0,3693116000.0,1.264,1.122
Panama,1961,PAN,1159880.0,4088622000.0,1.344,1.159
Panama,1962,PAN,1195311.0,4434752000.0,1.461,1.223
Panama,1963,PAN,1232136.0,4850127000.0,1.74,1.412
Panama,1964,PAN,1270068.0,5060552000.0,2.033,1.601
Panama,1965,PAN,1308840.0,5504226000.0,2.124,1.623
Panama,1966,PAN,1348390.0,5911815000.0,2.106,1.562
Panama,1967,PAN,1388630.0,6405395000.0,2.15,1.548
Panama,1968,PAN,1429452.0,6876144000.0,2.601,1.819
Panama,1969,PAN,1470888.0,7409264000.0,2.384,1.621
Panama,1970,PAN,1513071.0,7855561000.0,2.677,1.77
Panama,1971,PAN,1556079.0,8611354000.0,3.079,1.979
Panama,1972,PAN,1599721.0,9008307000.0,3.502,2.189
Panama,1973,PAN,1643696.0,9493540000.0,3.959,2.409
Panama,1974,PAN,1687932.0,9721365000.0,3.84,2.275
Panama,1975,PAN,1732393.0,9880101000.0,4.765,2.751
Panama,1976,PAN,1776943.0,10042368000.0,4.617,2.598
Panama,1977,PAN,1821550.0,10153104000.0,4.579,2.514
Panama,1978,PAN,1866317.0,11148750000.0,3.913,2.097
Panama,1979,PAN,1911555.0,11651850000.0,4.19,2.192
Panama,1980,PAN,1957543.0,13424040000.0,3.088,1.578
Panama,1981,PAN,2004424.0,14618687000.0,3.304,1.648
Panama,1982,PAN,2052278.0,15185760000.0,3.265,1.591
Panama,1983,PAN,2101107.0,14954066000.0,3.467,1.65
Panama,1984,PAN,2150781.0,15268616000.0,2.855,1.328
Panama,1985,PAN,2200921.0,16051872000.0,2.715,1.233
Panama,1986,PAN,2251331.0,16762536000.0,2.72,1.208
Panama,1987,PAN,2301979.0,17272821000.0,3.164,1.375
Panama,1988,PAN,2352856.0,15522386000.0,2.905,1.235
Panama,1989,PAN,2403821.0,15760105000.0,2.502,1.041
Panama,1990,PAN,2455588.0,17035767000.0,2.618,1.066
Panama,1991,PAN,2508273.0,18696766794.0,3.089,1.231
Panama,1992,PAN,2561342.0,20281943424.0,4.098,1.6
Panama,1993,PAN,2615099.0,21447805218.0,3.749,1.434
Panama,1994,PAN,2669545.0,22126487628.0,4.136,1.549
Panama,1995,PAN,2724555.0,22570156089.0,3.608,1.324
Panama,1996,PAN,2780228.0,23274084902.0,4.397,1.581
Panama,1997,PAN,2836702.0,24846156289.0,4.572,1.612
Panama,1998,PAN,2893918.0,26740256885.0,5.835,2.016
Panama,1999,PAN,2951820.0,27866809468.0,5.552,1.881
Panama,2000,PAN,3010376.0,28706485449.0,5.636,1.872
Panama,2001,PAN,3069545.0,28943056968.0,6.909,2.251
Panama,2002,PAN,3129343.0,29668000666.0,5.71,1.825
Panama,2003,PAN,3189813.0,31009621095.0,5.929,1.859
Panama,2004,PAN,3251158.0,33428600750.0,5.505,1.693
Panama,2005,PAN,3313024.0,35933065263.0,6.742,2.035
Panama,2006,PAN,3375024.0,39099565107.0,7.282,2.158
Panama,2007,PAN,3437490.0,43958183203.0,7.134,2.075
Panama,2008,PAN,3500646.0,47885663330.0,6.809,1.945
Panama,2009,PAN,3564383.0,48772972500.0,8.051,2.259
Panama,2010,PAN,3628537.0,51741885375.0,9.06,2.497
Panama,2011,PAN,3693509.0,57996520000.0,9.899,2.68
Panama,2012,PAN,3759261.0,63359010000.0,9.54,2.538
Panama,2013,PAN,3825333.0,67546261000.0,10.274,2.686
Panama,2014,PAN,3892100.0,71636840000.0,10.689,2.746
Panama,2015,PAN,3960034.0,75784011000.0,10.652,2.69
Panama,2016,PAN,4029085.0,79454188125.0,10.334,2.565
Panama,2017,PAN,4098704.0,83812229677.0,9.568,2.334
Panama,2018,PAN,4167860.0,86820962356.0,9.121,2.188
Panama,2019,PAN,4234698.0,89670319909.0,12.449,2.94
Panama,2020,PAN,4293258.0,73827064971.0,6.557,1.527
Panama,2021,PAN,4345410.0,85518149482.0,10.145,2.335
Panama,2022,PAN,4400775.0,94762119668.0,11.707,2.66
Panama,2023,PAN,4458758.0,,13.002,2.916
Panama,2024,PAN,4515576.0,,12.664,2.805
Papua New Guinea,1950,PNG,1543441.0,,0.055,0.036
Papua New Guinea,1951,PNG,1574928.0,,0.062,0.04
Papua New Guinea,1952,PNG,1609545.0,,0.084,0.052
Papua New Guinea,1953,PNG,1650236.0,,0.095,0.058
Papua New Guinea,1954,PNG,1693505.0,,0.095,0.056
Papua New Guinea,1955,PNG,1739220.0,,0.128,0.074
Papua New Guinea,1956,PNG,1787446.0,,0.128,0.072
Papua New Guinea,1957,PNG,1837511.0,,0.147,0.08
Papua New Guinea,1958,PNG,1888969.0,,0.147,0.078
Papua New Guinea,1959,PNG,1941505.0,,0.161,0.083
Papua New Guinea,1960,PNG,1995115.0,,0.18,0.09
Papua New Guinea,1961,PNG,2046133.0,,0.202,0.098
Papua New Guinea,1962,PNG,2093926.0,,0.198,0.094
Papua New Guinea,1963,PNG,2141380.0,,0.256,0.12
Papua New Guinea,1964,PNG,2188332.0,,0.267,0.122
Papua New Guinea,1965,PNG,2235830.0,,0.304,0.136
Papua New Guinea,1966,PNG,2285785.0,,0.341,0.149
Papua New Guinea,1967,PNG,2337542.0,,0.436,0.187
Papua New Guinea,1968,PNG,2390812.0,,0.502,0.21
Papua New Guinea,1969,PNG,2446932.0,,0.557,0.228
Papua New Guinea,1970,PNG,2505632.0,,0.692,0.276
Papua New Guinea,1971,PNG,2566429.0,,0.824,0.321
Papua New Guinea,1972,PNG,2628436.0,,1.268,0.482
Papua New Guinea,1973,PNG,2690639.0,,1.345,0.5
Papua New Guinea,1974,PNG,2752679.0,,1.587,0.576
Papua New Guinea,1975,PNG,2814827.0,,1.532,0.544
Papua New Guinea,1976,PNG,2877337.0,,1.572,0.546
Papua New Guinea,1977,PNG,2940331.0,,1.579,0.537
Papua New Guinea,1978,PNG,3003718.0,,1.674,0.557
Papua New Guinea,1979,PNG,3067350.0,,1.795,0.585
Papua New Guinea,1980,PNG,3131516.0,,1.828,0.584
Papua New Guinea,1981,PNG,3197030.0,,1.931,0.604
Papua New Guinea,1982,PNG,3264301.0,,1.946,0.596
Papua New Guinea,1983,PNG,3333642.0,,2.008,0.602
Papua New Guinea,1984,PNG,3405200.0,,2.045,0.6
Papua New Guinea,1985,PNG,3478945.0,,2.125,0.611
Papua New Guinea,1986,PNG,3554802.0,,2.063,0.58
Papua New Guinea,1987,PNG,3632546.0,,2.334,0.643
Papua New Guinea,1988,PNG,3711894.0,,2.198,0.592
Papua New Guinea,1989,PNG,3796088.0,,2.034,0.536
Papua New Guinea,1990,PNG,3896482.0,,2.154,0.553
Papua New Guinea,1991,PNG,4021840.0,,2.173,0.54
Papua New Guinea,1992,PNG,4166702.0,,2.191,0.526
Papua New Guinea,1993,PNG,4320880.0,,2.195,0.508
Papua New Guinea,1994,PNG,4480210.0,,2.186,0.488
Papua New Guinea,1995,PNG,4644282.0,,2.052,0.442
Papua New Guinea,1996,PNG,4813363.0,,2.197,0.457
Papua New Guinea,1997,PNG,4987887.0,,2.611,0.523
Papua New Guinea,1998,PNG,5166390.0,,3.536,0.684
Papua New Guinea,1999,PNG,5349333.0,,2.548,0.476
Papua New Guinea,2000,PNG,5537068.0,,2.938,0.531
Papua New Guinea,2001,PNG,5728444.0,,3.336,0.582
Papua New Guinea,2002,PNG,5924010.0,,3.666,0.619
Papua New Guinea,2003,PNG,6124005.0,,4.053,0.662
Papua New Guinea,2004,PNG,6328042.0,,4.687,0.741
Papua New Guinea,2005,PNG,6535905.0,,4.984,0.763
Papua New Guinea,2006,PNG,6747724.0,,5.051,0.749
Papua New Guinea,2007,PNG,6963353.0,,6.581,0.945
Papua New Guinea,2008,PNG,7183002.0,,5.545,0.772
Papua New Guinea,2009,PNG,7406442.0,,5.265,0.711
Papua New Guinea,2010,PNG,7633524.0,,4.715,0.618
Papua New Guinea,2011,PNG,7859349.0,,5.298,0.674
Papua New Guinea,2012,PNG,8081396.0,,4.372,0.541
Papua New Guinea,2013,PNG,8302700.0,,4.532,0.546
Papua New Guinea,2014,PNG,8523440.0,,6.125,0.719
Papua New Guinea,2015,PNG,8743247.0,,6.316,0.722
Papua New Guinea,2016,PNG,8961717.0,,7.024,0.784
Papua New Guinea,2017,PNG,9178717.0,,6.55,0.714
Papua New Guinea,2018,PNG,9394518.0,,7.596,0.809
Papua New Guinea,2019,PNG,9609014.0,,7.583,0.789
Papua New Guinea,2020,PNG,9815743.0,,7.911,0.806
Papua New Guinea,2021,PNG,10012898.0,,7.873,0.786
Papua New Guinea,2022,PNG,10203177.0,,8.436,0.827
Papua New Guinea,2023,PNG,10389638.0,,8.358,0.804
Papua New Guinea,2024,PNG,10576509.0,,8.345,0.789
Paraguay,1950,PRY,1504351.0,3528324448.0,0.063,0.042
Paraguay,1951,PRY,1537946.0,3595804408.0,0.048,0.031
Paraguay,1952,PRY,1572608.0,3536506094.0,0.103,0.065
Paraguay,1953,PRY,1608308.0,3635725519.0,0.121,0.075
Paraguay,1954,PRY,1644932.0,3698078331.0,0.183,0.111
Paraguay,1955,PRY,1682293.0,3870313739.0,0.19,0.113
Paraguay,1956,PRY,1720418.0,4031849231.0,0.198,0.115
Paraguay,1957,PRY,1759490.0,4216517608.0,0.212,0.121
Paraguay,1958,PRY,1799653.0,4454883358.0,0.242,0.134
Paraguay,1959,PRY,1840972.0,4441587945.0,0.304,0.165
Paraguay,1960,PRY,1883517.0,4479776063.0,0.304,0.161
Paraguay,1961,PRY,1927401.0,4693845602.0,0.363,0.188
Paraguay,1962,PRY,1973136.0,5022522657.0,0.392,0.199
Paraguay,1963,PRY,2021913.0,5163015083.0,0.41,0.203
Paraguay,1964,PRY,2073121.0,5385688807.0,0.432,0.209
Paraguay,1965,PRY,2125179.0,5694560468.0,0.549,0.259
Paraguay,1966,PRY,2177590.0,5757942466.0,0.513,0.236
Paraguay,1967,PRY,2229992.0,6122648147.0,0.487,0.218
Paraguay,1968,PRY,2282394.0,6340658037.0,0.59,0.258
Paraguay,1969,PRY,2334998.0,6585253879.0,0.52,0.223
Paraguay,1970,PRY,2388030.0,6996917376.0,0.743,0.311
Paraguay,1971,PRY,2442540.0,7394369500.0,0.633,0.259
Paraguay,1972,PRY,2499885.0,7886751779.0,0.714,0.285
Paraguay,1973,PRY,2561103.0,8482950000.0,0.867,0.339
Paraguay,1974,PRY,2625622.0,9206906000.0,0.951,0.362
Paraguay,1975,PRY,2691649.0,9879328000.0,0.836,0.311
Paraguay,1976,PRY,2758844.0,10603938000.0,1.029,0.373
Paraguay,1977,PRY,2827876.0,11783715000.0,1.152,0.407
Paraguay,1978,PRY,2899268.0,13138308000.0,1.452,0.501
Paraguay,1979,PRY,2973967.0,14651546000.0,1.324,0.445
Paraguay,1980,PRY,3053239.0,16341148000.0,1.484,0.486
Paraguay,1981,PRY,3137611.0,17785296000.0,1.382,0.44
Paraguay,1982,PRY,3226195.0,17625100000.0,1.361,0.422
Paraguay,1983,PRY,3318075.0,17109645000.0,1.406,0.424
Paraguay,1984,PRY,3412939.0,17643760000.0,1.489,0.436
Paraguay,1985,PRY,3510678.0,18342962000.0,1.547,0.441
Paraguay,1986,PRY,3611474.0,18352974000.0,1.652,0.457
Paraguay,1987,PRY,3714892.0,19149667000.0,1.873,0.504
Paraguay,1988,PRY,3820551.0,20363574000.0,2.139,0.56
Paraguay,1989,PRY,3927802.0,21535528000.0,2.218,0.565
Paraguay,1990,PRY,4035752.0,22196120000.0,2.13,0.528
Paraguay,1991,PRY,4144370.0,22815091205.0,2.098,0.506
Paraguay,1992,PRY,4253608.0,23297733832.0,2.571,0.604
Paraguay,1993,PRY,4362706.0,24342699255.0,2.905,0.666
Paraguay,1994,PRY,4471423.0,25180861240.0,3.393,0.759
Paraguay,1995,PRY,4579803.0,26637512671.0,3.925,0.857
Paraguay,1996,PRY,4687540.0,26835505969.0,3.706,0.791
Paraguay,1997,PRY,4794415.0,27717303684.0,4.092,0.853
Paraguay,1998,PRY,4900028.0,27958225603.0,4.374,0.893
Paraguay,1999,PRY,5003139.0,27635393000.0,4.362,0.872
Paraguay,2000,PRY,5100875.0,26799187738.0,3.592,0.704
Paraguay,2001,PRY,5187690.0,27438613750.0,3.687,0.711
Paraguay,2002,PRY,5261334.0,31664872141.0,3.853,0.732
Paraguay,2003,PRY,5326437.0,33135448282.0,4.026,0.756
Paraguay,2004,PRY,5388181.0,34591080511.0,4.058,0.753
Paraguay,2005,PRY,5448100.0,35443580706.0,3.772,0.692
Paraguay,2006,PRY,5505145.0,37261533412.0,3.901,0.709
Paraguay,2007,PRY,5559385.0,39406021841.0,4.041,0.727
Paraguay,2008,PRY,5613577.0,42050621581.0,4.27,0.761
Paraguay,2009,PRY,5671243.0,40509009629.0,4.525,0.798
Paraguay,2010,PRY,5737973.0,45961696292.0,5.011,0.873
Paraguay,2011,PRY,5814632.0,48113309093.0,5.192,0.893
Paraguay,2012,PRY,5897011.0,47772664940.0,5.159,0.875
Paraguay,2013,PRY,5982447.0,51734453611.0,5.169,0.864
Paraguay,2014,PRY,6069819.0,54476893712.0,5.451,0.898
Paraguay,2015,PRY,6159106.0,56087783311.0,6.045,0.982
Paraguay,2016,PRY,6249129.0,58481604773.0,7.187,1.15
Paraguay,2017,PRY,6338658.0,61294571103.0,7.939,1.253
Paraguay,2018,PRY,6427382.0,63258456042.0,8.504,1.323
Paraguay,2019,PRY,6515059.0,63004153609.0,8.268,1.269
Paraguay,2020,PRY,6603741.0,62487519891.0,7.444,1.127
Paraguay,2021,PRY,6684184.0,64997640183.0,8.187,1.225
Paraguay,2022,PRY,6760460.0,65127634644.0,7.533,1.114
Paraguay,2023,PRY,6844150.0,,7.646,1.117
Paraguay,2024,PRY,6929152.0,,7.937,1.145
Peru,1950,PER,7677414.0,28079967500.0,4.545,0.592
Peru,1951,PER,7893620.0,30263916155.0,4.773,0.605
Peru,1952,PER,8116670.0,31813875574.0,5.187,0.639
Peru,1953,PER,8344907.0,33842161494.0,5.513,0.661
Peru,1954,PER,8579314.0,34776299000.0,6.234,0.727
Peru,1955,PER,8822015.0,37365493500.0,6.124,0.694
Peru,1956,PER,9073471.0,39047988212.0,6.311,0.696
Peru,1957,PER,9333871.0,40965380150.0,6.674,0.715
Peru,1958,PER,9603649.0,41082373253.0,7.373,0.768
Peru,1959,PER,9883656.0,41287094165.0,7.216,0.73
Peru,1960,PER,10174128.0,47003423000.0,8.165,0.802
Peru,1961,PER,10475126.0,51169240000.0,8.634,0.824
Peru,1962,PER,10784615.0,55001295000.0,9.96,0.924
Peru,1963,PER,11102095.0,57528300162.0,10.223,0.921
Peru,1964,PER,11427988.0,61545550500.0,12.253,1.072
Peru,1965,PER,11761091.0,65696160581.0,11.952,1.016
Peru,1966,PER,12101300.0,71226665558.0,13.241,1.094
Peru,1967,PER,12448815.0,74091346592.0,13.64,1.096
Peru,1968,PER,12803985.0,73284024000.0,14.487,1.131
Peru,1969,PER,13166756.0,75165694611.0,15.285,1.161
Peru,1970,PER,13501237.0,81043369200.0,17.766,1.316
Peru,1971,PER,13838069.0,84693327380.0,18.591,1.343
Peru,1972,PER,14210147.0,87412242023.0,18.148,1.277
Peru,1973,PER,14582864.0,92028472647.0,19.723,1.352
Peru,1974,PER,14956554.0,96868852035.0,21.325,1.426
Peru,1975,PER,15333955.0,104551629812.0,21.927,1.43
Peru,1976,PER,15716814.0,106022340281.0,22.4,1.425
Peru,1977,PER,16109808.0,105950393541.0,23.296,1.446
Peru,1978,PER,16516061.0,105938527515.0,22.413,1.357
Peru,1979,PER,16933143.0,112279731593.0,22.217,1.312
Peru,1980,PER,17360955.0,117521555537.0,24.065,1.386
Peru,1981,PER,17798803.0,122880962689.0,24.027,1.35
Peru,1982,PER,18246506.0,123031210000.0,23.6,1.293
Peru,1983,PER,18705961.0,106507839000.0,20.393,1.09
Peru,1984,PER,19174717.0,111385449000.0,20.632,1.076
Peru,1985,PER,19648212.0,113560608000.0,19.455,0.99
Peru,1986,PER,20117127.0,124887950000.0,21.775,1.082
Peru,1987,PER,20582325.0,135510960000.0,25.694,1.248
Peru,1988,PER,21054704.0,124322130000.0,25.018,1.188
Peru,1989,PER,21532587.0,109139160000.0,21.762,1.011
Peru,1990,PER,22014772.0,103572000000.0,21.401,0.972
Peru,1991,PER,22483784.0,108468600578.0,20.758,0.923
Peru,1992,PER,22946345.0,110495351335.0,20.986,0.915
Peru,1993,PER,23413783.0,92121419172.0,23.885,1.02
Peru,1994,PER,23881497.0,103509723878.0,24.177,1.012
Peru,1995,PER,24348922.0,111333590886.0,25.143,1.033
Peru,1996,PER,24811174.0,114659592873.0,24.717,0.996
Peru,1997,PER,25274149.0,122417899136.0,27.747,1.098
Peru,1998,PER,25738101.0,122316689368.0,28.066,1.09
Peru,1999,PER,26186499.0,124629013218.0,29.562,1.129
Peru,2000,PER,26598328.0,128561599053.0,28.678,1.078
Peru,2001,PER,26964610.0,130005019162.0,25.26,0.937
Peru,2002,PER,27288211.0,137911092694.0,25.592,0.938
Peru,2003,PER,27580485.0,144583674826.0,24.914,0.903
Peru,2004,PER,27852190.0,152840586065.0,28.504,1.023
Peru,2005,PER,28101175.0,163489485317.0,30.321,1.079
Peru,2006,PER,28324488.0,176775277493.0,28.299,0.999
Peru,2007,PER,28530704.0,192942634714.0,34.567,1.212
Peru,2008,PER,28719038.0,211009673563.0,35.572,1.239
Peru,2009,PER,28896819.0,212830474173.0,39.424,1.364
Peru,2010,PER,29086021.0,230353256282.0,42.505,1.461
Peru,2011,PER,29304083.0,244711917914.0,42.327,1.444
Peru,2012,PER,29550367.0,259737230567.0,45.509,1.54
Peru,2013,PER,29817908.0,274939626306.0,42.718,1.433
Peru,2014,PER,30115825.0,281488723310.0,49.388,1.64
Peru,2015,PER,30457598.0,290642734598.0,49.204,1.615
Peru,2016,PER,30866497.0,302131843581.0,52.698,1.707
Peru,2017,PER,31324639.0,309742529723.0,54.726,1.747
Peru,2018,PER,31897590.0,322061010919.0,56.014,1.756
Peru,2019,PER,32449302.0,329252610797.0,58.668,1.808
Peru,2020,PER,32838577.0,292988745490.0,47.237,1.438
Peru,2021,PER,33155883.0,332691638600.0,59.962,1.808
Peru,2022,PER,33475436.0,341677633395.0,64.785,1.935
Peru,2023,PER,33845616.0,,66.065,1.952
Peru,2024,PER,34217850.0,,70.247,2.053
Philippines,1950,PHL,18849532.0,36049935824.0,3.604,0.191
Philippines,1951,PHL,19568083.0,39957433222.0,3.553,0.182
Philippines,1952,PHL,20328753.0,42409126757.0,4.051,0.199
Philippines,1953,PHL,21132502.0,46221740849.0,4.033,0.191
Philippines,1954,PHL,21982504.0,49679315361.0,5.33,0.242
Philippines,1955,PHL,22880568.0,53157363398.0,6.616,0.289
Philippines,1956,PHL,23825808.0,56877157312.0,6.253,0.262
Philippines,1957,PHL,24815856.0,59939972533.0,6.729,0.271
Philippines,1958,PHL,25842525.0,62008238117.0,7.56,0.293
Philippines,1959,PHL,26907612.0,66250980855.0,7.226,0.269
Philippines,1960,PHL,27891900.0,67128594533.0,8.325,0.298
Philippines,1961,PHL,28792620.0,70879201445.0,8.713,0.303
Philippines,1962,PHL,29723535.0,74296895996.0,10.336,0.348
Philippines,1963,PHL,30674733.0,79496467449.0,11.472,0.374
Philippines,1964,PHL,31643038.0,82248591503.0,12.823,0.405
Philippines,1965,PHL,32625328.0,86595485523.0,13.965,0.428
Philippines,1966,PHL,33617171.0,90426064781.0,16.104,0.479
Philippines,1967,PHL,34621326.0,95250684609.0,18.209,0.526
Philippines,1968,PHL,35638338.0,99985080937.0,22.223,0.624
Philippines,1969,PHL,36660795.0,104606238593.0,22.829,0.623
Philippines,1970,PHL,37622203.0,108553591218.0,24.751,0.658
Philippines,1971,PHL,38518656.0,114467546187.0,27.552,0.715
Philippines,1972,PHL,39408560.0,120671315406.0,26.409,0.67
Philippines,1973,PHL,40294126.0,131496104914.0,31.501,0.782
Philippines,1974,PHL,41174338.0,136133256007.0,30.492,0.741
Philippines,1975,PHL,42120830.0,143695710593.0,32.482,0.771
Philippines,1976,PHL,43201486.0,156320025859.0,35.06,0.812
Philippines,1977,PHL,44367965.0,165102786343.0,36.664,0.826
Philippines,1978,PHL,45575286.0,173707443187.0,37.362,0.82
Philippines,1979,PHL,46807104.0,183436885160.0,38.009,0.812
Philippines,1980,PHL,48043744.0,192910475269.0,36.837,0.767
Philippines,1981,PHL,49311730.0,199457195449.0,34.493,0.699
Philippines,1982,PHL,50695715.0,206677141339.0,34.795,0.686
Philippines,1983,PHL,52194624.0,210595318769.0,35.189,0.674
Philippines,1984,PHL,53726187.0,195158581925.0,30.785,0.573
Philippines,1985,PHL,55213007.0,180907318066.0,27.855,0.505
Philippines,1986,PHL,56645083.0,187086785480.0,28.969,0.511
Philippines,1987,PHL,58157496.0,195165628539.0,32.439,0.558
Philippines,1988,PHL,59739056.0,208280785195.0,37.409,0.626
Philippines,1989,PHL,61265259.0,221233812796.0,38.834,0.634
Philippines,1990,PHL,62854668.0,227937191062.0,40.774,0.649
Philippines,1991,PHL,64382249.0,228436344826.0,42.874,0.666
Philippines,1992,PHL,65926130.0,230909837938.0,47.772,0.725
Philippines,1993,PHL,67530621.0,237664033762.0,48.342,0.716
Philippines,1994,PHL,69019297.0,250065486564.0,53.479,0.775
Philippines,1995,PHL,70546245.0,263742284726.0,59.22,0.839
Philippines,1996,PHL,72190237.0,281422828353.0,60.437,0.837
Philippines,1997,PHL,73908813.0,298360005981.0,69.147,0.936
Philippines,1998,PHL,75791031.0,299105469124.0,67.379,0.889
Philippines,1999,PHL,77753256.0,310804334612.0,67.295,0.865
Philippines,2000,PHL,79625401.0,327247671365.0,71.467,0.898
Philippines,2001,PHL,81401488.0,339580401272.0,69.799,0.857
Philippines,2002,PHL,83068889.0,354896572700.0,69.492,0.837
Philippines,2003,PHL,84731836.0,375676507230.0,69.501,0.82
Philippines,2004,PHL,86394510.0,404092179609.0,71.999,0.833
Philippines,2005,PHL,88015959.0,426864086040.0,72.334,0.822
Philippines,2006,PHL,89508992.0,452834616353.0,65.646,0.733
Philippines,2007,PHL,91075180.0,486739179739.0,70.01,0.769
Philippines,2008,PHL,92699091.0,511142140299.0,76.605,0.826
Philippines,2009,PHL,94384256.0,521163648845.0,75.581,0.801
Philippines,2010,PHL,96337127.0,565514808274.0,82.246,0.854
Philippines,2011,PHL,98248614.0,590943092007.0,82.98,0.845
Philippines,2012,PHL,100175511.0,631700459807.0,87.476,0.873
Philippines,2013,PHL,102076334.0,674346563689.0,94.825,0.929
Philippines,2014,PHL,103767127.0,717154029846.0,100.074,0.964
Philippines,2015,PHL,105312988.0,762678999551.0,111.046,1.054
Philippines,2016,PHL,106735721.0,817202925336.0,120.216,1.126
Philippines,2017,PHL,108119691.0,873843247356.0,133.576,1.235
Philippines,2018,PHL,109465284.0,929253628653.0,139.857,1.278
Philippines,2019,PHL,110804685.0,986114678778.0,142.601,1.287
Philippines,2020,PHL,112081270.0,892256290776.0,131.457,1.173
Philippines,2021,PHL,113100947.0,943141651518.0,140.27,1.24
Philippines,2022,PHL,113964343.0,1014811024029.0,150.963,1.325
Philippines,2023,PHL,114891199.0,,160.98,1.401
Philippines,2024,PHL,115843663.0,,174.878,1.51
Poland,1950,POL,24780169.0,96813600000.0,111.866,4.514
Poland,1951,POL,25222692.0,101074324765.0,121.909,4.833
Poland,1952,POL,25672466.0,103385353039.0,127.855,4.98
Poland,1953,POL,26126457.0,109421333302.0,139.032,5.321
Poland,1954,POL,26590478.0,115623103265.0,147.462,5.546
Poland,1955,POL,27063640.0,121240855132.0,154.107,5.694
Poland,1956,POL,27535570.0,126650798291.0,166.333,6.041
Poland,1957,POL,28076495.0,133299067064.0,178.602,6.361
Poland,1958,POL,28643644.0,139818923685.0,176.691,6.169
Poland,1959,POL,29132534.0,143866768212.0,189.689,6.511
Poland,1960,POL,29575967.0,151647939208.0,199.548,6.747
Poland,1961,POL,29979692.0,163715041683.0,207.221,6.912
Poland,1962,POL,30338094.0,161505211523.0,216.604,7.14
Poland,1963,POL,30674024.0,171155959945.0,231.002,7.531
Poland,1964,POL,30993140.0,178821674253.0,242.87,7.836
Poland,1965,POL,31288338.0,188699589398.0,246.977,7.894
Poland,1966,POL,31568281.0,200606683406.0,252.424,7.996
Poland,1967,POL,31828626.0,207876378046.0,259.014,8.138
Poland,1968,POL,32078388.0,220431544812.0,275.794,8.597
Poland,1969,POL,32322778.0,218218530156.0,293.373,9.076
Poland,1970,POL,32542639.0,229568508000.0,304.169,9.347
Poland,1971,POL,32771298.0,245931897878.0,312.888,9.548
Poland,1972,POL,33041993.0,263853821343.0,329.51,9.972
Poland,1973,POL,33333275.0,283714602500.0,335.597,10.068
Poland,1974,POL,33642463.0,300363727500.0,346.24,10.292
Poland,1975,POL,33964400.0,314487208007.0,374.784,11.035
Poland,1976,POL,34296611.0,322311740773.0,398.126,11.608
Poland,1977,POL,34628513.0,328313350792.0,417.962,12.07
Poland,1978,POL,34934216.0,340244073914.0,430.877,12.334
Poland,1979,POL,35248382.0,333915680355.0,441.312,12.52
Poland,1980,POL,35576518.0,325503264953.0,463.333,13.024
Poland,1981,POL,35900913.0,308182432687.0,409.004,11.393
Poland,1982,POL,36233465.0,305360609726.0,420.978,11.618
Poland,1983,POL,36573700.0,320511907078.0,421.027,11.512
Poland,1984,POL,36905795.0,332358620109.0,432.475,11.718
Poland,1985,POL,37200850.0,335851104164.0,444.512,11.949
Poland,1986,POL,37452612.0,346539486562.0,451.856,12.065
Poland,1987,POL,37665710.0,341893100382.0,463.736,12.312
Poland,1988,POL,37817863.0,349435198078.0,444.241,11.747
Poland,1989,POL,37938086.0,344009615625.0,422.244,11.13
Poland,1990,POL,38055448.0,310673160937.0,376.342,9.889
Poland,1991,POL,38152947.0,291288814472.0,373.366,9.786
Poland,1992,POL,38233636.0,301270050123.0,364.283,9.528
Poland,1993,POL,38294882.0,315272045792.0,364.958,9.53
Poland,1994,POL,38344312.0,334402893305.0,359.991,9.388
Poland,1995,POL,38364668.0,360934041475.0,362.483,9.448
Poland,1996,POL,38359164.0,386314591617.0,377.119,9.831
Poland,1997,POL,38348307.0,414942244343.0,367.199,9.575
Poland,1998,POL,38326431.0,437955026714.0,338.98,8.845
Poland,1999,POL,38287717.0,462542429541.0,329.204,8.598
Poland,2000,POL,38258077.0,488207682001.0,317.306,8.294
Poland,2001,POL,38247359.0,499086644170.0,313.267,8.191
Poland,2002,POL,38229407.0,514089670231.0,305.852,8.0
Poland,2003,POL,38203527.0,537330337680.0,318.733,8.343
Poland,2004,POL,38167568.0,570430122148.0,323.621,8.479
Poland,2005,POL,38124377.0,595958527688.0,322.577,8.461
Poland,2006,POL,38071169.0,638713864539.0,336.387,8.836
Poland,2007,POL,38020420.0,690249985288.0,335.735,8.83
Poland,2008,POL,37995902.0,726319216200.0,329.428,8.67
Poland,2009,POL,38002153.0,760579624624.0,315.886,8.312
Poland,2010,POL,38095356.0,795619859853.0,334.028,8.768
Poland,2011,POL,38208644.0,843236863910.0,333.406,8.726
Poland,2012,POL,38247867.0,856266755052.0,325.778,8.518
Poland,2013,POL,38259267.0,863601156195.0,321.757,8.41
Poland,2014,POL,38265113.0,896737189458.0,309.415,8.086
Poland,2015,POL,38266314.0,936043804062.0,312.549,8.168
Poland,2016,POL,38263260.0,963689941627.0,323.3,8.449
Poland,2017,POL,38254964.0,1013223736654.0,336.505,8.796
Poland,2018,POL,38241070.0,1073462064151.0,335.719,8.779
Poland,2019,POL,38225884.0,1121231497071.0,317.444,8.304
Poland,2020,POL,38171005.0,1098581305284.0,302.102,7.914
Poland,2021,POL,38040303.0,1173809548862.0,330.694,8.693
Poland,2022,POL,38385734.0,1231021338216.0,314.892,8.203
Poland,2023,POL,38762847.0,,283.243,7.307
Poland,2024,POL,38539209.0,,272.862,7.08
Portugal,1950,PRT,8418877.0,28072143750.0,5.618,0.667
Portugal,1951,PRT,8474201.0,29342304000.0,5.394,0.637
Portugal,1952,PRT,8523424.0,29372241577.0,5.35,0.628
Portugal,1953,PRT,8572744.0,31424694565.0,5.929,0.692
Portugal,1954,PRT,8616967.0,32922827910.0,5.79,0.672
Portugal,1955,PRT,8662889.0,34292305458.0,6.46,0.746
Portugal,1956,PRT,8704061.0,35785772000.0,7.163,0.823
Portugal,1957,PRT,8743286.0,37369202355.0,7.782,0.89
Portugal,1958,PRT,8792775.0,37856333618.0,7.555,0.859
Portugal,1959,PRT,8840372.0,39914742830.0,7.98,0.903
Portugal,1960,PRT,8873223.0,42580931320.0,8.214,0.926
Portugal,1961,PRT,8888380.0,44903127371.0,9.078,1.021
Portugal,1962,PRT,8895775.0,47877097363.0,9.29,1.044
Portugal,1963,PRT,8898304.0,50720733818.0,10.012,1.125
Portugal,1964,PRT,8895764.0,54059935000.0,11.007,1.237
Portugal,1965,PRT,8889623.0,58086870064.0,11.582,1.303
Portugal,1966,PRT,8872477.0,60455104303.0,11.835,1.334
Portugal,1967,PRT,8845842.0,65022729000.0,12.392,1.401
Portugal,1968,PRT,8809709.0,70796591833.0,12.992,1.475
Portugal,1969,PRT,8754238.0,72313644352.0,14.593,1.667
Portugal,1970,PRT,8669523.0,78901602503.0,15.236,1.757
Portugal,1971,PRT,8685587.0,84132632927.0,16.376,1.885
Portugal,1972,PRT,8815590.0,90870660478.0,18.307,2.077
Portugal,1973,PRT,8939234.0,101051247298.0,19.945,2.231
Portugal,1974,PRT,9059175.0,102210300005.0,20.645,2.279
Portugal,1975,PRT,9182303.0,97762401296.0,21.275,2.317
Portugal,1976,PRT,9310263.0,104504213200.0,22.326,2.398
Portugal,1977,PRT,9438170.0,110366212738.0,22.605,2.395
Portugal,1978,PRT,9556397.0,113475729199.0,22.585,2.363
Portugal,1979,PRT,9663303.0,119864921263.0,24.856,2.572
Portugal,1980,PRT,9763622.0,125370949095.0,26.773,2.742
Portugal,1981,PRT,9837588.0,127400923099.0,27.0,2.745
Portugal,1982,PRT,9885845.0,130127665855.0,29.0,2.933
Portugal,1983,PRT,9925257.0,129898975552.0,29.902,3.013
Portugal,1984,PRT,9956893.0,127462176351.0,28.794,2.892
Portugal,1985,PRT,9979475.0,131038827148.0,27.133,2.719
Portugal,1986,PRT,9993097.0,136464680943.0,30.221,3.024
Portugal,1987,PRT,10001990.0,145169747164.0,31.198,3.119
Portugal,1988,PRT,10004588.0,156041295580.0,32.568,3.255
Portugal,1989,PRT,10001380.0,164059396971.0,40.822,4.082
Portugal,1990,PRT,9989526.0,171225929203.0,45.311,4.536
Portugal,1991,PRT,9969181.0,177606537211.0,46.879,4.702
Portugal,1992,PRT,9960345.0,183951331948.0,50.957,5.116
Portugal,1993,PRT,9972341.0,183378088561.0,49.469,4.961
Portugal,1994,PRT,9998487.0,186788072120.0,50.243,5.025
Portugal,1995,PRT,10031756.0,191728089193.0,54.503,5.433
Portugal,1996,PRT,10067655.0,199215852007.0,51.8,5.145
Portugal,1997,PRT,10110548.0,208848444082.0,54.669,5.407
Portugal,1998,PRT,10159524.0,219709918106.0,59.211,5.828
Portugal,1999,PRT,10214877.0,229149917332.0,66.878,6.547
Portugal,2000,PRT,10283196.0,238756377443.0,65.504,6.37
Portugal,2001,PRT,10354329.0,244348167969.0,65.187,6.296
Portugal,2002,PRT,10413045.0,247190712485.0,69.583,6.682
Portugal,2003,PRT,10454246.0,245847246169.0,64.482,6.168
Portugal,2004,PRT,10481386.0,251279602163.0,67.302,6.421
Portugal,2005,PRT,10502993.0,254196923131.0,69.64,6.63
Portugal,2006,PRT,10524123.0,259159946424.0,64.856,6.163
Portugal,2007,PRT,10546822.0,266663287450.0,62.38,5.915
Portugal,2008,PRT,10564086.0,268239264717.0,60.01,5.681
Portugal,2009,PRT,10576265.0,261270596745.0,57.147,5.403
Portugal,2010,PRT,10578659.0,267277408809.0,52.89,5.0
Portugal,2011,PRT,10557050.0,263425010810.0,51.784,4.905
Portugal,2012,PRT,10513155.0,252737143203.0,49.932,4.749
Portugal,2013,PRT,10458287.0,250405237435.0,48.146,4.604
Portugal,2014,PRT,10406203.0,252388910611.0,47.942,4.607
Portugal,2015,PRT,10370264.0,256911888409.0,52.233,5.037
Portugal,2016,PRT,10346377.0,262100101273.0,50.311,4.863
Portugal,2017,PRT,10330838.0,271290329012.0,55.165,5.34
Portugal,2018,PRT,10325355.0,279020275961.0,51.34,4.972
Portugal,2019,PRT,10343218.0,286505655767.0,47.583,4.6
Portugal,2020,PRT,10370519.0,262724232089.0,41.738,4.025
Portugal,2021,PRT,10390957.0,277181288542.0,40.3,3.878
Portugal,2022,PRT,10417074.0,295712910456.0,40.722,3.909
Portugal,2023,PRT,10430735.0,,37.622,3.607
Portugal,2024,PRT,10425291.0,,35.539,3.409
Qatar,1950,QAT,24304.0,1215792027.0,0.352,14.473
Qatar,1951,QAT,25091.0,1317912432.0,0.388,15.479
Qatar,1952,QAT,25911.0,1396940874.0,0.194,7.495
Qatar,1953,QAT,26763.0,1535541567.0,0.366,13.691
Qatar,1954,QAT,27641.0,1710652248.0,0.608,22.004
Qatar,1955,QAT,28558.0,1751959957.0,0.418,14.626
Qatar,1956,QAT,29549.0,1880830277.0,0.506,17.112
Qatar,1957,QAT,30656.0,1948947000.0,0.311,10.159
Qatar,1958,QAT,31991.0,2043765302.0,0.169,5.268
Qatar,1959,QAT,33678.0,2255324879.0,0.183,5.44
Qatar,1960,QAT,36025.0,2384206877.0,0.176,4.882
Qatar,1961,QAT,39701.0,2386647626.0,0.161,4.061
Qatar,1962,QAT,44651.0,2479023468.0,0.191,4.267
Qatar,1963,QAT,50396.0,2641948434.0,6.134,121.707
Qatar,1964,QAT,56882.0,2729476234.0,6.269,110.212
Qatar,1965,QAT,64082.0,2927665446.0,6.287,98.115
Qatar,1966,QAT,72207.0,3973314447.0,6.273,86.872
Qatar,1967,QAT,81455.0,4804792087.0,6.683,82.047
Qatar,1968,QAT,91762.0,5536822410.0,7.075,77.104
Qatar,1969,QAT,103042.0,5907591971.0,7.167,69.55
Qatar,1970,QAT,116370.0,5986595243.0,7.561,64.978
Qatar,1971,QAT,131356.0,7435852364.0,9.144,69.615
Qatar,1972,QAT,146518.0,8389210025.0,10.775,73.543
Qatar,1973,QAT,161854.0,9926950028.0,12.457,76.966
Qatar,1974,QAT,177372.0,9023770375.0,10.479,59.077
Qatar,1975,QAT,193103.0,9281296849.0,10.947,56.692
Qatar,1976,QAT,209067.0,9982830381.0,10.376,49.628
Qatar,1977,QAT,225298.0,8903428757.0,9.917,44.019
Qatar,1978,QAT,241820.0,9745928061.0,10.522,43.51
Qatar,1979,QAT,258678.0,10144608745.0,14.346,55.46
Qatar,1980,QAT,275923.0,10864233720.0,13.086,47.426
Qatar,1981,QAT,293561.0,9299814341.0,12.847,43.763
Qatar,1982,QAT,311544.0,7540660886.0,12.342,39.614
Qatar,1983,QAT,329720.0,6768237787.0,11.255,34.135
Qatar,1984,QAT,347894.0,6604221408.0,12.316,35.402
Qatar,1985,QAT,365950.0,5895161395.0,12.391,33.86
Qatar,1986,QAT,382426.0,4988308764.0,13.281,34.729
Qatar,1987,QAT,397012.0,5088463477.0,11.486,28.93
Qatar,1988,QAT,411273.0,5164954793.0,11.914,28.969
Qatar,1989,QAT,425658.0,5220839741.0,14.31,33.619
Qatar,1990,QAT,440184.0,5221963495.0,11.428,25.962
Qatar,1991,QAT,454860.0,5733970758.0,17.414,38.285
Qatar,1992,QAT,469657.0,7176897674.0,26.816,57.097
Qatar,1993,QAT,484553.0,7997299870.0,30.721,63.4
Qatar,1994,QAT,499469.0,9138716419.0,32.375,64.819
Qatar,1995,QAT,514334.0,10472257097.0,33.17,64.491
Qatar,1996,QAT,529024.0,12098817027.0,34.472,65.162
Qatar,1997,QAT,550511.0,17467653871.0,42.232,76.715
Qatar,1998,QAT,580543.0,21692788085.0,36.96,63.665
Qatar,1999,QAT,612510.0,25157531177.0,36.325,59.305
Qatar,2000,QAT,644993.0,30159719266.0,40.406,62.646
Qatar,2001,QAT,677934.0,34920337897.0,45.914,67.727
Qatar,2002,QAT,711215.0,41661485450.0,45.175,63.518
Qatar,2003,QAT,744690.0,47126236240.0,46.631,62.618
Qatar,2004,QAT,773341.0,63193934807.0,47.44,61.344
Qatar,2005,QAT,825419.0,76893678098.0,47.682,57.767
Qatar,2006,QAT,972841.0,103895902583.0,59.753,61.421
Qatar,2007,QAT,1208601.0,127834802409.0,59.53,49.255
Qatar,2008,QAT,1426942.0,156781224399.0,61.871,43.359
Qatar,2009,QAT,1586052.0,186164264424.0,65.305,41.175
Qatar,2010,QAT,1709238.0,238648100494.0,73.651,43.09
Qatar,2011,QAT,1810960.0,296148824653.0,81.809,45.175
Qatar,2012,QAT,1907122.0,310156648715.0,93.738,49.152
Qatar,2013,QAT,2032650.0,327388964338.0,91.433,44.982
Qatar,2014,QAT,2218378.0,344851898869.0,91.642,41.31
Qatar,2015,QAT,2427340.0,361242719905.0,93.31,38.441
Qatar,2016,QAT,2599382.0,372311173588.0,91.378,35.154
Qatar,2017,QAT,2706716.0,366733973367.0,105.657,39.035
Qatar,2018,QAT,2761144.0,371263146890.0,102.621,37.166
Qatar,2019,QAT,2797927.0,373817411294.0,101.43,36.252
Qatar,2020,QAT,2803375.0,360517012801.0,101.329,36.145
Qatar,2021,QAT,2814988.0,366245595916.0,104.386,37.082
Qatar,2022,QAT,2892466.0,381778107010.0,109.594,37.89
Qatar,2023,QAT,2979086.0,,119.544,40.128
Qatar,2024,QAT,3048429.0,,125.812,41.271
Romania,1950,ROU,16397275.0,30729545693.0,19.417,1.184
Romania,1951,ROU,16625608.0,32953401427.0,22.503,1.354
Romania,1952,ROU,16846051.0,35336362685.0,26.631,1.581
Romania,1953,ROU,17057702.0,37893065393.0,30.627,1.795
Romania,1954,ROU,17266659.0,40634663144.0,33.504,1.94
Romania,1955,ROU,17475271.0,43574494097.0,36.782,2.105
Romania,1956,ROU,17691497.0,45497815444.0,40.779,2.305
Romania,1957,ROU,17887291.0,47507789204.0,45.93,2.568
Romania,1958,ROU,18046126.0,49605435418.0,49.794,2.759
Romania,1959,ROU,18187698.0,51797123833.0,50.643,2.784
Romania,1960,ROU,18313498.0,54083999075.0,53.394,2.916
Romania,1961,ROU,18422521.0,57740813871.0,55.716,3.024
Romania,1962,ROU,18511674.0,59768965889.0,63.813,3.447
Romania,1963,ROU,18587433.0,64071102623.0,69.455,3.737
Romania,1964,ROU,18655407.0,68127400923.0,72.037,3.861
Romania,1965,ROU,18713060.0,72368082606.0,78.637,4.202
Romania,1966,ROU,18776261.0,80634325061.0,84.091,4.479
Romania,1967,ROU,18998561.0,84321871889.0,92.029,4.844
Romania,1968,ROU,19361050.0,86104186610.0,100.076,5.169
Romania,1969,ROU,19701809.0,90068301484.0,111.524,5.661
Romania,1970,ROU,20011626.0,92096452481.0,119.981,5.996
Romania,1971,ROU,20293487.0,105095043285.0,125.66,6.192
Romania,1972,ROU,20555577.0,111855552333.0,132.208,6.432
Romania,1973,ROU,20798323.0,115420176106.0,144.691,6.957
Romania,1974,ROU,21033562.0,121904113752.0,150.611,7.161
Romania,1975,ROU,21268070.0,127373970395.0,161.862,7.611
Romania,1976,ROU,21497684.0,133888629488.0,174.278,8.107
Romania,1977,ROU,21700176.0,136930857522.0,177.833,8.195
Romania,1978,ROU,21868064.0,141386644390.0,193.244,8.837
Romania,1979,ROU,22019627.0,145473676070.0,195.324,8.87
Romania,1980,ROU,22154776.0,145873152323.0,195.807,8.838
Romania,1981,ROU,22272788.0,144981997327.0,197.323,8.859
Romania,1982,ROU,22374447.0,145104914625.0,194.877,8.71
Romania,1983,ROU,22459213.0,143814274661.0,199.663,8.89
Romania,1984,ROU,22534002.0,149529964661.0,188.323,8.357
Romania,1985,ROU,22605815.0,149284140404.0,193.449,8.557
Romania,1986,ROU,22674739.0,151834687903.0,201.073,8.868
Romania,1987,ROU,22745589.0,148638810399.0,211.024,9.278
Romania,1988,ROU,22815435.0,148270053319.0,211.568,9.273
Romania,1989,ROU,22887645.0,143537710868.0,212.97,9.305
Romania,1990,ROU,22939530.0,127957829968.0,176.535,7.696
Romania,1991,ROU,22947416.0,114884267222.0,142.258,6.199
Romania,1992,ROU,22912389.0,109843021990.0,132.003,5.761
Romania,1993,ROU,22842257.0,115101791639.0,122.709,5.372
Romania,1994,ROU,22756247.0,123373706511.0,120.868,5.311
Romania,1995,ROU,22657722.0,136457737663.0,125.675,5.547
Romania,1996,ROU,22541915.0,146513857110.0,129.117,5.728
Romania,1997,ROU,22411511.0,145416621981.0,118.115,5.27
Romania,1998,ROU,22284901.0,144240925408.0,104.783,4.702
Romania,1999,ROU,22166156.0,148247538550.0,88.899,4.011
Romania,2000,ROU,22046264.0,157839292272.0,93.206,4.228
Romania,2001,ROU,21919916.0,173763436827.0,98.928,4.513
Romania,2002,ROU,21770020.0,190219311781.0,99.069,4.551
Romania,2003,ROU,21593448.0,204513401651.0,103.707,4.803
Romania,2004,ROU,21403215.0,228570981481.0,103.233,4.823
Romania,2005,ROU,21213395.0,244044803180.0,101.337,4.777
Romania,2006,ROU,21035732.0,274969703969.0,104.29,4.958
Romania,2007,ROU,20870714.0,304650701380.0,108.497,5.199
Romania,2008,ROU,20718745.0,339689310169.0,106.997,5.164
Romania,2009,ROU,20576922.0,326954238767.0,87.806,4.267
Romania,2010,ROU,20432575.0,335489566640.0,84.488,4.135
Romania,2011,ROU,20282009.0,350086824382.0,92.391,4.555
Romania,2012,ROU,20158451.0,356825919340.0,89.848,4.457
Romania,2013,ROU,20062913.0,357789262640.0,78.795,3.927
Romania,2014,ROU,19968179.0,372532510801.0,79.335,3.973
Romania,2015,ROU,19871018.0,384306463712.0,78.046,3.928
Romania,2016,ROU,19777049.0,395288226514.0,76.587,3.873
Romania,2017,ROU,19689405.0,456012361225.0,79.432,4.034
Romania,2018,ROU,19597874.0,473122658487.0,79.874,4.076
Romania,2019,ROU,19501542.0,456564507688.0,76.69,3.933
Romania,2020,ROU,19392467.0,483499378450.0,73.946,3.813
Romania,2021,ROU,19248159.0,505119539256.0,77.501,4.026
Romania,2022,ROU,19166776.0,504741667296.0,73.186,3.818
Romania,2023,ROU,19118482.0,,67.866,3.55
Romania,2024,ROU,19015096.0,,68.551,3.605
Russia,1950,RUS,103392364.0,337495937744.0,415.234,4.016
Russia,1951,RUS,104844658.0,357746858348.0,450.022,4.292
Russia,1952,RUS,106326385.0,388546118598.0,481.901,4.532
Russia,1953,RUS,107851682.0,413093792588.0,509.826,4.727
Russia,1954,RUS,109463245.0,448712392277.0,556.805,5.087
Russia,1955,RUS,111160996.0,479242175353.0,631.364,5.68
Russia,1956,RUS,112909102.0,520877121219.0,692.229,6.131
Russia,1957,RUS,114730333.0,555636988784.0,757.515,6.603
Russia,1958,RUS,116588767.0,594634021674.0,808.559,6.935
Russia,1959,RUS,118293890.0,628321097870.0,850.093,7.186
Russia,1960,RUS,119934143.0,664792983539.0,885.07,7.38
Russia,1961,RUS,121604308.0,712659195187.0,912.753,7.506
Russia,1962,RUS,123111721.0,765404336812.0,957.987,7.781
Russia,1963,RUS,124449754.0,795991082578.0,1027.4,8.256
Russia,1964,RUS,125630156.0,847772263765.0,1092.664,8.697
Russia,1965,RUS,126634210.0,894393886312.0,1159.119,9.153
Russia,1966,RUS,127533630.0,957776851929.0,1224.087,9.598
Russia,1967,RUS,128342646.0,1018164395015.0,1279.969,9.973
Russia,1968,RUS,129065046.0,1081402711500.0,1315.942,10.196
Russia,1969,RUS,129762191.0,1109530320976.0,1370.468,10.561
Russia,1970,RUS,130367188.0,1202686730578.0,1441.379,11.056
Russia,1971,RUS,130987110.0,1253060845593.0,1529.596,11.677
Russia,1972,RUS,131726417.0,1289356607187.0,1609.329,12.217
Russia,1973,RUS,132475155.0,1390779355312.0,1677.296,12.661
Russia,1974,RUS,133259155.0,1440623034921.0,1741.162,13.066
Russia,1975,RUS,134136098.0,1499251238500.0,1830.213,13.644
Russia,1976,RUS,135080691.0,1545586629031.0,1900.701,14.071
Russia,1977,RUS,136040974.0,1593195034250.0,1965.35,14.447
Russia,1978,RUS,136979085.0,1623481455375.0,2032.849,14.841
Russia,1979,RUS,137816542.0,1639588479562.0,2049.709,14.873
Russia,1980,RUS,138572628.0,1696830049125.0,2130.355,15.374
Russia,1981,RUS,139351496.0,1717132216437.0,2089.791,14.997
Russia,1982,RUS,140247745.0,1727461173937.0,2129.189,15.182
Russia,1983,RUS,141331277.0,1761922546875.0,2159.389,15.279
Russia,1984,RUS,142464238.0,1769234726171.0,2178.563,15.292
Russia,1985,RUS,143569386.0,1795626550000.0,2349.517,16.365
Russia,1986,RUS,144807816.0,1840205346031.0,2349.904,16.228
Russia,1987,RUS,146147383.0,1838644342031.0,2358.795,16.14
Russia,1988,RUS,147364493.0,1868131743750.0,2437.801,16.543
Russia,1989,RUS,148281862.0,1881091642625.0,2405.697,16.224
Russia,1990,RUS,148979537.0,1834865200000.0,2536.284,17.024
Russia,1991,RUS,149448433.0,1782589449407.0,2407.642,16.11
Russia,1992,RUS,148915993.0,1557839202683.0,1963.458,13.185
Russia,1993,RUS,148135419.0,1453308047704.0,1866.525,12.6
Russia,1994,RUS,148200734.0,1297672618325.0,1646.876,11.112
Russia,1995,RUS,148291406.0,1274033410385.0,1618.286,10.913
Russia,1996,RUS,148084580.0,1256336600822.0,1586.633,10.714
Russia,1997,RUS,147853769.0,1303661447743.0,1481.964,10.023
Russia,1998,RUS,147635543.0,1263722609285.0,1465.859,9.929
Russia,1999,RUS,147241973.0,1375023643662.0,1494.088,10.147
Russia,2000,RUS,146717784.0,1547057523527.0,1480.576,10.091
Russia,2001,RUS,146117290.0,1662886727147.0,1518.081,10.389
Russia,2002,RUS,145939502.0,1781424730851.0,1508.33,10.335
Russia,2003,RUS,145794230.0,1955875991276.0,1539.006,10.556
Russia,2004,RUS,145180091.0,2143914665541.0,1545.353,10.644
Russia,2005,RUS,144597886.0,2331247104465.0,1563.98,10.816
Russia,2006,RUS,144102948.0,2576148450528.0,1623.428,11.266
Russia,2007,RUS,143859767.0,2858759376272.0,1624.315,11.291
Russia,2008,RUS,143811837.0,3078094367564.0,1652.731,11.492
Russia,2009,RUS,143869128.0,2903690263125.0,1545.236,10.741
Russia,2010,RUS,143934468.0,3105249267337.0,1633.147,11.346
Russia,2011,RUS,144043751.0,3306765993750.0,1684.989,11.698
Russia,2012,RUS,144291025.0,3439833075673.0,1700.104,11.782
Russia,2013,RUS,144604105.0,3500216789791.0,1637.547,11.324
Russia,2014,RUS,144925639.0,3525987597216.0,1637.311,11.298
Russia,2015,RUS,145307612.0,3456429719677.0,1635.244,11.254
Russia,2016,RUS,145778668.0,3463123938280.0,1629.328,11.177
Russia,2017,RUS,146186798.0,3526353842599.0,1661.012,11.362
Russia,2018,RUS,146430146.0,3625347362801.0,1709.91,11.677
Russia,2019,RUS,146533063.0,3705035583500.0,1704.459,11.632
Russia,2020,RUS,146371295.0,3606716578675.0,1631.902,11.149
Russia,2021,RUS,145836172.0,3809571453737.0,1674.524,11.482
Russia,2022,RUS,145579889.0,3731440829579.0,1675.461,11.509
Russia,2023,RUS,145440502.0,,1733.135,11.916
Russia,2024,RUS,144820421.0,,1780.524,12.295
Rwanda,1950,RWA,2157101.0,2488223759.0,0.017,0.008
Rwanda,1951,RWA,2236039.0,2630102244.0,0.017,0.008
Rwanda,1952,RWA,2316516.0,2714906819.0,0.031,0.014
Rwanda,1953,RWA,2398364.0,2819364567.0,0.029,0.012
Rwanda,1954,RWA,2482131.0,2976382236.0,0.012,0.005
Rwanda,1955,RWA,2568303.0,3070633504.0,0.014,0.006
Rwanda,1956,RWA,2656814.0,3188931270.0,0.017,0.006
Rwanda,1957,RWA,2747877.0,3310302222.0,0.019,0.007
Rwanda,1958,RWA,2840135.0,3403126673.0,0.019,0.007
Rwanda,1959,RWA,2932401.0,3597853359.0,0.075,0.025
Rwanda,1960,RWA,3022300.0,3710928041.0,0.07,0.023
Rwanda,1961,RWA,3106786.0,3554574588.0,0.091,0.029
Rwanda,1962,RWA,3186019.0,3954409558.0,0.084,0.026
Rwanda,1963,RWA,3258901.0,3567064453.0,0.084,0.026
Rwanda,1964,RWA,3334835.0,3120313061.0,0.037,0.011
Rwanda,1965,RWA,3423216.0,3339726610.0,0.048,0.014
Rwanda,1966,RWA,3521626.0,3576485028.0,0.044,0.012
Rwanda,1967,RWA,3629585.0,3827246723.0,0.04,0.011
Rwanda,1968,RWA,3744013.0,4094313395.0,0.055,0.015
Rwanda,1969,RWA,3861274.0,4545397301.0,0.059,0.015
Rwanda,1970,RWA,3980673.0,5039381491.0,0.059,0.015
Rwanda,1971,RWA,4100049.0,5102496003.0,0.062,0.015
Rwanda,1972,RWA,4220335.0,5117899242.0,0.066,0.016
Rwanda,1973,RWA,4345045.0,5293471203.0,0.07,0.016
Rwanda,1974,RWA,4474235.0,5333691412.0,0.073,0.016
Rwanda,1975,RWA,4607728.0,5223878488.0,0.176,0.038
Rwanda,1976,RWA,4745962.0,6244762294.0,0.267,0.056
Rwanda,1977,RWA,4888248.0,6561814134.0,0.267,0.055
Rwanda,1978,RWA,5035172.0,7204394780.0,0.289,0.057
Rwanda,1979,RWA,5189550.0,7881326578.0,0.297,0.057
Rwanda,1980,RWA,5353263.0,8591535261.0,0.495,0.092
Rwanda,1981,RWA,5527236.0,9053313833.0,0.601,0.109
Rwanda,1982,RWA,5711555.0,9206470546.0,0.608,0.106
Rwanda,1983,RWA,5905311.0,9744708873.0,0.696,0.118
Rwanda,1984,RWA,6107628.0,9308494255.0,0.634,0.104
Rwanda,1985,RWA,6317230.0,9696520437.0,0.616,0.097
Rwanda,1986,RWA,6531887.0,10109706608.0,0.597,0.091
Rwanda,1987,RWA,6749494.0,10096805900.0,0.611,0.091
Rwanda,1988,RWA,6968075.0,10131944480.0,0.692,0.099
Rwanda,1989,RWA,7184709.0,10042057529.0,0.684,0.095
Rwanda,1990,RWA,7375313.0,9760500152.0,0.524,0.071
Rwanda,1991,RWA,7526964.0,9167410895.0,0.472,0.063
Rwanda,1992,RWA,7683266.0,9540351727.0,0.479,0.062
Rwanda,1993,RWA,7981142.0,8498078373.0,0.483,0.061
Rwanda,1994,RWA,6792358.0,4238308069.0,0.462,0.068
Rwanda,1995,RWA,5674118.0,5523726463.0,0.451,0.08
Rwanda,1996,RWA,6708767.0,6185436762.0,0.464,0.069
Rwanda,1997,RWA,7755237.0,6891736436.0,0.483,0.062
Rwanda,1998,RWA,8081688.0,7337662385.0,0.482,0.06
Rwanda,1999,RWA,8147917.0,7619522357.0,0.502,0.062
Rwanda,2000,RWA,8213936.0,8053572290.0,0.515,0.063
Rwanda,2001,RWA,8287091.0,8517814124.0,0.519,0.063
Rwanda,2002,RWA,8400185.0,9398566544.0,0.512,0.061
Rwanda,2003,RWA,8586878.0,9366054447.0,0.505,0.059
Rwanda,2004,RWA,8816849.0,9814510529.0,0.516,0.058
Rwanda,2005,RWA,9054532.0,10465323107.0,0.514,0.057
Rwanda,2006,RWA,9299251.0,11146496514.0,0.514,0.055
Rwanda,2007,RWA,9549940.0,11698650639.0,0.542,0.057
Rwanda,2008,RWA,9804268.0,12678494332.0,0.531,0.054
Rwanda,2009,RWA,10060438.0,13135703239.0,0.555,0.055
Rwanda,2010,RWA,10317560.0,13742192522.0,0.581,0.056
Rwanda,2011,RWA,10573742.0,14451195383.0,0.643,0.061
Rwanda,2012,RWA,10829904.0,15700063621.0,0.718,0.066
Rwanda,2013,RWA,11093340.0,16440168692.0,0.779,0.07
Rwanda,2014,RWA,11364758.0,17455015690.0,0.83,0.073
Rwanda,2015,RWA,11640026.0,19000488690.0,0.967,0.083
Rwanda,2016,RWA,11919183.0,20135193148.0,1.052,0.088
Rwanda,2017,RWA,12202062.0,20935170126.0,1.17,0.096
Rwanda,2018,RWA,12488000.0,22730987759.0,1.313,0.105
Rwanda,2019,RWA,12776102.0,24883378782.0,1.413,0.111
Rwanda,2020,RWA,13065838.0,24048043469.0,1.394,0.107
Rwanda,2021,RWA,13355260.0,26663035281.0,1.699,0.127
Rwanda,2022,RWA,13651025.0,28466253314.0,1.957,0.143
Rwanda,2023,RWA,13954473.0,,2.016,0.144
Rwanda,2024,RWA,14256573.0,,2.034,0.143
Ryukyu Islands,1950,,,,,
Ryukyu Islands,1951,,,,,
Ryukyu Islands,1952,,,,,
Ryukyu Islands,1953,,,,,
Ryukyu Islands,1954,,,,,
Ryukyu Islands,1955,,,,,
Ryukyu Islands,1956,,,,,
Ryukyu Islands,1957,,,,,
Ryukyu Islands,1958,,,,,
Ryukyu Islands,1959,,,,,
Ryukyu Islands,1960,,,,,
Ryukyu Islands,1961,,,,,
Ryukyu Islands,1962,,,,,
Ryukyu Islands,1963,,,,,
Ryukyu Islands,1964,,,,,
Ryukyu Islands,1965,,,,,
Ryukyu Islands,1966,,,,,
Ryukyu Islands,1967,,,,,
Ryukyu Islands,1968,,,,,
Ryukyu Islands,1969,,,,,
Ryukyu Islands,1970,,,,,
Ryukyu Islands,1971,,,,,
Ryukyu Islands,1972,,,,,
Ryukyu Islands,1973,,,,,
Ryukyu Islands,1974,,,,,
Ryukyu Islands,1975,,,,,
Ryukyu Islands,1976,,,,,
Ryukyu Islands,1977,,,,,
Ryukyu Islands,1978,,,,,
Ryukyu Islands,1979,,,,,
Ryukyu Islands,1980,,,,,
Ryukyu Islands,1981,,,,,
Ryukyu Islands,1982,,,,,
Ryukyu Islands,1983,,,,,
Ryukyu Islands,1984,,,,,
Ryukyu Islands,1985,,,,,
Ryukyu Islands,1986,,,,,
Ryukyu Islands,1987,,,,,
Ryukyu Islands,1988,,,,,
Ryukyu Islands,1989,,,,,
Ryukyu Islands,1990,,,,,
Ryukyu Islands,1991,,,,,
Ryukyu Islands,1992,,,,,
Ryukyu Islands,1993,,,,,
Ryukyu Islands,1994,,,,,
Ryukyu Islands,1995,,,,,
Ryukyu Islands,1996,,,,,
Ryukyu Islands,1997,,,,,
Ryukyu Islands,1998,,,,,
Ryukyu Islands,1999,,,,,
Ryukyu Islands,2000,,,,,
Ryukyu Islands,2001,,,,,
Ryukyu Islands,2002,,,,,
Ryukyu Islands,2003,,,,,
Ryukyu Islands,2004,,,,,
Ryukyu Islands,2005,,,,,
Ryukyu Islands,2006,,,,,
Ryukyu Islands,2007,,,,,
Ryukyu Islands,2008,,,,,
Ryukyu Islands,2009,,,,,
Ryukyu Islands,2010,,,,,
Ryukyu Islands,2011,,,,,
Ryukyu Islands,2012,,,,,
Ryukyu Islands,2013,,,,,
Ryukyu Islands,2014,,,,,
Ryukyu Islands,2015,,,,,
Ryukyu Islands,2016,,,,,
Ryukyu Islands,2017,,,,,
Ryukyu Islands,2018,,,,,
Ryukyu Islands,2019,,,,,
Ryukyu Islands,2020,,,,,
Ryukyu Islands,2021,,,,,
Ryukyu Islands,2022,,,,,
Ryukyu Islands,2023,,,,,
Ryukyu Islands,2024,,,,,
Ryukyu Islands (GCP),1952,,,,,
Ryukyu Islands (GCP),1953,,,,,
Ryukyu Islands (GCP),1954,,,,,
Ryukyu Islands (GCP),1955,,,,,
Ryukyu Islands (GCP),1956,,,,,
Ryukyu Islands (GCP),1957,,,,,
Ryukyu Islands (GCP),1958,,,,,
Ryukyu Islands (GCP),1959,,,,,
Ryukyu Islands (GCP),1960,,,,,
Ryukyu Islands (GCP),1961,,,,,
Ryukyu Islands (GCP),1962,,,,,
Ryukyu Islands (GCP),1963,,,,,
Ryukyu Islands (GCP),1964,,,,,
Ryukyu Islands (GCP),1965,,,,0.051,
Ryukyu Islands (GCP),1966,,,,0.062,
Ryukyu Islands (GCP),1967,,,,0.073,
Ryukyu Islands (GCP),1968,,,,0.124,
Ryukyu Islands (GCP),1969,,,,0.127,
Ryukyu Islands (GCP),1970,,,,0.127,
Ryukyu Islands (GCP),1971,,,,0.127,
Ryukyu Islands (GCP),1972,,,,0.127,
Ryukyu Islands (GCP),1994,,,,0.0,
Ryukyu Islands (GCP),1995,,,,0.0,
Ryukyu Islands (GCP),1996,,,,0.0,
Ryukyu Islands (GCP),1997,,,,0.0,
Ryukyu Islands (GCP),1998,,,,0.0,
Ryukyu Islands (GCP),1999,,,,0.0,
Ryukyu Islands (GCP),2000,,,,0.0,
Ryukyu Islands (GCP),2001,,,,0.0,
Ryukyu Islands (GCP),2002,,,,0.0,
Ryukyu Islands (GCP),2003,,,,0.0,
Ryukyu Islands (GCP),2004,,,,0.0,
Ryukyu Islands (GCP),2005,,,,0.0,
Ryukyu Islands (GCP),2006,,,,0.0,
Ryukyu Islands (GCP),2007,,,,0.0,
Ryukyu Islands (GCP),2008,,,,0.0,
Ryukyu Islands (GCP),2009,,,,0.0,
Ryukyu Islands (GCP),2010,,,,0.0,
Ryukyu Islands (GCP),2011,,,,0.0,
Ryukyu Islands (GCP),2012,,,,0.0,
Ryukyu Islands (GCP),2013,,,,0.0,
Ryukyu Islands (GCP),2014,,,,0.0,
Ryukyu Islands (GCP),2015,,,,0.0,
Ryukyu Islands (GCP),2016,,,,0.0,
Ryukyu Islands (GCP),2017,,,,0.0,
Ryukyu Islands (GCP),2018,,,,0.0,
Ryukyu Islands (GCP),2019,,,,0.0,
Ryukyu Islands (GCP),2020,,,,0.0,
Ryukyu Islands (GCP),2021,,,,0.0,
Ryukyu Islands (GCP),2022,,,,0.0,
Ryukyu Islands (GCP),2023,,,,0.0,
Ryukyu Islands (GCP),2024,,,,0.0,
Saint Helena,1950,SHN,5249.0,,,
Saint Helena,1951,SHN,5297.0,,,
Saint Helena,1952,SHN,5324.0,,,
Saint Helena,1953,SHN,5342.0,,,
Saint Helena,1954,SHN,5344.0,,,
Saint Helena,1955,SHN,5329.0,,,
Saint Helena,1956,SHN,5320.0,,,
Saint Helena,1957,SHN,5329.0,,,
Saint Helena,1958,SHN,5350.0,,,
Saint Helena,1959,SHN,5361.0,,,
Saint Helena,1960,SHN,5388.0,,,
Saint Helena,1961,SHN,5407.0,,,
Saint Helena,1962,SHN,5438.0,,,
Saint Helena,1963,SHN,5460.0,,,
Saint Helena,1964,SHN,5486.0,,,
Saint Helena,1965,SHN,5494.0,,,
Saint Helena,1966,SHN,5524.0,,,
Saint Helena,1967,SHN,5570.0,,,
Saint Helena,1968,SHN,5647.0,,0.004,0.649
Saint Helena,1969,SHN,5715.0,,,
Saint Helena,1970,SHN,5797.0,,,
Saint Helena,1971,SHN,5880.0,,,
Saint Helena,1972,SHN,5953.0,,,
Saint Helena,1973,SHN,6026.0,,,
Saint Helena,1974,SHN,6091.0,,,
Saint Helena,1975,SHN,6155.0,,,
Saint Helena,1976,SHN,6194.0,,,
Saint Helena,1977,SHN,6245.0,,,
Saint Helena,1978,SHN,6310.0,,,
Saint Helena,1979,SHN,6362.0,,,
Saint Helena,1980,SHN,6413.0,,,
Saint Helena,1981,SHN,6466.0,,0.007,1.133
Saint Helena,1982,SHN,6535.0,,0.004,0.561
Saint Helena,1983,SHN,6601.0,,0.004,0.555
Saint Helena,1984,SHN,6647.0,,0.004,0.551
Saint Helena,1985,SHN,6678.0,,0.004,0.549
Saint Helena,1986,SHN,6706.0,,0.004,0.546
Saint Helena,1987,SHN,6723.0,,0.004,0.545
Saint Helena,1988,SHN,6710.0,,0.007,1.092
Saint Helena,1989,SHN,6677.0,,0.007,1.097
Saint Helena,1990,SHN,6639.0,,0.007,1.104
Saint Helena,1991,SHN,6601.0,,0.007,1.11
Saint Helena,1992,SHN,6545.0,,0.007,1.12
Saint Helena,1993,SHN,6495.0,,0.011,1.692
Saint Helena,1994,SHN,6433.0,,0.011,1.709
Saint Helena,1995,SHN,6373.0,,0.011,1.725
Saint Helena,1996,SHN,6309.0,,0.011,1.742
Saint Helena,1997,SHN,6249.0,,0.011,1.759
Saint Helena,1998,SHN,6184.0,,0.011,1.777
Saint Helena,1999,SHN,6113.0,,0.011,1.798
Saint Helena,2000,SHN,6045.0,,0.011,1.818
Saint Helena,2001,SHN,5963.0,,0.011,1.843
Saint Helena,2002,SHN,5879.0,,0.011,1.87
Saint Helena,2003,SHN,5775.0,,0.011,1.903
Saint Helena,2004,SHN,5678.0,,0.007,1.291
Saint Helena,2005,SHN,5570.0,,0.011,1.973
Saint Helena,2006,SHN,5457.0,,0.011,2.014
Saint Helena,2007,SHN,5346.0,,0.011,2.056
Saint Helena,2008,SHN,5295.0,,0.011,2.076
Saint Helena,2009,SHN,5320.0,,0.011,2.066
Saint Helena,2010,SHN,5352.0,,0.011,2.054
Saint Helena,2011,SHN,5385.0,,0.011,2.041
Saint Helena,2012,SHN,5428.0,,0.011,2.025
Saint Helena,2013,SHN,5462.0,,0.011,2.012
Saint Helena,2014,SHN,5493.0,,0.011,2.001
Saint Helena,2015,SHN,5529.0,,0.011,1.988
Saint Helena,2016,SHN,5544.0,,0.015,2.644
Saint Helena,2017,SHN,5528.0,,0.011,1.988
Saint Helena,2018,SHN,5507.0,,0.011,1.996
Saint Helena,2019,SHN,5485.0,,0.015,2.672
Saint Helena,2020,SHN,5451.0,,0.011,2.017
Saint Helena,2021,SHN,5415.0,,0.007,1.353
Saint Helena,2022,SHN,5369.0,,0.011,2.047
Saint Helena,2023,SHN,5316.0,,0.011,2.064
Saint Helena,2024,SHN,5262.0,,0.011,2.165
Saint Kitts and Nevis,1950,KNA,47254.0,,0.006,0.129
Saint Kitts and Nevis,1951,KNA,48327.0,,0.01,0.202
Saint Kitts and Nevis,1952,KNA,49414.0,,0.007,0.148
Saint Kitts and Nevis,1953,KNA,50469.0,,0.009,0.169
Saint Kitts and Nevis,1954,KNA,51359.0,,0.006,0.119
Saint Kitts and Nevis,1955,KNA,52155.0,,0.011,0.211
Saint Kitts and Nevis,1956,KNA,52994.0,,0.011,0.207
Saint Kitts and Nevis,1957,KNA,53843.0,,0.011,0.204
Saint Kitts and Nevis,1958,KNA,54669.0,,0.011,0.201
Saint Kitts and Nevis,1959,KNA,55492.0,,0.015,0.264
Saint Kitts and Nevis,1960,KNA,55834.0,,0.011,0.197
Saint Kitts and Nevis,1961,KNA,55352.0,,0.022,0.397
Saint Kitts and Nevis,1962,KNA,54483.0,,0.015,0.269
Saint Kitts and Nevis,1963,KNA,53461.0,,0.018,0.343
Saint Kitts and Nevis,1964,KNA,52348.0,,0.018,0.35
Saint Kitts and Nevis,1965,KNA,51163.0,,0.022,0.43
Saint Kitts and Nevis,1966,KNA,49917.0,,0.022,0.44
Saint Kitts and Nevis,1967,KNA,48626.0,,0.022,0.452
Saint Kitts and Nevis,1968,KNA,47265.0,,0.033,0.698
Saint Kitts and Nevis,1969,KNA,45750.0,,0.026,0.561
Saint Kitts and Nevis,1970,KNA,44632.0,,0.026,0.575
Saint Kitts and Nevis,1971,KNA,44228.0,,0.029,0.663
Saint Kitts and Nevis,1972,KNA,44054.0,,0.029,0.665
Saint Kitts and Nevis,1973,KNA,43897.0,,0.029,0.668
Saint Kitts and Nevis,1974,KNA,43759.0,,0.037,0.837
Saint Kitts and Nevis,1975,KNA,43628.0,,0.033,0.756
Saint Kitts and Nevis,1976,KNA,43499.0,,0.037,0.842
Saint Kitts and Nevis,1977,KNA,43377.0,,0.037,0.845
Saint Kitts and Nevis,1978,KNA,43237.0,,0.033,0.763
Saint Kitts and Nevis,1979,KNA,43053.0,,0.037,0.851
Saint Kitts and Nevis,1980,KNA,42866.0,,0.051,1.197
Saint Kitts and Nevis,1981,KNA,42721.0,,0.055,1.286
Saint Kitts and Nevis,1982,KNA,42549.0,,0.066,1.55
Saint Kitts and Nevis,1983,KNA,42355.0,,0.051,1.211
Saint Kitts and Nevis,1984,KNA,42134.0,,0.051,1.217
Saint Kitts and Nevis,1985,KNA,41894.0,,0.051,1.224
Saint Kitts and Nevis,1986,KNA,41642.0,,0.059,1.408
Saint Kitts and Nevis,1987,KNA,41368.0,,0.055,1.329
Saint Kitts and Nevis,1988,KNA,41084.0,,0.066,1.605
Saint Kitts and Nevis,1989,KNA,40777.0,,0.066,1.617
Saint Kitts and Nevis,1990,KNA,40456.0,,0.106,2.626
Saint Kitts and Nevis,1991,KNA,40382.0,,0.106,2.631
Saint Kitts and Nevis,1992,KNA,40740.0,,0.11,2.698
Saint Kitts and Nevis,1993,KNA,41266.0,,0.114,2.752
Saint Kitts and Nevis,1994,KNA,41798.0,,0.121,2.893
Saint Kitts and Nevis,1995,KNA,42347.0,,0.125,2.942
Saint Kitts and Nevis,1996,KNA,42903.0,,0.132,3.074
Saint Kitts and Nevis,1997,KNA,43453.0,,0.139,3.204
Saint Kitts and Nevis,1998,KNA,44018.0,,0.15,3.413
Saint Kitts and Nevis,1999,KNA,44625.0,,0.158,3.531
Saint Kitts and Nevis,2000,KNA,45272.0,,0.172,3.804
Saint Kitts and Nevis,2001,KNA,45785.0,,0.176,3.841
Saint Kitts and Nevis,2002,KNA,46048.0,,0.194,4.217
Saint Kitts and Nevis,2003,KNA,46200.0,,0.194,4.203
Saint Kitts and Nevis,2004,KNA,46337.0,,0.209,4.507
Saint Kitts and Nevis,2005,KNA,46459.0,,0.194,4.18
Saint Kitts and Nevis,2006,KNA,46592.0,,0.202,4.325
Saint Kitts and Nevis,2007,KNA,46734.0,,0.216,4.626
Saint Kitts and Nevis,2008,KNA,46857.0,,0.216,4.614
Saint Kitts and Nevis,2009,KNA,46941.0,,0.22,4.683
Saint Kitts and Nevis,2010,KNA,46871.0,,0.22,4.69
Saint Kitts and Nevis,2011,KNA,46917.0,,0.227,4.842
Saint Kitts and Nevis,2012,KNA,47056.0,,0.224,4.75
Saint Kitts and Nevis,2013,KNA,47092.0,,0.224,4.746
Saint Kitts and Nevis,2014,KNA,47112.0,,0.227,4.822
Saint Kitts and Nevis,2015,KNA,47108.0,,0.231,4.9
Saint Kitts and Nevis,2016,KNA,47099.0,,0.238,5.057
Saint Kitts and Nevis,2017,KNA,47075.0,,0.242,5.137
Saint Kitts and Nevis,2018,KNA,47032.0,,0.249,5.297
Saint Kitts and Nevis,2019,KNA,46976.0,,0.26,5.538
Saint Kitts and Nevis,2020,KNA,46896.0,,0.242,5.157
Saint Kitts and Nevis,2021,KNA,46786.0,,0.234,5.012
Saint Kitts and Nevis,2022,KNA,46732.0,,0.251,5.364
Saint Kitts and Nevis,2023,KNA,46783.0,,0.25,5.347
Saint Kitts and Nevis,2024,KNA,46867.0,,0.26,5.542
Saint Lucia,1950,LCA,93009.0,97249000.0,0.004,0.039
Saint Lucia,1951,LCA,93988.0,101574000.0,0.011,0.117
Saint Lucia,1952,LCA,94432.0,105616000.0,0.007,0.078
Saint Lucia,1953,LCA,94347.0,110058000.0,0.011,0.117
Saint Lucia,1954,LCA,94123.0,114576000.0,0.007,0.078
Saint Lucia,1955,LCA,93821.0,120400000.0,0.011,0.117
Saint Lucia,1956,LCA,93473.0,124671000.0,0.011,0.118
Saint Lucia,1957,LCA,93100.0,130152000.0,0.011,0.118
Saint Lucia,1958,LCA,92731.0,135960000.0,0.011,0.119
Saint Lucia,1959,LCA,92369.0,142824000.0,0.011,0.119
Saint Lucia,1960,LCA,92605.0,148808000.0,0.015,0.158
Saint Lucia,1961,LCA,93506.0,155483000.0,0.018,0.196
Saint Lucia,1962,LCA,94523.0,161820000.0,0.018,0.194
Saint Lucia,1963,LCA,95539.0,168259000.0,0.022,0.23
Saint Lucia,1964,LCA,96529.0,174800000.0,0.022,0.228
Saint Lucia,1965,LCA,97513.0,182924000.0,0.026,0.263
Saint Lucia,1966,LCA,98486.0,190944000.0,0.029,0.298
Saint Lucia,1967,LCA,99523.0,199528000.0,0.033,0.331
Saint Lucia,1968,LCA,100696.0,207009000.0,0.037,0.364
Saint Lucia,1969,LCA,101904.0,217150000.0,0.062,0.611
Saint Lucia,1970,LCA,103184.0,226909000.0,0.066,0.639
Saint Lucia,1971,LCA,104577.0,237825000.0,0.07,0.666
Saint Lucia,1972,LCA,106021.0,243853000.0,0.077,0.726
Saint Lucia,1973,LCA,107512.0,247212000.0,0.081,0.75
Saint Lucia,1974,LCA,109093.0,261516000.0,0.073,0.672
Saint Lucia,1975,LCA,110740.0,271936000.0,0.077,0.695
Saint Lucia,1976,LCA,112442.0,324300000.0,0.084,0.749
Saint Lucia,1977,LCA,114150.0,354159000.0,0.07,0.61
Saint Lucia,1978,LCA,115853.0,380324000.0,0.099,0.854
Saint Lucia,1979,LCA,117547.0,389640000.0,0.15,1.278
Saint Lucia,1980,LCA,119302.0,367342000.0,0.114,0.952
Saint Lucia,1981,LCA,121183.0,378324000.0,0.095,0.786
Saint Lucia,1982,LCA,123097.0,390852000.0,0.114,0.923
Saint Lucia,1983,LCA,125055.0,410083000.0,0.103,0.82
Saint Lucia,1984,LCA,127085.0,438987000.0,0.114,0.894
Saint Lucia,1985,LCA,129174.0,472386000.0,0.128,0.993
Saint Lucia,1986,LCA,131253.0,552881000.0,0.132,1.005
Saint Lucia,1987,LCA,133243.0,566016000.0,0.147,1.1
Saint Lucia,1988,LCA,135019.0,645165000.0,0.165,1.221
Saint Lucia,1989,LCA,136526.0,692648000.0,0.165,1.208
Saint Lucia,1990,LCA,137874.0,718014000.0,0.18,1.302
Saint Lucia,1991,LCA,139536.0,732565360.0,0.187,1.339
Saint Lucia,1992,LCA,141629.0,808957688.0,0.213,1.5
Saint Lucia,1993,LCA,143735.0,829979959.0,0.234,1.631
Saint Lucia,1994,LCA,145901.0,862136440.0,0.26,1.783
Saint Lucia,1995,LCA,148227.0,889991191.0,0.275,1.854
Saint Lucia,1996,LCA,150453.0,936978316.0,0.293,1.948
Saint Lucia,1997,LCA,152584.0,951717700.0,0.293,1.921
Saint Lucia,1998,LCA,154688.0,1031515653.0,0.322,2.084
Saint Lucia,1999,LCA,156719.0,1081004035.0,0.337,2.151
Saint Lucia,2000,LCA,158624.0,1100265060.0,0.341,2.148
Saint Lucia,2001,LCA,160247.0,1080200365.0,0.359,2.241
Saint Lucia,2002,LCA,161655.0,1106971931.0,0.355,2.199
Saint Lucia,2003,LCA,162985.0,1185932109.0,0.377,2.316
Saint Lucia,2004,LCA,164250.0,1306608275.0,0.399,2.432
Saint Lucia,2005,LCA,165460.0,1321769047.0,0.392,2.369
Saint Lucia,2006,LCA,166657.0,1443383695.0,0.414,2.484
Saint Lucia,2007,LCA,167766.0,1491085385.0,0.421,2.512
Saint Lucia,2008,LCA,168816.0,1589069531.0,0.425,2.518
Saint Lucia,2009,LCA,169880.0,1609861406.0,0.425,2.502
Saint Lucia,2010,LCA,170921.0,1619438310.0,0.484,2.83
Saint Lucia,2011,LCA,171814.0,1661310000.0,0.484,2.815
Saint Lucia,2012,LCA,172595.0,1630854000.0,0.487,2.823
Saint Lucia,2013,LCA,173380.0,1636031000.0,0.487,2.811
Saint Lucia,2014,LCA,174145.0,1635705000.0,0.487,2.798
Saint Lucia,2015,LCA,174919.0,1670340000.0,0.48,2.744
Saint Lucia,2016,LCA,175651.0,1719860632.0,0.473,2.691
Saint Lucia,2017,LCA,176352.0,1781316024.0,0.495,2.805
Saint Lucia,2018,LCA,177032.0,1830625072.0,0.509,2.877
Saint Lucia,2019,LCA,177675.0,1824037649.0,0.502,2.825
Saint Lucia,2020,LCA,178261.0,1361621707.0,0.487,2.734
Saint Lucia,2021,LCA,178540.0,1515672504.0,0.506,2.832
Saint Lucia,2022,LCA,178794.0,1749086152.0,0.518,2.898
Saint Lucia,2023,LCA,179291.0,,0.517,2.884
Saint Lucia,2024,LCA,179751.0,,0.537,2.987
Saint Pierre and Miquelon,1950,SPM,4507.0,,0.015,3.252
Saint Pierre and Miquelon,1951,SPM,4555.0,,0.022,4.826
Saint Pierre and Miquelon,1952,SPM,4605.0,,0.033,7.161
Saint Pierre and Miquelon,1953,SPM,4659.0,,0.029,6.291
Saint Pierre and Miquelon,1954,SPM,4719.0,,0.033,6.988
Saint Pierre and Miquelon,1955,SPM,4784.0,,0.037,7.659
Saint Pierre and Miquelon,1956,SPM,4833.0,,0.033,6.823
Saint Pierre and Miquelon,1957,SPM,4864.0,,0.04,8.286
Saint Pierre and Miquelon,1958,SPM,4919.0,,0.04,8.194
Saint Pierre and Miquelon,1959,SPM,4986.0,,0.033,6.614
Saint Pierre and Miquelon,1960,SPM,5016.0,,0.037,7.305
Saint Pierre and Miquelon,1961,SPM,5003.0,,0.048,9.521
Saint Pierre and Miquelon,1962,SPM,5024.0,,0.033,6.564
Saint Pierre and Miquelon,1963,SPM,5086.0,,0.037,7.204
Saint Pierre and Miquelon,1964,SPM,5178.0,,0.048,9.199
Saint Pierre and Miquelon,1965,SPM,5255.0,,0.04,7.67
Saint Pierre and Miquelon,1966,SPM,5333.0,,0.044,8.245
Saint Pierre and Miquelon,1967,SPM,5413.0,,0.051,9.476
Saint Pierre and Miquelon,1968,SPM,5490.0,,0.04,7.341
Saint Pierre and Miquelon,1969,SPM,5571.0,,0.033,5.919
Saint Pierre and Miquelon,1970,SPM,5658.0,,0.037,6.476
Saint Pierre and Miquelon,1971,SPM,5744.0,,0.048,8.292
Saint Pierre and Miquelon,1972,SPM,5830.0,,0.07,11.941
Saint Pierre and Miquelon,1973,SPM,5925.0,,0.04,6.802
Saint Pierre and Miquelon,1974,SPM,6004.0,,0.044,7.323
Saint Pierre and Miquelon,1975,SPM,6051.0,,0.033,5.45
Saint Pierre and Miquelon,1976,SPM,6090.0,,0.048,7.821
Saint Pierre and Miquelon,1977,SPM,6125.0,,0.037,5.982
Saint Pierre and Miquelon,1978,SPM,6162.0,,0.033,5.352
Saint Pierre and Miquelon,1979,SPM,6182.0,,0.037,5.927
Saint Pierre and Miquelon,1980,SPM,6192.0,,0.037,5.917
Saint Pierre and Miquelon,1981,SPM,6172.0,,0.04,6.53
Saint Pierre and Miquelon,1982,SPM,6163.0,,0.04,6.54
Saint Pierre and Miquelon,1983,SPM,6208.0,,0.033,5.312
Saint Pierre and Miquelon,1984,SPM,6259.0,,0.037,5.854
Saint Pierre and Miquelon,1985,SPM,6301.0,,0.033,5.233
Saint Pierre and Miquelon,1986,SPM,6338.0,,0.048,7.515
Saint Pierre and Miquelon,1987,SPM,6368.0,,0.051,8.055
Saint Pierre and Miquelon,1988,SPM,6381.0,,0.066,10.336
Saint Pierre and Miquelon,1989,SPM,6372.0,,0.103,16.1
Saint Pierre and Miquelon,1990,SPM,6377.0,,0.092,14.364
Saint Pierre and Miquelon,1991,SPM,6400.0,,0.103,16.03
Saint Pierre and Miquelon,1992,SPM,6428.0,,0.095,14.82
Saint Pierre and Miquelon,1993,SPM,6440.0,,0.073,11.379
Saint Pierre and Miquelon,1994,SPM,6455.0,,0.07,10.785
Saint Pierre and Miquelon,1995,SPM,6459.0,,0.07,10.778
Saint Pierre and Miquelon,1996,SPM,6451.0,,0.07,10.792
Saint Pierre and Miquelon,1997,SPM,6438.0,,0.048,7.399
Saint Pierre and Miquelon,1998,SPM,6392.0,,0.055,8.598
Saint Pierre and Miquelon,1999,SPM,6338.0,,0.055,8.672
Saint Pierre and Miquelon,2000,SPM,6317.0,,0.055,8.7
Saint Pierre and Miquelon,2001,SPM,6299.0,,0.055,8.725
Saint Pierre and Miquelon,2002,SPM,6273.0,,0.059,9.345
Saint Pierre and Miquelon,2003,SPM,6234.0,,0.062,9.992
Saint Pierre and Miquelon,2004,SPM,6191.0,,0.059,9.469
Saint Pierre and Miquelon,2005,SPM,6139.0,,0.062,10.146
Saint Pierre and Miquelon,2006,SPM,6094.0,,0.062,10.221
Saint Pierre and Miquelon,2007,SPM,6074.0,,0.062,10.255
Saint Pierre and Miquelon,2008,SPM,6063.0,,0.062,10.273
Saint Pierre and Miquelon,2009,SPM,6054.0,,0.062,10.289
Saint Pierre and Miquelon,2010,SPM,6047.0,,0.062,10.301
Saint Pierre and Miquelon,2011,SPM,6036.0,,0.066,10.926
Saint Pierre and Miquelon,2012,SPM,6019.0,,0.066,10.957
Saint Pierre and Miquelon,2013,SPM,5999.0,,0.066,10.994
Saint Pierre and Miquelon,2014,SPM,5984.0,,0.066,11.021
Saint Pierre and Miquelon,2015,SPM,5971.0,,0.066,11.045
Saint Pierre and Miquelon,2016,SPM,5957.0,,0.066,11.071
Saint Pierre and Miquelon,2017,SPM,5946.0,,0.066,11.092
Saint Pierre and Miquelon,2018,SPM,5932.0,,0.059,9.883
Saint Pierre and Miquelon,2019,SPM,5899.0,,0.066,11.18
Saint Pierre and Miquelon,2020,SPM,5852.0,,0.062,10.644
Saint Pierre and Miquelon,2021,SPM,5802.0,,0.055,9.473
Saint Pierre and Miquelon,2022,SPM,5760.0,,0.053,9.268
Saint Pierre and Miquelon,2023,SPM,5707.0,,0.053,9.335
Saint Pierre and Miquelon,2024,SPM,5652.0,,0.055,9.788
Saint Vincent and the Grenadines,1950,VCT,61686.0,,0.004,0.059
Saint Vincent and the Grenadines,1951,VCT,63372.0,,0.004,0.058
Saint Vincent and the Grenadines,1952,VCT,65205.0,,0.011,0.169
Saint Vincent and the Grenadines,1953,VCT,67182.0,,0.007,0.109
Saint Vincent and the Grenadines,1954,VCT,69321.0,,0.007,0.106
Saint Vincent and the Grenadines,1955,VCT,71630.0,,0.007,0.102
Saint Vincent and the Grenadines,1956,VCT,74076.0,,0.007,0.099
Saint Vincent and the Grenadines,1957,VCT,76639.0,,0.007,0.096
Saint Vincent and the Grenadines,1958,VCT,79333.0,,0.011,0.139
Saint Vincent and the Grenadines,1959,VCT,82169.0,,0.011,0.134
Saint Vincent and the Grenadines,1960,VCT,84409.0,,0.011,0.13
Saint Vincent and the Grenadines,1961,VCT,85886.0,,0.011,0.128
Saint Vincent and the Grenadines,1962,VCT,87260.0,,0.011,0.126
Saint Vincent and the Grenadines,1963,VCT,88542.0,,0.015,0.166
Saint Vincent and the Grenadines,1964,VCT,89772.0,,0.018,0.204
Saint Vincent and the Grenadines,1965,VCT,90947.0,,0.015,0.161
Saint Vincent and the Grenadines,1966,VCT,92071.0,,0.018,0.199
Saint Vincent and the Grenadines,1967,VCT,93141.0,,0.018,0.197
Saint Vincent and the Grenadines,1968,VCT,94139.0,,0.022,0.234
Saint Vincent and the Grenadines,1969,VCT,95074.0,,0.029,0.308
Saint Vincent and the Grenadines,1970,VCT,95977.0,,0.029,0.305
Saint Vincent and the Grenadines,1971,VCT,96892.0,,0.029,0.303
Saint Vincent and the Grenadines,1972,VCT,97805.0,,0.037,0.375
Saint Vincent and the Grenadines,1973,VCT,98704.0,,0.04,0.408
Saint Vincent and the Grenadines,1974,VCT,99577.0,,0.033,0.331
Saint Vincent and the Grenadines,1975,VCT,100404.0,,0.033,0.328
Saint Vincent and the Grenadines,1976,VCT,101218.0,,0.033,0.326
Saint Vincent and the Grenadines,1977,VCT,102013.0,,0.033,0.323
Saint Vincent and the Grenadines,1978,VCT,102785.0,,0.037,0.356
Saint Vincent and the Grenadines,1979,VCT,103496.0,,0.029,0.283
Saint Vincent and the Grenadines,1980,VCT,104229.0,,0.037,0.352
Saint Vincent and the Grenadines,1981,VCT,105092.0,,0.037,0.349
Saint Vincent and the Grenadines,1982,VCT,105986.0,,0.04,0.38
Saint Vincent and the Grenadines,1983,VCT,106858.0,,0.048,0.446
Saint Vincent and the Grenadines,1984,VCT,107706.0,,0.066,0.612
Saint Vincent and the Grenadines,1985,VCT,108526.0,,0.066,0.608
Saint Vincent and the Grenadines,1986,VCT,109302.0,,0.066,0.603
Saint Vincent and the Grenadines,1987,VCT,110018.0,,0.077,0.699
Saint Vincent and the Grenadines,1988,VCT,110678.0,,0.066,0.596
Saint Vincent and the Grenadines,1989,VCT,111290.0,,0.077,0.691
Saint Vincent and the Grenadines,1990,VCT,111825.0,,0.081,0.721
Saint Vincent and the Grenadines,1991,VCT,112236.0,,0.084,0.751
Saint Vincent and the Grenadines,1992,VCT,112524.0,,0.084,0.749
Saint Vincent and the Grenadines,1993,VCT,112753.0,,0.103,0.91
Saint Vincent and the Grenadines,1994,VCT,112933.0,,0.121,1.071
Saint Vincent and the Grenadines,1995,VCT,113064.0,,0.128,1.134
Saint Vincent and the Grenadines,1996,VCT,113136.0,,0.132,1.166
Saint Vincent and the Grenadines,1997,VCT,113158.0,,0.132,1.166
Saint Vincent and the Grenadines,1998,VCT,113195.0,,0.161,1.424
Saint Vincent and the Grenadines,1999,VCT,113384.0,,0.165,1.454
Saint Vincent and the Grenadines,2000,VCT,113561.0,,0.143,1.258
Saint Vincent and the Grenadines,2001,VCT,113506.0,,0.176,1.549
Saint Vincent and the Grenadines,2002,VCT,113365.0,,0.187,1.648
Saint Vincent and the Grenadines,2003,VCT,113149.0,,0.202,1.781
Saint Vincent and the Grenadines,2004,VCT,112856.0,,0.22,1.948
Saint Vincent and the Grenadines,2005,VCT,112465.0,,0.22,1.955
Saint Vincent and the Grenadines,2006,VCT,112027.0,,0.22,1.962
Saint Vincent and the Grenadines,2007,VCT,111544.0,,0.238,2.135
Saint Vincent and the Grenadines,2008,VCT,111047.0,,0.22,1.98
Saint Vincent and the Grenadines,2009,VCT,110521.0,,0.278,2.52
Saint Vincent and the Grenadines,2010,VCT,109974.0,,0.224,2.032
Saint Vincent and the Grenadines,2011,VCT,109367.0,,0.216,1.977
Saint Vincent and the Grenadines,2012,VCT,108753.0,,0.231,2.123
Saint Vincent and the Grenadines,2013,VCT,108156.0,,0.216,1.999
Saint Vincent and the Grenadines,2014,VCT,107555.0,,0.256,2.385
Saint Vincent and the Grenadines,2015,VCT,106975.0,,0.234,2.192
Saint Vincent and the Grenadines,2016,VCT,106365.0,,0.242,2.274
Saint Vincent and the Grenadines,2017,VCT,105674.0,,0.213,2.011
Saint Vincent and the Grenadines,2018,VCT,104939.0,,0.242,2.304
Saint Vincent and the Grenadines,2019,VCT,104183.0,,0.22,2.11
Saint Vincent and the Grenadines,2020,VCT,103540.0,,0.238,2.3
Saint Vincent and the Grenadines,2021,VCT,102848.0,,0.234,2.28
Saint Vincent and the Grenadines,2022,VCT,102063.0,,0.247,2.417
Saint Vincent and the Grenadines,2023,VCT,101331.0,,0.246,2.43
Saint Vincent and the Grenadines,2024,VCT,100630.0,,0.256,2.541
Samoa,1950,WSM,88299.0,,0.004,0.041
Samoa,1951,WSM,90523.0,,0.004,0.04
Samoa,1952,WSM,92723.0,,0.007,0.079
Samoa,1953,WSM,94787.0,,0.007,0.077
Samoa,1954,WSM,96896.0,,0.011,0.113
Samoa,1955,WSM,99056.0,,0.011,0.111
Samoa,1956,WSM,101337.0,,0.011,0.108
Samoa,1957,WSM,103906.0,,0.015,0.141
Samoa,1958,WSM,106710.0,,0.011,0.103
Samoa,1959,WSM,109575.0,,0.015,0.134
Samoa,1960,WSM,112508.0,,0.015,0.13
Samoa,1961,WSM,115516.0,,0.018,0.159
Samoa,1962,WSM,118615.0,,0.018,0.154
Samoa,1963,WSM,121779.0,,0.022,0.181
Samoa,1964,WSM,124915.0,,0.026,0.205
Samoa,1965,WSM,127996.0,,0.029,0.229
Samoa,1966,WSM,131086.0,,0.026,0.196
Samoa,1967,WSM,133784.0,,0.026,0.192
Samoa,1968,WSM,136038.0,,0.029,0.215
Samoa,1969,WSM,138243.0,,0.029,0.212
Samoa,1970,WSM,140420.0,,0.029,0.209
Samoa,1971,WSM,142514.0,,0.037,0.257
Samoa,1972,WSM,144551.0,,0.037,0.253
Samoa,1973,WSM,146527.0,,0.037,0.25
Samoa,1974,WSM,149440.0,,0.044,0.294
Samoa,1975,WSM,153353.0,,0.059,0.382
Samoa,1976,WSM,157123.0,,0.044,0.28
Samoa,1977,WSM,159766.0,,0.073,0.459
Samoa,1978,WSM,161385.0,,0.099,0.613
Samoa,1979,WSM,162892.0,,0.084,0.517
Samoa,1980,WSM,164335.0,,0.077,0.468
Samoa,1981,WSM,165684.0,,0.073,0.442
Samoa,1982,WSM,166496.0,,0.066,0.396
Samoa,1983,WSM,166724.0,,0.066,0.396
Samoa,1984,WSM,166805.0,,0.07,0.417
Samoa,1985,WSM,166862.0,,0.077,0.461
Samoa,1986,WSM,167071.0,,0.081,0.482
Samoa,1987,WSM,167671.0,,0.077,0.459
Samoa,1988,WSM,168360.0,,0.084,0.501
Samoa,1989,WSM,168779.0,,0.084,0.499
Samoa,1990,WSM,169061.0,,0.092,0.542
Samoa,1991,WSM,169378.0,,0.095,0.562
Samoa,1992,WSM,170340.0,,0.099,0.581
Samoa,1993,WSM,171786.0,,0.106,0.619
Samoa,1994,WSM,173167.0,,0.099,0.571
Samoa,1995,WSM,174585.0,,0.11,0.63
Samoa,1996,WSM,176086.0,,0.125,0.707
Samoa,1997,WSM,177561.0,,0.125,0.702
Samoa,1998,WSM,178921.0,,0.139,0.778
Samoa,1999,WSM,180279.0,,0.139,0.772
Samoa,2000,WSM,181695.0,,0.143,0.786
Samoa,2001,WSM,183174.0,,0.154,0.84
Samoa,2002,WSM,184482.0,,0.161,0.874
Samoa,2003,WSM,185447.0,,0.161,0.869
Samoa,2004,WSM,186265.0,,0.169,0.905
Samoa,2005,WSM,186993.0,,0.172,0.921
Samoa,2006,WSM,187724.0,,0.169,0.898
Samoa,2007,WSM,188766.0,,0.18,0.951
Samoa,2008,WSM,190117.0,,0.161,0.848
Samoa,2009,WSM,191530.0,,0.169,0.88
Samoa,2010,WSM,193035.0,,0.187,0.968
Samoa,2011,WSM,194726.0,,0.191,0.978
Samoa,2012,WSM,196518.0,,0.191,0.97
Samoa,2013,WSM,198284.0,,0.191,0.961
Samoa,2014,WSM,200051.0,,0.202,1.007
Samoa,2015,WSM,201794.0,,0.227,1.126
Samoa,2016,WSM,203509.0,,0.238,1.17
Samoa,2017,WSM,205423.0,,0.234,1.142
Samoa,2018,WSM,207595.0,,0.234,1.13
Samoa,2019,WSM,209794.0,,0.26,1.24
Samoa,2020,WSM,211957.0,,0.234,1.106
Samoa,2021,WSM,213792.0,,0.267,1.251
Samoa,2022,WSM,215270.0,,0.236,1.096
Samoa,2023,WSM,216673.0,,0.235,1.084
Samoa,2024,WSM,218031.0,,0.246,1.126
San Marino,1950,SMR,12970.0,,,
San Marino,1951,SMR,13145.0,,,
San Marino,1952,SMR,13300.0,,,
San Marino,1953,SMR,13457.0,,,
San Marino,1954,SMR,13630.0,,,
San Marino,1955,SMR,13816.0,,,
San Marino,1956,SMR,14074.0,,,
San Marino,1957,SMR,14410.0,,,
San Marino,1958,SMR,14746.0,,,
San Marino,1959,SMR,15094.0,,,
San Marino,1960,SMR,15449.0,,,
San Marino,1961,SMR,15824.0,,,
San Marino,1962,SMR,16201.0,,,
San Marino,1963,SMR,16606.0,,,
San Marino,1964,SMR,16998.0,,,
San Marino,1965,SMR,17328.0,,,
San Marino,1966,SMR,17549.0,,,
San Marino,1967,SMR,17713.0,,,
San Marino,1968,SMR,17886.0,,,
San Marino,1969,SMR,18051.0,,,
San Marino,1970,SMR,18194.0,,,
San Marino,1971,SMR,18444.0,,,
San Marino,1972,SMR,18811.0,,,
San Marino,1973,SMR,19019.0,,,
San Marino,1974,SMR,19052.0,,,
San Marino,1975,SMR,19075.0,,,
San Marino,1976,SMR,19138.0,,,
San Marino,1977,SMR,20039.0,,,
San Marino,1978,SMR,21050.0,,,
San Marino,1979,SMR,21346.0,,,
San Marino,1980,SMR,21609.0,,,
San Marino,1981,SMR,21869.0,,,
San Marino,1982,SMR,22078.0,,,
San Marino,1983,SMR,22255.0,,,
San Marino,1984,SMR,22372.0,,,
San Marino,1985,SMR,22509.0,,,
San Marino,1986,SMR,22663.0,,,
San Marino,1987,SMR,22710.0,,,
San Marino,1988,SMR,22865.0,,,
San Marino,1989,SMR,23175.0,,,
San Marino,1990,SMR,23501.0,,,
San Marino,1991,SMR,23823.0,,,
San Marino,1992,SMR,24149.0,,,
San Marino,1993,SMR,24499.0,,,
San Marino,1994,SMR,24853.0,,,
San Marino,1995,SMR,25183.0,,,
San Marino,1996,SMR,25503.0,,,
San Marino,1997,SMR,25821.0,,,
San Marino,1998,SMR,26149.0,,,
San Marino,1999,SMR,26485.0,,,
San Marino,2000,SMR,26823.0,,,
San Marino,2001,SMR,27173.0,,,
San Marino,2002,SMR,27515.0,,,
San Marino,2003,SMR,27871.0,,,
San Marino,2004,SMR,28230.0,,,
San Marino,2005,SMR,28600.0,,,
San Marino,2006,SMR,28966.0,,,
San Marino,2007,SMR,29334.0,,,
San Marino,2008,SMR,29721.0,,,
San Marino,2009,SMR,30115.0,,,
San Marino,2010,SMR,30648.0,,,
San Marino,2011,SMR,32194.0,,,
San Marino,2012,SMR,33494.0,,,
San Marino,2013,SMR,33641.0,,,
San Marino,2014,SMR,33753.0,,,
San Marino,2015,SMR,33927.0,,,
San Marino,2016,SMR,34188.0,,,
San Marino,2017,SMR,34405.0,,,
San Marino,2018,SMR,34557.0,,,
San Marino,2019,SMR,34674.0,,,
San Marino,2020,SMR,34796.0,,,
San Marino,2021,SMR,34599.0,,,
San Marino,2022,SMR,34113.0,,,
San Marino,2023,SMR,33761.0,,,
San Marino,2024,SMR,33606.0,,,
Sao Tome and Principe,1950,STP,60895.0,76680000.0,,
Sao Tome and Principe,1951,STP,61783.0,76440000.0,0.004,0.059
Sao Tome and Principe,1952,STP,62611.0,76320000.0,0.004,0.059
Sao Tome and Principe,1953,STP,63348.0,76320000.0,0.004,0.058
Sao Tome and Principe,1954,STP,64004.0,79500000.0,0.004,0.057
Sao Tome and Principe,1955,STP,64618.0,71460000.0,0.004,0.057
Sao Tome and Principe,1956,STP,65241.0,76616000.0,0.007,0.112
Sao Tome and Principe,1957,STP,65886.0,75945000.0,0.011,0.167
Sao Tome and Principe,1958,STP,66575.0,84568000.0,0.007,0.11
Sao Tome and Principe,1959,STP,67306.0,76923000.0,0.007,0.109
Sao Tome and Principe,1960,STP,68028.0,85176000.0,0.011,0.162
Sao Tome and Principe,1961,STP,68724.0,93056000.0,0.011,0.16
Sao Tome and Principe,1962,STP,69422.0,100685000.0,0.011,0.158
Sao Tome and Principe,1963,STP,70133.0,108438000.0,0.007,0.104
Sao Tome and Principe,1964,STP,70881.0,116111000.0,0.011,0.155
Sao Tome and Principe,1965,STP,71691.0,125304000.0,0.011,0.153
Sao Tome and Principe,1966,STP,72594.0,134470000.0,0.011,0.151
Sao Tome and Principe,1967,STP,73610.0,142284000.0,0.011,0.149
Sao Tome and Principe,1968,STP,74783.0,149976000.0,0.015,0.196
Sao Tome and Principe,1969,STP,76096.0,158045000.0,0.015,0.193
Sao Tome and Principe,1970,STP,77639.0,165982000.0,0.015,0.189
Sao Tome and Principe,1971,STP,79351.0,174450000.0,0.011,0.139
Sao Tome and Principe,1972,STP,81061.0,178948000.0,0.011,0.136
Sao Tome and Principe,1973,STP,82816.0,180414000.0,0.015,0.177
Sao Tome and Principe,1974,STP,84685.0,191920000.0,0.018,0.216
Sao Tome and Principe,1975,STP,86722.0,202458000.0,0.018,0.211
Sao Tome and Principe,1976,STP,88939.0,204288000.0,0.029,0.33
Sao Tome and Principe,1977,STP,91316.0,253257000.0,0.029,0.321
Sao Tome and Principe,1978,STP,93809.0,258901000.0,0.033,0.352
Sao Tome and Principe,1979,STP,96266.0,303140000.0,0.033,0.343
Sao Tome and Principe,1980,STP,98563.0,299108000.0,0.04,0.409
Sao Tome and Principe,1981,STP,100629.0,267168000.0,0.044,0.437
Sao Tome and Principe,1982,STP,102528.0,276066000.0,0.048,0.465
Sao Tome and Principe,1983,STP,104397.0,265600000.0,0.055,0.526
Sao Tome and Principe,1984,STP,106410.0,249594000.0,0.051,0.482
Sao Tome and Principe,1985,STP,108669.0,272688000.0,0.055,0.506
Sao Tome and Principe,1986,STP,111163.0,256308000.0,0.051,0.461
Sao Tome and Principe,1987,STP,113934.0,250591000.0,0.051,0.45
Sao Tome and Principe,1988,STP,116955.0,254745000.0,0.048,0.407
Sao Tome and Principe,1989,STP,119990.0,261708000.0,0.048,0.397
Sao Tome and Principe,1990,STP,122993.0,257172000.0,0.048,0.387
Sao Tome and Principe,1991,STP,125711.0,262157958.0,0.048,0.379
Sao Tome and Principe,1992,STP,128127.0,264441187.0,0.048,0.372
Sao Tome and Principe,1993,STP,130478.0,268616534.0,0.048,0.365
Sao Tome and Principe,1994,STP,132745.0,275609588.0,0.048,0.359
Sao Tome and Principe,1995,STP,134905.0,281874143.0,0.048,0.353
Sao Tome and Principe,1996,STP,136974.0,288736950.0,0.048,0.348
Sao Tome and Principe,1997,STP,138935.0,291643204.0,0.048,0.343
Sao Tome and Principe,1998,STP,140765.0,300902178.0,0.048,0.338
Sao Tome and Principe,1999,STP,142459.0,310102879.0,0.048,0.334
Sao Tome and Principe,2000,STP,144029.0,312853560.0,0.051,0.356
Sao Tome and Principe,2001,STP,146386.0,323367292.0,0.051,0.35
Sao Tome and Principe,2002,STP,149932.0,330763135.0,0.055,0.367
Sao Tome and Principe,2003,STP,153824.0,356840538.0,0.062,0.405
Sao Tome and Principe,2004,STP,157721.0,370949154.0,0.073,0.465
Sao Tome and Principe,2005,STP,161650.0,400193555.0,0.077,0.476
Sao Tome and Principe,2006,STP,165651.0,436915676.0,0.081,0.487
Sao Tome and Principe,2007,STP,169709.0,454094461.0,0.081,0.475
Sao Tome and Principe,2008,STP,173808.0,491548804.0,0.084,0.485
Sao Tome and Principe,2009,STP,177866.0,507380515.0,0.092,0.515
Sao Tome and Principe,2010,STP,181810.0,544428757.0,0.106,0.584
Sao Tome and Principe,2011,STP,185665.0,572220000.0,0.099,0.533
Sao Tome and Principe,2012,STP,189452.0,588711000.0,0.11,0.58
Sao Tome and Principe,2013,STP,193158.0,619718000.0,0.11,0.569
Sao Tome and Principe,2014,STP,196780.0,660060000.0,0.128,0.652
Sao Tome and Principe,2015,STP,200308.0,687730000.0,0.136,0.677
Sao Tome and Principe,2016,STP,203702.0,718608950.0,0.147,0.719
Sao Tome and Principe,2017,STP,206986.0,745271993.0,0.139,0.673
Sao Tome and Principe,2018,STP,210198.0,768095622.0,0.139,0.662
Sao Tome and Principe,2019,STP,213405.0,784993764.0,0.147,0.687
Sao Tome and Principe,2020,STP,217450.0,809328569.0,0.143,0.657
Sao Tome and Principe,2021,STP,221975.0,824700110.0,0.143,0.644
Sao Tome and Principe,2022,STP,226313.0,825238400.0,0.136,0.599
Sao Tome and Principe,2023,STP,230882.0,,0.14,0.606
Sao Tome and Principe,2024,STP,235548.0,,0.142,0.602
Saudi Arabia,1950,SAU,1703280.0,13725452446.0,5.141,3.018
Saudi Arabia,1951,SAU,1763610.0,14877753085.0,0.0,0.0
Saudi Arabia,1952,SAU,1826521.0,15770350356.0,0.0,0.0
Saudi Arabia,1953,SAU,1892173.0,17330354803.0,0.476,0.252
Saudi Arabia,1954,SAU,1960632.0,19312687410.0,1.238,0.632
Saudi Arabia,1955,SAU,2031965.0,19764908388.0,2.114,1.04
Saudi Arabia,1956,SAU,2106234.0,21216283022.0,1.63,0.774
Saudi Arabia,1957,SAU,2183545.0,21974499314.0,2.099,0.961
Saudi Arabia,1958,SAU,2264105.0,23054381977.0,1.997,0.882
Saudi Arabia,1959,SAU,2348014.0,25431385636.0,1.854,0.789
Saudi Arabia,1960,SAU,2435410.0,27970087031.0,2.674,1.098
Saudi Arabia,1961,SAU,2526350.0,31288375598.0,3.568,1.412
Saudi Arabia,1962,SAU,2620915.0,35021359108.0,6.25,2.385
Saudi Arabia,1963,SAU,2719347.0,38070411660.0,6.939,2.552
Saudi Arabia,1964,SAU,2821970.0,41424950838.0,7.041,2.495
Saudi Arabia,1965,SAU,2928780.0,46439225867.0,4.216,1.44
Saudi Arabia,1966,SAU,3039891.0,53195046269.0,6.407,2.108
Saudi Arabia,1967,SAU,3157247.0,57878678291.0,25.485,8.072
Saudi Arabia,1968,SAU,3282707.0,63038983226.0,29.079,8.858
Saudi Arabia,1969,SAU,3417123.0,67871507139.0,35.271,10.322
Saudi Arabia,1970,SAU,3562475.0,74243294144.0,45.251,12.702
Saudi Arabia,1971,SAU,3724039.0,84937217458.0,59.757,16.046
Saudi Arabia,1972,SAU,3905729.0,97984578199.0,70.281,17.994
Saudi Arabia,1973,SAU,4106346.0,117324602862.0,95.053,23.148
Saudi Arabia,1974,SAU,4323639.0,135018031198.0,98.701,22.828
Saudi Arabia,1975,SAU,4556289.0,135364154857.0,83.26,18.274
Saudi Arabia,1976,SAU,4807936.0,147051535325.0,101.458,21.102
Saudi Arabia,1977,SAU,5083043.0,169267985679.0,118.069,23.228
Saudi Arabia,1978,SAU,5381901.0,179340334488.0,115.021,21.372
Saudi Arabia,1979,SAU,5703704.0,191331691851.0,138.0,24.195
Saudi Arabia,1980,SAU,6047997.0,210662326746.0,169.234,27.982
Saudi Arabia,1981,SAU,6420554.0,227352164581.0,175.293,27.302
Saudi Arabia,1982,SAU,6824484.0,231114686953.0,157.874,23.133
Saudi Arabia,1983,SAU,7252947.0,206256838002.0,160.813,22.172
Saudi Arabia,1984,SAU,7697312.0,206035227442.0,155.49,20.201
Saudi Arabia,1985,SAU,8151782.0,192246231794.0,172.394,21.148
Saudi Arabia,1986,SAU,8628639.0,180536009607.0,204.571,23.708
Saudi Arabia,1987,SAU,9130207.0,188872487168.0,190.414,20.855
Saudi Arabia,1988,SAU,9629172.0,194907909345.0,202.208,21.0
Saudi Arabia,1989,SAU,10128397.0,201950991824.0,203.375,20.08
Saudi Arabia,1990,SAU,10640697.0,230231005239.0,181.971,17.101
Saudi Arabia,1991,SAU,11160752.0,279266370692.0,244.534,21.91
Saudi Arabia,1992,SAU,11686682.0,306102220149.0,276.011,23.618
Saudi Arabia,1993,SAU,12215864.0,318013026200.0,297.754,24.374
Saudi Arabia,1994,SAU,12750037.0,336457977370.0,291.208,22.84
Saudi Arabia,1995,SAU,13289246.0,354296184185.0,274.604,20.664
Saudi Arabia,1996,SAU,13831002.0,381675255575.0,269.498,19.485
Saudi Arabia,1997,SAU,14374948.0,404619673714.0,227.149,15.802
Saudi Arabia,1998,SAU,14922188.0,436367217571.0,218.915,14.67
Saudi Arabia,1999,SAU,15472076.0,440370701905.0,237.716,15.364
Saudi Arabia,2000,SAU,16177733.0,488272422255.0,309.639,19.14
Saudi Arabia,2001,SAU,17041405.0,506978101388.0,324.374,19.034
Saudi Arabia,2002,SAU,17910909.0,518347038548.0,346.93,19.37
Saudi Arabia,2003,SAU,18786771.0,607244594721.0,351.228,18.695
Saudi Arabia,2004,SAU,19669486.0,690846607941.0,407.702,20.728
Saudi Arabia,2005,SAU,20559886.0,768984265306.0,412.234,20.05
Saudi Arabia,2006,SAU,21459141.0,833723402383.0,444.977,20.736
Saudi Arabia,2007,SAU,22368313.0,896025266041.0,423.314,18.925
Saudi Arabia,2008,SAU,23287884.0,1005243539213.0,469.43,20.158
Saudi Arabia,2009,SAU,24217656.0,1040467027041.0,503.97,20.81
Saudi Arabia,2010,SAU,25157134.0,1156842077931.0,555.64,22.087
Saudi Arabia,2011,SAU,26105636.0,1347950226660.0,540.236,20.694
Saudi Arabia,2012,SAU,27062447.0,1421109142119.0,605.712,22.382
Saudi Arabia,2013,SAU,28026825.0,1461615692896.0,583.178,20.808
Saudi Arabia,2014,SAU,28998127.0,1520484201383.0,585.109,20.177
Saudi Arabia,2015,SAU,29974944.0,1591797027903.0,624.547,20.836
Saudi Arabia,2016,SAU,30717804.0,1629412617614.0,641.174,20.873
Saudi Arabia,2017,SAU,30782400.0,1628276592787.0,644.487,20.937
Saudi Arabia,2018,SAU,30365119.0,1673253984473.0,652.204,21.479
Saudi Arabia,2019,SAU,30472809.0,1687180073621.0,708.335,23.245
Saudi Arabia,2020,SAU,30991206.0,1613932868835.0,653.565,21.089
Saudi Arabia,2021,SAU,31328374.0,1677226744197.0,695.394,22.197
Saudi Arabia,2022,SAU,32175351.0,1823886192336.0,666.994,20.73
Saudi Arabia,2023,SAU,33264289.0,,677.442,20.365
Saudi Arabia,2024,SAU,33962751.0,,692.133,20.379
Senegal,1950,SEN,2555376.0,5325849384.0,0.362,0.142
Senegal,1951,SEN,2619643.0,5520459257.0,0.302,0.115
Senegal,1952,SEN,2687011.0,5723358584.0,0.327,0.122
Senegal,1953,SEN,2757571.0,5929376628.0,0.274,0.099
Senegal,1954,SEN,2831393.0,6152981231.0,0.317,0.112
Senegal,1955,SEN,2908512.0,6377634557.0,0.292,0.1
Senegal,1956,SEN,2988938.0,6612278244.0,0.341,0.114
Senegal,1957,SEN,3072374.0,6860512829.0,0.347,0.113
Senegal,1958,SEN,3158762.0,7114458172.0,0.355,0.112
Senegal,1959,SEN,3248325.0,7373646971.0,0.388,0.119
Senegal,1960,SEN,3340900.0,7530368066.0,0.827,0.248
Senegal,1961,SEN,3436379.0,7871684092.0,0.813,0.236
Senegal,1962,SEN,3534688.0,8129675720.0,0.813,0.23
Senegal,1963,SEN,3635876.0,8445491815.0,0.86,0.237
Senegal,1964,SEN,3740540.0,8686733537.0,0.922,0.247
Senegal,1965,SEN,3849793.0,9019216601.0,1.692,0.44
Senegal,1966,SEN,3964305.0,9271093495.0,1.718,0.433
Senegal,1967,SEN,4083872.0,9161092858.0,0.699,0.171
Senegal,1968,SEN,4207593.0,9732370141.0,0.098,0.023
Senegal,1969,SEN,4334979.0,9102404066.0,0.49,0.113
Senegal,1970,SEN,4466330.0,9875016976.0,1.307,0.293
Senegal,1971,SEN,4601869.0,9861514871.0,1.351,0.294
Senegal,1972,SEN,4741632.0,10503524687.0,1.453,0.306
Senegal,1973,SEN,4885181.0,9908133828.0,1.549,0.317
Senegal,1974,SEN,5029446.0,10319413089.0,1.849,0.368
Senegal,1975,SEN,5170812.0,11100898730.0,2.578,0.499
Senegal,1976,SEN,5308567.0,12088182685.0,1.77,0.333
Senegal,1977,SEN,5439555.0,11766950000.0,2.237,0.411
Senegal,1978,SEN,5568099.0,11307048202.0,2.62,0.47
Senegal,1979,SEN,5702899.0,12097221144.0,2.888,0.506
Senegal,1980,SEN,5845640.0,11696173364.0,3.336,0.571
Senegal,1981,SEN,5997165.0,11610720965.0,3.28,0.547
Senegal,1982,SEN,6156963.0,13375980949.0,3.037,0.493
Senegal,1983,SEN,6324507.0,13711421499.0,2.611,0.413
Senegal,1984,SEN,6499366.0,13074190365.0,3.284,0.505
Senegal,1985,SEN,6683296.0,13570219726.0,2.651,0.397
Senegal,1986,SEN,6878199.0,14225651583.0,2.636,0.383
Senegal,1987,SEN,7081535.0,14808652000.0,2.425,0.342
Senegal,1988,SEN,7289622.0,15564027165.0,2.711,0.372
Senegal,1989,SEN,7502213.0,15304410000.0,3.662,0.488
Senegal,1990,SEN,7720524.0,15993263040.0,2.93,0.38
Senegal,1991,SEN,7943091.0,16307693057.0,3.108,0.391
Senegal,1992,SEN,8168396.0,16415224652.0,3.166,0.388
Senegal,1993,SEN,8396289.0,16528654543.0,3.286,0.391
Senegal,1994,SEN,8624077.0,16427310135.0,3.636,0.422
Senegal,1995,SEN,8848112.0,17207967928.0,2.99,0.338
Senegal,1996,SEN,9067018.0,17463290035.0,3.243,0.358
Senegal,1997,SEN,9283505.0,17899120921.0,3.182,0.343
Senegal,1998,SEN,9502951.0,18841602978.0,3.334,0.351
Senegal,1999,SEN,9730897.0,19920223117.0,3.604,0.37
Senegal,2000,SEN,9968262.0,20439620643.0,3.902,0.391
Senegal,2001,SEN,10212941.0,21256566387.0,4.258,0.417
Senegal,2002,SEN,10466216.0,21289209696.0,4.437,0.424
Senegal,2003,SEN,10721176.0,22622569107.0,4.928,0.46
Senegal,2004,SEN,10975711.0,23858338191.0,5.238,0.477
Senegal,2005,SEN,11235473.0,25111741099.0,5.539,0.493
Senegal,2006,SEN,11500094.0,25681645040.0,4.43,0.385
Senegal,2007,SEN,11770348.0,26900866878.0,5.196,0.441
Senegal,2008,SEN,12048963.0,27862112568.0,4.74,0.393
Senegal,2009,SEN,12337390.0,28495333178.0,5.258,0.426
Senegal,2010,SEN,12635418.0,29674469620.0,6.862,0.543
Senegal,2011,SEN,12958902.0,30201416523.0,7.819,0.603
Senegal,2012,SEN,13310499.0,31410375400.0,7.362,0.553
Senegal,2013,SEN,13710857.0,32167998974.0,7.853,0.573
Senegal,2014,SEN,14152103.0,34170131826.0,8.724,0.616
Senegal,2015,SEN,14593335.0,36345743124.0,9.845,0.675
Senegal,2016,SEN,15034517.0,38655882471.0,10.013,0.666
Senegal,2017,SEN,15475001.0,41519118886.0,10.757,0.695
Senegal,2018,SEN,15914495.0,44097044770.0,11.33,0.712
Senegal,2019,SEN,16352926.0,46131678369.0,12.711,0.777
Senegal,2020,SEN,16789217.0,46743389453.0,10.82,0.644
Senegal,2021,SEN,17220866.0,49579310412.0,12.319,0.715
Senegal,2022,SEN,17651099.0,51913993763.0,14.133,0.801
Senegal,2023,SEN,18077573.0,,14.082,0.779
Senegal,2024,SEN,18501988.0,,14.092,0.762
Serbia,1950,SRB,6009201.0,,7.876,1.311
Serbia,1951,SRB,6067045.0,,7.454,1.229
Serbia,1952,SRB,6127270.0,12400184750.0,7.488,1.222
Serbia,1953,SRB,6192415.0,14500835265.0,7.436,1.201
Serbia,1954,SRB,6266890.0,13962865769.0,8.873,1.416
Serbia,1955,SRB,6346329.0,16313854367.0,10.163,1.601
Serbia,1956,SRB,6422763.0,15617587987.0,11.621,1.809
Serbia,1957,SRB,6496456.0,20302432562.0,12.623,1.943
Serbia,1958,SRB,6567235.0,19704866891.0,12.435,1.894
Serbia,1959,SRB,6635214.0,25600886616.0,14.266,2.15
Serbia,1960,SRB,6702964.0,26289604769.0,15.587,2.325
Serbia,1961,SRB,6771392.0,27169085581.0,16.349,2.414
Serbia,1962,SRB,6838634.0,28751526870.0,16.779,2.454
Serbia,1963,SRB,6904168.0,32252784952.0,18.666,2.704
Serbia,1964,SRB,6968218.0,35650492848.0,21.147,3.035
Serbia,1965,SRB,7031142.0,36400861107.0,21.759,3.095
Serbia,1966,SRB,7093228.0,39635932669.0,21.564,3.04
Serbia,1967,SRB,7154393.0,40344709508.0,21.783,3.045
Serbia,1968,SRB,7214029.0,41088700966.0,23.3,3.23
Serbia,1969,SRB,7271058.0,45866368029.0,24.161,3.323
Serbia,1970,SRB,7324426.0,47222577792.0,31.562,4.309
Serbia,1971,SRB,7375141.0,51758765201.0,34.012,4.612
Serbia,1972,SRB,7424742.0,53908759583.0,31.878,4.293
Serbia,1973,SRB,7473516.0,56856472505.0,38.067,5.094
Serbia,1974,SRB,7522491.0,61581227434.0,38.223,5.081
Serbia,1975,SRB,7572433.0,63148766631.0,39.875,5.266
Serbia,1976,SRB,7622703.0,66242471270.0,41.141,5.397
Serbia,1977,SRB,7671486.0,71405952337.0,39.997,5.214
Serbia,1978,SRB,7716932.0,74932573967.0,44.675,5.789
Serbia,1979,SRB,7758219.0,81395635712.0,48.573,6.261
Serbia,1980,SRB,7796286.0,81369659082.0,47.741,6.124
Serbia,1981,SRB,7827863.0,82956336550.0,51.955,6.637
Serbia,1982,SRB,7849652.0,83705489925.0,47.704,6.077
Serbia,1983,SRB,7864592.0,82130098114.0,51.365,6.531
Serbia,1984,SRB,7875050.0,83622550066.0,54.166,6.878
Serbia,1985,SRB,7881551.0,83673830416.0,55.244,7.009
Serbia,1986,SRB,7884582.0,86531387617.0,57.68,7.316
Serbia,1987,SRB,7885364.0,85105489628.0,56.298,7.14
Serbia,1988,SRB,7884457.0,83849589085.0,58.082,7.367
Serbia,1989,SRB,7881272.0,85287252686.0,57.897,7.346
Serbia,1990,SRB,7874595.0,75948516071.0,57.538,7.307
Serbia,1991,SRB,7867067.0,68073341363.0,40.577,5.158
Serbia,1992,SRB,7859811.0,50213316006.0,43.636,5.552
Serbia,1993,SRB,7849723.0,35705127092.0,37.997,4.841
Serbia,1994,SRB,7837157.0,37491186647.0,36.967,4.717
Serbia,1995,SRB,7823281.0,40606796137.0,39.047,4.991
Serbia,1996,SRB,7807720.0,43633612702.0,45.696,5.853
Serbia,1997,SRB,7789186.0,47961715204.0,49.098,6.303
Serbia,1998,SRB,7765929.0,50248494231.0,51.691,6.656
Serbia,1999,SRB,7734367.0,42108008598.0,35.652,4.609
Serbia,2000,SRB,7694608.0,45972177454.0,39.606,5.147
Serbia,2001,SRB,7651927.0,49551965376.0,42.541,5.56
Serbia,2002,SRB,7616741.0,54169287385.0,45.486,5.972
Serbia,2003,SRB,7590946.0,57670215281.0,48.649,6.409
Serbia,2004,SRB,7565843.0,64122161308.0,52.942,6.998
Serbia,2005,SRB,7539139.0,69083768076.0,50.058,6.64
Serbia,2006,SRB,7511395.0,74079355840.0,53.721,7.152
Serbia,2007,SRB,7482996.0,80235729936.0,52.16,6.97
Serbia,2008,SRB,7454285.0,86433151884.0,51.737,6.941
Serbia,2009,SRB,7425346.0,85543117613.0,45.92,6.184
Serbia,2010,SRB,7395872.0,88047936265.0,45.694,6.178
Serbia,2011,SRB,7364858.0,91032746041.0,48.956,6.647
Serbia,2012,SRB,7324624.0,90412315334.0,43.764,5.975
Serbia,2013,SRB,7276183.0,93027618312.0,44.576,6.126
Serbia,2014,SRB,7227203.0,91548933459.0,37.331,5.165
Serbia,2015,SRB,7177257.0,93202353035.0,43.897,6.116
Serbia,2016,SRB,7126083.0,96313997829.0,45.193,6.342
Serbia,2017,SRB,7073507.0,98337716405.0,45.673,6.457
Serbia,2018,SRB,7020014.0,102758122729.0,44.478,6.336
Serbia,2019,SRB,6966155.0,107209329080.0,44.445,6.38
Serbia,2020,SRB,6907814.0,106240984752.0,45.356,6.566
Serbia,2021,SRB,6835429.0,114262090563.0,43.886,6.42
Serbia,2022,SRB,6791215.0,116834638171.0,44.462,6.547
Serbia,2023,SRB,6773204.0,,42.907,6.335
Serbia,2024,SRB,6736217.0,,42.019,6.238
Seychelles,1950,SYC,38306.0,86856000.0,,
Seychelles,1951,SYC,38702.0,91674000.0,,
Seychelles,1952,SYC,39010.0,93093000.0,,
Seychelles,1953,SYC,39334.0,97512000.0,,
Seychelles,1954,SYC,39703.0,104720000.0,,
Seychelles,1955,SYC,40126.0,107244000.0,,
Seychelles,1956,SYC,40617.0,112062000.0,,
Seychelles,1957,SYC,41198.0,114304000.0,,
Seychelles,1958,SYC,41823.0,118053000.0,,
Seychelles,1959,SYC,42487.0,124080000.0,,
Seychelles,1960,SYC,43249.0,136794000.0,,
Seychelles,1961,SYC,44133.0,128785000.0,,
Seychelles,1962,SYC,45088.0,139656000.0,,
Seychelles,1963,SYC,46099.0,152280000.0,0.007,0.159
Seychelles,1964,SYC,47164.0,160928000.0,0.007,0.155
Seychelles,1965,SYC,48295.0,160848000.0,0.007,0.152
Seychelles,1966,SYC,49476.0,164199000.0,0.007,0.148
Seychelles,1967,SYC,50686.0,163850000.0,0.007,0.145
Seychelles,1968,SYC,51904.0,176970000.0,0.007,0.141
Seychelles,1969,SYC,53104.0,179087000.0,0.007,0.138
Seychelles,1970,SYC,54276.0,190998000.0,0.029,0.54
Seychelles,1971,SYC,55534.0,223272000.0,0.033,0.594
Seychelles,1972,SYC,56913.0,236493000.0,0.044,0.773
Seychelles,1973,SYC,58320.0,259144000.0,0.048,0.817
Seychelles,1974,SYC,59765.0,258506000.0,0.055,0.92
Seychelles,1975,SYC,61236.0,270360000.0,0.059,0.957
Seychelles,1976,SYC,62762.0,314089000.0,0.081,1.284
Seychelles,1977,SYC,64117.0,340442000.0,0.084,1.314
Seychelles,1978,SYC,65008.0,366172000.0,0.077,1.184
Seychelles,1979,SYC,65625.0,422667000.0,0.121,1.842
Seychelles,1980,SYC,66281.0,411136000.0,0.095,1.437
Seychelles,1981,SYC,66974.0,385320000.0,0.099,1.477
Seychelles,1982,SYC,67666.0,376090000.0,0.084,1.245
Seychelles,1983,SYC,68379.0,372108000.0,0.099,1.447
Seychelles,1984,SYC,69103.0,397980000.0,0.099,1.432
Seychelles,1985,SYC,69837.0,441195000.0,0.15,2.151
Seychelles,1986,SYC,70582.0,448868000.0,0.165,2.336
Seychelles,1987,SYC,71358.0,464236000.0,0.202,2.824
Seychelles,1988,SYC,72229.0,490866000.0,0.198,2.739
Seychelles,1989,SYC,73142.0,542850000.0,0.234,3.206
Seychelles,1990,SYC,74000.0,584969000.0,0.15,2.03
Seychelles,1991,SYC,74838.0,617088515.0,0.172,2.301
Seychelles,1992,SYC,75630.0,679250956.0,0.172,2.277
Seychelles,1993,SYC,76420.0,730723726.0,0.183,2.397
Seychelles,1994,SYC,77279.0,744501064.0,0.202,2.608
Seychelles,1995,SYC,78144.0,760132177.0,0.198,2.532
Seychelles,1996,SYC,78901.0,795643257.0,0.234,2.972
Seychelles,1997,SYC,79670.0,929711785.0,0.271,3.403
Seychelles,1998,SYC,80738.0,1062691437.0,0.289,3.585
Seychelles,1999,SYC,82033.0,1110391394.0,0.304,3.707
Seychelles,2000,SYC,83339.0,1136006730.0,0.319,3.825
Seychelles,2001,SYC,84621.0,1137693046.0,0.341,4.027
Seychelles,2002,SYC,85878.0,1181094301.0,0.348,4.053
Seychelles,2003,SYC,87056.0,1134551439.0,0.341,3.914
Seychelles,2004,SYC,88175.0,1140079489.0,0.377,4.28
Seychelles,2005,SYC,89288.0,1274495332.0,0.381,4.268
Seychelles,2006,SYC,90391.0,1430092128.0,0.385,4.256
Seychelles,2007,SYC,91483.0,1619623050.0,0.403,4.406
Seychelles,2008,SYC,92563.0,1625802984.0,0.414,4.473
Seychelles,2009,SYC,93644.0,1630727660.0,0.443,4.734
Seychelles,2010,SYC,94993.0,1772951640.0,0.44,4.629
Seychelles,2011,SYC,97041.0,1917505000.0,0.403,4.153
Seychelles,2012,SYC,99565.0,1991700000.0,0.418,4.195
Seychelles,2013,SYC,102108.0,2096276000.0,0.414,4.055
Seychelles,2014,SYC,104663.0,2231000000.0,0.458,4.376
Seychelles,2015,SYC,107247.0,2363480000.0,0.498,4.646
Seychelles,2016,SYC,109836.0,2658740126.0,0.553,5.037
Seychelles,2017,SYC,112443.0,2824383463.0,0.575,5.116
Seychelles,2018,SYC,115053.0,2983293782.0,0.597,5.191
Seychelles,2019,SYC,117662.0,3137071789.0,0.59,5.014
Seychelles,2020,SYC,120299.0,2871729130.0,0.597,4.965
Seychelles,2021,SYC,123000.0,2944095268.0,0.612,4.975
Seychelles,2022,SYC,125533.0,3053368129.0,0.629,5.01
Seychelles,2023,SYC,127961.0,,0.641,5.012
Seychelles,2024,SYC,130436.0,,0.653,5.003
Sierra Leone,1950,SLE,1999628.0,1882474000.0,0.158,0.079
Sierra Leone,1951,SLE,2023289.0,1992330000.0,0.095,0.047
Sierra Leone,1952,SLE,2047201.0,2052994000.0,0.18,0.088
Sierra Leone,1953,SLE,2070818.0,2132904000.0,0.169,0.081
Sierra Leone,1954,SLE,2095066.0,2252646000.0,0.125,0.059
Sierra Leone,1955,SLE,2120895.0,2331252000.0,0.183,0.086
Sierra Leone,1956,SLE,2147980.0,2422480000.0,0.18,0.084
Sierra Leone,1957,SLE,2176254.0,2509528000.0,0.388,0.178
Sierra Leone,1958,SLE,2204841.0,2581752000.0,0.209,0.095
Sierra Leone,1959,SLE,2235024.0,2732834000.0,0.234,0.105
Sierra Leone,1960,SLE,2268361.0,2817696000.0,0.714,0.315
Sierra Leone,1961,SLE,2304229.0,2872192000.0,0.289,0.126
Sierra Leone,1962,SLE,2342241.0,3001088000.0,0.326,0.139
Sierra Leone,1963,SLE,2382262.0,3051090000.0,0.37,0.155
Sierra Leone,1964,SLE,2424393.0,3089745000.0,0.304,0.125
Sierra Leone,1965,SLE,2468669.0,3310124000.0,0.282,0.114
Sierra Leone,1966,SLE,2514641.0,3518724000.0,0.3,0.119
Sierra Leone,1967,SLE,2562394.0,3495206000.0,0.253,0.099
Sierra Leone,1968,SLE,2611535.0,3839680000.0,0.363,0.139
Sierra Leone,1969,SLE,2661367.0,4187650000.0,1.085,0.408
Sierra Leone,1970,SLE,2712287.0,4331317000.0,0.857,0.316
Sierra Leone,1971,SLE,2763230.0,4350190000.0,0.802,0.29
Sierra Leone,1972,SLE,2814397.0,4390475000.0,0.678,0.241
Sierra Leone,1973,SLE,2866959.0,4542525000.0,0.539,0.188
Sierra Leone,1974,SLE,2920466.0,4701894000.0,0.52,0.178
Sierra Leone,1975,SLE,2974659.0,4699530000.0,0.524,0.176
Sierra Leone,1976,SLE,3028822.0,4665968000.0,0.451,0.149
Sierra Leone,1977,SLE,3085359.0,4706260000.0,0.513,0.166
Sierra Leone,1978,SLE,3145522.0,4888992000.0,0.711,0.226
Sierra Leone,1979,SLE,3207502.0,5142012000.0,0.678,0.211
Sierra Leone,1980,SLE,3272097.0,5282640000.0,0.608,0.186
Sierra Leone,1981,SLE,3338944.0,5494230000.0,0.692,0.207
Sierra Leone,1982,SLE,3408188.0,5589920000.0,0.553,0.162
Sierra Leone,1983,SLE,3481644.0,5584950000.0,0.689,0.198
Sierra Leone,1984,SLE,3558762.0,5825784000.0,0.616,0.173
Sierra Leone,1985,SLE,3638444.0,5961830000.0,0.663,0.182
Sierra Leone,1986,SLE,3728381.0,6047839000.0,0.674,0.181
Sierra Leone,1987,SLE,3829720.0,6294624000.0,0.498,0.13
Sierra Leone,1988,SLE,3934517.0,6451968000.0,0.458,0.116
Sierra Leone,1989,SLE,4034038.0,6673088000.0,0.374,0.093
Sierra Leone,1990,SLE,4196834.0,6912780000.0,0.498,0.119
Sierra Leone,1991,SLE,4246268.0,6361130421.0,0.557,0.131
Sierra Leone,1992,SLE,4166368.0,5753194720.0,0.282,0.068
Sierra Leone,1993,SLE,4157128.0,5761167651.0,0.264,0.063
Sierra Leone,1994,SLE,4173111.0,5967832311.0,0.275,0.066
Sierra Leone,1995,SLE,4179178.0,5367842746.0,0.224,0.053
Sierra Leone,1996,SLE,4199215.0,4041803222.0,0.231,0.055
Sierra Leone,1997,SLE,4253710.0,3333148709.0,0.205,0.048
Sierra Leone,1998,SLE,4295783.0,3306704220.0,0.22,0.051
Sierra Leone,1999,SLE,4318047.0,3041564615.0,0.176,0.041
Sierra Leone,2000,SLE,4423615.0,3156875905.0,0.271,0.061
Sierra Leone,2001,SLE,4692715.0,3731874073.0,0.374,0.08
Sierra Leone,2002,SLE,4971435.0,4723203819.0,0.502,0.101
Sierra Leone,2003,SLE,5177686.0,5165014591.0,0.539,0.104
Sierra Leone,2004,SLE,5355715.0,5509297894.0,0.52,0.097
Sierra Leone,2005,SLE,5501707.0,5761186841.0,0.432,0.079
Sierra Leone,2006,SLE,5624464.0,6009264027.0,0.575,0.102
Sierra Leone,2007,SLE,5749353.0,6495486321.0,0.487,0.085
Sierra Leone,2008,SLE,5894728.0,6848797957.0,0.506,0.086
Sierra Leone,2009,SLE,6055655.0,7073732794.0,0.502,0.083
Sierra Leone,2010,SLE,6222715.0,7455363914.0,0.546,0.088
Sierra Leone,2011,SLE,6387258.0,7933356000.0,0.714,0.112
Sierra Leone,2012,SLE,6551078.0,9134190000.0,0.832,0.127
Sierra Leone,2013,SLE,6714057.0,11029545000.0,1.052,0.157
Sierra Leone,2014,SLE,6876385.0,11528208000.0,1.129,0.164
Sierra Leone,2015,SLE,7037660.0,9188877000.0,1.084,0.154
Sierra Leone,2016,SLE,7205339.0,9765347713.0,1.14,0.158
Sierra Leone,2017,SLE,7379300.0,10128155156.0,1.096,0.148
Sierra Leone,2018,SLE,7554568.0,10480967104.0,1.037,0.137
Sierra Leone,2019,SLE,7731994.0,11031662186.0,1.118,0.145
Sierra Leone,2020,SLE,7912557.0,10814455084.0,1.187,0.15
Sierra Leone,2021,SLE,8094603.0,11258356071.0,1.484,0.183
Sierra Leone,2022,SLE,8276809.0,11681270534.0,1.444,0.174
Sierra Leone,2023,SLE,8460523.0,,1.38,0.163
Sierra Leone,2024,SLE,8642029.0,,1.434,0.166
Singapore,1950,SGP,1013318.0,3650941112.0,1.914,1.889
Singapore,1951,SGP,1068050.0,3597360717.0,2.826,2.646
Singapore,1952,SGP,1126098.0,2639434000.0,3.441,3.056
Singapore,1953,SGP,1187531.0,3329889336.0,3.482,2.932
Singapore,1954,SGP,1252286.0,3996736243.0,3.771,3.012
Singapore,1955,SGP,1320233.0,3846003000.0,4.053,3.07
Singapore,1956,SGP,1390957.0,4445355520.0,4.096,2.945
Singapore,1957,SGP,1458281.0,4155599816.0,1.729,1.186
Singapore,1958,SGP,1515731.0,4374144140.0,2.297,1.516
Singapore,1959,SGP,1567757.0,5140940641.0,1.799,1.148
Singapore,1960,SGP,1619328.0,5703129684.0,1.392,0.86
Singapore,1961,SGP,1670469.0,6167795288.0,2.092,1.252
Singapore,1962,SGP,1721183.0,6607004815.0,2.513,1.46
Singapore,1963,SGP,1771517.0,7267955000.0,3.301,1.864
Singapore,1964,SGP,1821468.0,6998079907.0,3.602,1.977
Singapore,1965,SGP,1870828.0,7530617997.0,2.426,1.297
Singapore,1966,SGP,1919088.0,8350804905.0,0.479,0.25
Singapore,1967,SGP,1965686.0,9375801484.0,2.821,1.435
Singapore,1968,SGP,2010102.0,10651528000.0,5.133,2.554
Singapore,1969,SGP,2052163.0,12114067500.0,6.888,3.357
Singapore,1970,SGP,2091568.0,13795472082.0,17.833,8.526
Singapore,1971,SGP,2128445.0,15462201485.0,16.275,7.647
Singapore,1972,SGP,2164344.0,17552821203.0,21.72,10.035
Singapore,1973,SGP,2200145.0,19504542000.0,20.691,9.404
Singapore,1974,SGP,2235079.0,20768357654.0,21.427,9.587
Singapore,1975,SGP,2268532.0,21725486137.0,23.864,10.519
Singapore,1976,SGP,2300749.0,23341207896.0,29.338,12.751
Singapore,1977,SGP,2331547.0,25089987526.0,27.612,11.843
Singapore,1978,SGP,2360611.0,27273517931.0,32.463,13.752
Singapore,1979,SGP,2388159.0,29843803500.0,35.42,14.831
Singapore,1980,SGP,2437496.0,32831452571.0,30.433,12.485
Singapore,1981,SGP,2531801.0,36344499132.0,25.707,10.153
Singapore,1982,SGP,2627420.0,38947998482.0,28.382,10.802
Singapore,1983,SGP,2685982.0,42275213408.0,33.397,12.434
Singapore,1984,SGP,2720930.0,45996862796.0,31.969,11.749
Singapore,1985,SGP,2735032.0,45678538612.0,32.397,11.845
Singapore,1986,SGP,2744656.0,46286412884.0,34.101,12.424
Singapore,1987,SGP,2781625.0,51266056475.0,31.811,11.436
Singapore,1988,SGP,2849043.0,56963540146.0,35.281,12.383
Singapore,1989,SGP,2938656.0,62766454197.0,41.004,13.953
Singapore,1990,SGP,3039593.0,69065570813.0,43.536,14.323
Singapore,1991,SGP,3136294.0,74103369043.0,44.235,14.104
Singapore,1992,SGP,3226461.0,80052595653.0,47.441,14.704
Singapore,1993,SGP,3317892.0,89698198294.0,49.662,14.968
Singapore,1994,SGP,3417818.0,100708565980.0,60.086,17.58
Singapore,1995,SGP,3533624.0,109097198275.0,40.546,11.474
Singapore,1996,SGP,3664566.0,120135527253.0,48.013,13.102
Singapore,1997,SGP,3796629.0,132363368332.0,56.737,14.944
Singapore,1998,SGP,3901418.0,131914179626.0,47.412,12.153
Singapore,1999,SGP,3966562.0,139187634120.0,49.2,12.404
Singapore,2000,SGP,4035251.0,152153574500.0,37.369,9.261
Singapore,2001,SGP,4116169.0,152550774197.0,38.525,9.359
Singapore,2002,SGP,4146898.0,157982989858.0,40.208,9.696
Singapore,2003,SGP,4138241.0,160287778605.0,39.534,9.553
Singapore,2004,SGP,4172767.0,175483138246.0,41.0,9.826
Singapore,2005,SGP,4268363.0,190691514722.0,39.6,9.278
Singapore,2006,SGP,4407064.0,211578605777.0,40.6,9.212
Singapore,2007,SGP,4596516.0,237920174358.0,41.1,8.942
Singapore,2008,SGP,4806742.0,252508208683.0,40.2,8.363
Singapore,2009,SGP,4968574.0,256114472232.0,40.8,8.212
Singapore,2010,SGP,5077020.0,297586792174.0,44.4,8.745
Singapore,2011,SGP,5182242.0,319718127421.0,47.0,9.069
Singapore,2012,SGP,5293345.0,333899221028.0,46.1,8.709
Singapore,2013,SGP,5385589.0,349985256634.0,47.0,8.727
Singapore,2014,SGP,5457899.0,363759075569.0,47.6,8.721
Singapore,2015,SGP,5525343.0,374587437267.0,49.4,8.941
Singapore,2016,SGP,5577936.0,388078809982.0,49.1,8.803
Singapore,2017,SGP,5604087.0,405715948493.0,50.1,8.94
Singapore,2018,SGP,5634366.0,420221993120.0,50.3,8.927
Singapore,2019,SGP,5669562.0,425816263950.0,49.0,8.643
Singapore,2020,SGP,5620151.0,409204971045.0,46.7,8.309
Singapore,2021,SGP,5546291.0,445551993008.0,50.1,9.033
Singapore,2022,SGP,5649888.0,461801118473.0,48.934,8.661
Singapore,2023,SGP,5789092.0,,51.068,8.821
Singapore,2024,SGP,5832387.0,,53.919,9.245
Sint Maarten (Dutch part),1950,SXM,1472.0,,0.683,463.708
Sint Maarten (Dutch part),1951,SXM,1578.0,,1.077,682.203
Sint Maarten (Dutch part),1952,SXM,1672.0,,0.622,371.757
Sint Maarten (Dutch part),1953,SXM,1760.0,,0.719,408.74
Sint Maarten (Dutch part),1954,SXM,1859.0,,1.455,782.743
Sint Maarten (Dutch part),1955,SXM,1971.0,,1.204,610.668
Sint Maarten (Dutch part),1956,SXM,2100.0,,1.557,741.272
Sint Maarten (Dutch part),1957,SXM,2237.0,,1.063,475.291
Sint Maarten (Dutch part),1958,SXM,2387.0,,0.931,390.174
Sint Maarten (Dutch part),1959,SXM,2544.0,,1.199,471.248
Sint Maarten (Dutch part),1960,SXM,2738.0,,1.031,376.498
Sint Maarten (Dutch part),1961,SXM,2991.0,,1.076,359.691
Sint Maarten (Dutch part),1962,SXM,3283.0,,1.181,359.877
Sint Maarten (Dutch part),1963,SXM,3605.0,,1.132,313.931
Sint Maarten (Dutch part),1964,SXM,3945.0,,1.1,278.928
Sint Maarten (Dutch part),1965,SXM,4304.0,,0.987,229.376
Sint Maarten (Dutch part),1966,SXM,4683.0,,0.923,197.132
Sint Maarten (Dutch part),1967,SXM,5090.0,,1.137,223.414
Sint Maarten (Dutch part),1968,SXM,5524.0,,1.057,191.425
Sint Maarten (Dutch part),1969,SXM,5970.0,,1.384,231.809
Sint Maarten (Dutch part),1970,SXM,6437.0,,1.548,240.455
Sint Maarten (Dutch part),1971,SXM,6909.0,,1.347,194.977
Sint Maarten (Dutch part),1972,SXM,7402.0,,1.306,176.466
Sint Maarten (Dutch part),1973,SXM,7939.0,,1.449,182.515
Sint Maarten (Dutch part),1974,SXM,8514.0,,1.313,154.259
Sint Maarten (Dutch part),1975,SXM,9114.0,,0.951,104.357
Sint Maarten (Dutch part),1976,SXM,9739.0,,2.032,208.617
Sint Maarten (Dutch part),1977,SXM,10387.0,,1.061,102.164
Sint Maarten (Dutch part),1978,SXM,11059.0,,0.904,81.72
Sint Maarten (Dutch part),1979,SXM,11746.0,,0.948,80.712
Sint Maarten (Dutch part),1980,SXM,12432.0,,0.976,78.479
Sint Maarten (Dutch part),1981,SXM,13327.0,,0.929,69.731
Sint Maarten (Dutch part),1982,SXM,14622.0,,1.039,71.059
Sint Maarten (Dutch part),1983,SXM,16154.0,,0.534,33.057
Sint Maarten (Dutch part),1984,SXM,17715.0,,1.333,75.273
Sint Maarten (Dutch part),1985,SXM,19314.0,,1.561,80.81
Sint Maarten (Dutch part),1986,SXM,20949.0,,0.299,14.282
Sint Maarten (Dutch part),1987,SXM,22642.0,,0.266,11.748
Sint Maarten (Dutch part),1988,SXM,24382.0,,0.262,10.747
Sint Maarten (Dutch part),1989,SXM,26190.0,,0.499,19.045
Sint Maarten (Dutch part),1990,SXM,28079.0,,0.534,19.024
Sint Maarten (Dutch part),1991,SXM,30063.0,,0.426,14.178
Sint Maarten (Dutch part),1992,SXM,31589.0,,0.351,11.117
Sint Maarten (Dutch part),1993,SXM,32050.0,,0.542,16.914
Sint Maarten (Dutch part),1994,SXM,31941.0,,0.52,16.271
Sint Maarten (Dutch part),1995,SXM,31796.0,,0.514,16.175
Sint Maarten (Dutch part),1996,SXM,31622.0,,0.481,15.214
Sint Maarten (Dutch part),1997,SXM,31421.0,,0.503,16.024
Sint Maarten (Dutch part),1998,SXM,31215.0,,0.028,0.89
Sint Maarten (Dutch part),1999,SXM,30998.0,,0.208,6.718
Sint Maarten (Dutch part),2000,SXM,30796.0,,0.553,17.943
Sint Maarten (Dutch part),2001,SXM,30751.0,,0.563,18.298
Sint Maarten (Dutch part),2002,SXM,30986.0,,0.542,17.507
Sint Maarten (Dutch part),2003,SXM,31346.0,,0.543,17.317
Sint Maarten (Dutch part),2004,SXM,31714.0,,0.57,17.958
Sint Maarten (Dutch part),2005,SXM,32083.0,,0.564,17.594
Sint Maarten (Dutch part),2006,SXM,32448.0,,0.588,18.131
Sint Maarten (Dutch part),2007,SXM,32811.0,,0.662,20.185
Sint Maarten (Dutch part),2008,SXM,33165.0,,0.637,19.208
Sint Maarten (Dutch part),2009,SXM,33514.0,,0.652,19.449
Sint Maarten (Dutch part),2010,SXM,33814.0,,0.449,13.278
Sint Maarten (Dutch part),2011,SXM,34288.0,,0.573,16.705
Sint Maarten (Dutch part),2012,SXM,35040.0,,0.7,19.972
Sint Maarten (Dutch part),2013,SXM,35871.0,,0.714,19.918
Sint Maarten (Dutch part),2014,SXM,36695.0,,0.725,19.77
Sint Maarten (Dutch part),2015,SXM,37490.0,,0.744,19.84
Sint Maarten (Dutch part),2016,SXM,38274.0,,0.747,19.529
Sint Maarten (Dutch part),2017,SXM,39012.0,,0.703,18.033
Sint Maarten (Dutch part),2018,SXM,39736.0,,0.685,17.243
Sint Maarten (Dutch part),2019,SXM,40410.0,,0.689,17.046
Sint Maarten (Dutch part),2020,SXM,41027.0,,0.652,15.897
Sint Maarten (Dutch part),2021,SXM,41593.0,,0.682,16.385
Sint Maarten (Dutch part),2022,SXM,42163.0,,0.692,16.424
Sint Maarten (Dutch part),2023,SXM,42775.0,,0.691,16.157
Sint Maarten (Dutch part),2024,SXM,43372.0,,0.718,16.546
Slovakia,1950,SVK,3465750.0,,18.522,5.344
Slovakia,1951,SVK,3525383.0,,19.734,5.598
Slovakia,1952,SVK,3591860.0,,21.101,5.875
Slovakia,1953,SVK,3660079.0,,21.869,5.975
Slovakia,1954,SVK,3728027.0,,23.351,6.264
Slovakia,1955,SVK,3797354.0,,24.233,6.382
Slovakia,1956,SVK,3868268.0,,26.003,6.722
Slovakia,1957,SVK,3936840.0,,27.144,6.895
Slovakia,1958,SVK,4002698.0,,29.659,7.41
Slovakia,1959,SVK,4064674.0,,29.669,7.299
Slovakia,1960,SVK,4124444.0,,31.648,7.673
Slovakia,1961,SVK,4185347.0,,34.352,8.208
Slovakia,1962,SVK,4235796.0,,36.609,8.643
Slovakia,1963,SVK,4278467.0,,38.536,9.007
Slovakia,1964,SVK,4323293.0,,40.107,9.277
Slovakia,1965,SVK,4365055.0,,39.066,8.95
Slovakia,1966,SVK,4402206.0,,38.837,8.822
Slovakia,1967,SVK,4436106.0,,38.743,8.734
Slovakia,1968,SVK,4466440.0,,40.546,9.078
Slovakia,1969,SVK,4495039.0,,43.05,9.577
Slovakia,1970,SVK,4525876.0,,49.369,10.908
Slovakia,1971,SVK,4560415.0,,51.786,11.355
Slovakia,1972,SVK,4599802.0,,52.266,11.363
Slovakia,1973,SVK,4643683.0,,52.476,11.3
Slovakia,1974,SVK,4690647.0,,53.076,11.315
Slovakia,1975,SVK,4739175.0,,55.543,11.72
Slovakia,1976,SVK,4788513.0,,57.714,12.053
Slovakia,1977,SVK,4837710.0,,59.452,12.289
Slovakia,1978,SVK,4885733.0,,59.991,12.279
Slovakia,1979,SVK,4933451.0,,58.425,11.843
Slovakia,1980,SVK,4976659.0,,59.116,11.879
Slovakia,1981,SVK,5014960.0,,58.474,11.66
Slovakia,1982,SVK,5051811.0,,57.917,11.465
Slovakia,1983,SVK,5086443.0,,57.998,11.403
Slovakia,1984,SVK,5119394.0,,59.974,11.715
Slovakia,1985,SVK,5151164.0,60783825141.0,59.167,11.486
Slovakia,1986,SVK,5180090.0,63316652136.0,59.584,11.503
Slovakia,1987,SVK,5205882.0,64851091806.0,58.886,11.311
Slovakia,1988,SVK,5229678.0,66120769424.0,57.92,11.075
Slovakia,1989,SVK,5249932.0,66785527300.0,55.272,10.528
Slovakia,1990,SVK,5266077.0,65119612994.0,61.529,11.684
Slovakia,1991,SVK,5284876.0,55297380289.0,53.334,10.092
Slovakia,1992,SVK,5306445.0,51864851101.0,48.931,9.221
Slovakia,1993,SVK,5326363.0,55439229551.0,46.394,8.71
Slovakia,1994,SVK,5343230.0,58762730616.0,43.804,8.198
Slovakia,1995,SVK,5354287.0,63261333115.0,44.194,8.254
Slovakia,1996,SVK,5362430.0,67378056744.0,44.076,8.219
Slovakia,1997,SVK,5369781.0,71311497148.0,44.147,8.221
Slovakia,1998,SVK,5374801.0,74015465370.0,43.878,8.164
Slovakia,1999,SVK,5378105.0,73695869861.0,43.088,8.012
Slovakia,2000,SVK,5380001.0,74595099937.0,41.187,7.656
Slovakia,2001,SVK,5379439.0,76744257548.0,43.273,8.044
Slovakia,2002,SVK,5377685.0,80059373942.0,42.034,7.816
Slovakia,2003,SVK,5376197.0,84281952821.0,42.359,7.879
Slovakia,2004,SVK,5376038.0,88594621302.0,42.857,7.972
Slovakia,2005,SVK,5376697.0,94444699022.0,42.857,7.971
Slovakia,2006,SVK,5376847.0,102275719553.0,42.639,7.93
Slovakia,2007,SVK,5376993.0,113160253049.0,41.032,7.631
Slovakia,2008,SVK,5379127.0,119380219073.0,41.425,7.701
Slovakia,2009,SVK,5385074.0,112760232233.0,37.681,6.997
Slovakia,2010,SVK,5391857.0,118344324253.0,38.464,7.134
Slovakia,2011,SVK,5398105.0,120554965758.0,38.045,7.048
Slovakia,2012,SVK,5404877.0,122144694992.0,35.961,6.654
Slovakia,2013,SVK,5410422.0,122917618179.0,35.622,6.584
Slovakia,2014,SVK,5415238.0,126232947119.0,33.708,6.225
Slovakia,2015,SVK,5420278.0,132755573802.0,34.528,6.37
Slovakia,2016,SVK,5427262.0,135336424966.0,34.978,6.445
Slovakia,2017,SVK,5435702.0,139312659832.0,36.184,6.657
Slovakia,2018,SVK,5443229.0,144927513498.0,36.184,6.648
Slovakia,2019,SVK,5450627.0,148579167627.0,33.853,6.211
Slovakia,2020,SVK,5455028.0,143565091421.0,31.176,5.715
Slovakia,2021,SVK,5442766.0,147892579134.0,35.251,6.477
Slovakia,2022,SVK,5473195.0,150360426456.0,31.589,5.772
Slovakia,2023,SVK,5518057.0,,30.766,5.576
Slovakia,2024,SVK,5506759.0,,29.091,5.283
Slovenia,1950,SVN,1446362.0,,2.243,1.55
Slovenia,1951,SVN,1462731.0,,2.122,1.451
Slovenia,1952,SVN,1479671.0,5859763593.0,2.131,1.44
Slovenia,1953,SVN,1497562.0,6150274750.0,2.116,1.413
Slovenia,1954,SVN,1515604.0,6976971555.0,2.526,1.667
Slovenia,1955,SVN,1532637.0,7590530115.0,2.894,1.888
Slovenia,1956,SVN,1548767.0,7454742067.0,3.312,2.138
Slovenia,1957,SVN,1564154.0,8327635948.0,3.594,2.298
Slovenia,1958,SVN,1578539.0,9249693847.0,3.54,2.243
Slovenia,1959,SVN,1592118.0,9762128765.0,4.062,2.551
Slovenia,1960,SVN,1605080.0,11161321607.0,4.438,2.765
Slovenia,1961,SVN,1618564.0,12197563388.0,4.657,2.877
Slovenia,1962,SVN,1633084.0,12706436264.0,4.778,2.926
Slovenia,1963,SVN,1647447.0,14149492980.0,5.315,3.226
Slovenia,1964,SVN,1661355.0,15456942867.0,6.024,3.626
Slovenia,1965,SVN,1675321.0,15534678646.0,6.198,3.7
Slovenia,1966,SVN,1689638.0,16367619369.0,6.141,3.634
Slovenia,1967,SVN,1703875.0,16903904637.0,6.203,3.64
Slovenia,1968,SVN,1716931.0,17941241867.0,6.633,3.863
Slovenia,1969,SVN,1728680.0,19626629507.0,6.877,3.978
Slovenia,1970,SVN,1739869.0,21454486592.0,8.992,5.168
Slovenia,1971,SVN,1752715.0,23020567288.0,9.685,5.526
Slovenia,1972,SVN,1768220.0,24178963329.0,9.063,5.125
Slovenia,1973,SVN,1784579.0,25685162173.0,10.827,6.067
Slovenia,1974,SVN,1801032.0,28130480622.0,10.866,6.033
Slovenia,1975,SVN,1817595.0,29627010000.0,11.33,6.234
Slovenia,1976,SVN,1834356.0,30287035389.0,11.684,6.37
Slovenia,1977,SVN,1851329.0,32483957788.0,11.349,6.13
Slovenia,1978,SVN,1868515.0,35212531920.0,12.68,6.786
Slovenia,1979,SVN,1885912.0,37880571501.0,13.79,7.312
Slovenia,1980,SVN,1903075.0,38769783000.0,13.545,7.117
Slovenia,1981,SVN,1914594.0,38493788435.0,14.726,7.692
Slovenia,1982,SVN,1917974.0,38220808857.0,13.51,7.044
Slovenia,1983,SVN,1923360.0,38418329403.0,14.552,7.566
Slovenia,1984,SVN,1932703.0,39160927703.0,15.35,7.942
Slovenia,1985,SVN,1941480.0,39553527254.0,15.658,8.065
Slovenia,1986,SVN,1964833.0,40810429336.0,16.352,8.322
Slovenia,1987,SVN,1988025.0,40573335268.0,15.935,8.016
Slovenia,1988,SVN,1993520.0,39398327815.0,16.515,8.284
Slovenia,1989,SVN,1995463.0,39202217442.0,16.434,8.236
Slovenia,1990,SVN,1998010.0,36026961823.0,15.097,7.556
Slovenia,1991,SVN,1999191.0,32795388629.0,13.977,6.991
Slovenia,1992,SVN,1995862.0,30913203776.0,13.886,6.957
Slovenia,1993,SVN,1990815.0,31743130038.0,14.254,7.16
Slovenia,1994,SVN,1988262.0,33346742100.0,14.639,7.363
Slovenia,1995,SVN,1988098.0,35684022325.0,15.357,7.724
Slovenia,1996,SVN,1986792.0,36825997171.0,16.003,8.054
Slovenia,1997,SVN,1984404.0,38526556210.0,16.513,8.321
Slovenia,1998,SVN,1980071.0,39631442356.0,16.045,8.103
Slovenia,1999,SVN,1981198.0,41542298475.0,15.419,7.782
Slovenia,2000,SVN,1986817.0,43078787444.0,15.06,7.58
Slovenia,2001,SVN,1989684.0,44148368411.0,16.309,8.197
Slovenia,2002,SVN,1991571.0,45659924240.0,16.571,8.321
Slovenia,2003,SVN,1992499.0,46758348275.0,16.278,8.17
Slovenia,2004,SVN,1993548.0,48578174459.0,16.711,8.382
Slovenia,2005,SVN,1996915.0,50309132737.0,16.942,8.484
Slovenia,2006,SVN,2003116.0,52944721543.0,17.184,8.579
Slovenia,2007,SVN,2014159.0,56590130937.0,17.349,8.614
Slovenia,2008,SVN,2025090.0,57981920900.0,18.285,9.029
Slovenia,2009,SVN,2035610.0,53266134006.0,16.209,7.963
Slovenia,2010,SVN,2044611.0,53649775101.0,16.466,8.053
Slovenia,2011,SVN,2048805.0,53761447942.0,16.364,7.987
Slovenia,2012,SVN,2053322.0,52342432631.0,15.765,7.678
Slovenia,2013,SVN,2056452.0,51803647300.0,15.137,7.361
Slovenia,2014,SVN,2058395.0,53237651266.0,13.568,6.592
Slovenia,2015,SVN,2059946.0,54414237086.0,13.659,6.631
Slovenia,2016,SVN,2061379.0,56151179265.0,14.468,7.019
Slovenia,2017,SVN,2062410.0,58855036945.0,14.637,7.097
Slovenia,2018,SVN,2069484.0,61476689663.0,14.563,7.037
Slovenia,2019,SVN,2083438.0,63598215879.0,14.053,6.745
Slovenia,2020,SVN,2102421.0,60849951865.0,12.873,6.123
Slovenia,2021,SVN,2113495.0,65846342756.0,13.076,6.187
Slovenia,2022,SVN,2115231.0,69385349463.0,12.728,6.017
Slovenia,2023,SVN,2118394.0,,12.012,5.67
Slovenia,2024,SVN,2118692.0,,12.751,6.018
Solomon Islands,1950,SLB,108650.0,,,
Solomon Islands,1951,SLB,110972.0,,,
Solomon Islands,1952,SLB,113501.0,,0.004,0.032
Solomon Islands,1953,SLB,116223.0,,0.004,0.032
Solomon Islands,1954,SLB,119126.0,,0.004,0.031
Solomon Islands,1955,SLB,122199.0,,0.011,0.09
Solomon Islands,1956,SLB,125357.0,,0.011,0.088
Solomon Islands,1957,SLB,128689.0,,0.011,0.085
Solomon Islands,1958,SLB,132320.0,,0.011,0.083
Solomon Islands,1959,SLB,136144.0,,0.011,0.081
Solomon Islands,1960,SLB,139698.0,,0.011,0.079
Solomon Islands,1961,SLB,142921.0,,0.015,0.103
Solomon Islands,1962,SLB,146210.0,,0.015,0.1
Solomon Islands,1963,SLB,149607.0,,0.015,0.098
Solomon Islands,1964,SLB,153098.0,,0.018,0.12
Solomon Islands,1965,SLB,156696.0,,0.026,0.164
Solomon Islands,1966,SLB,160403.0,,0.026,0.16
Solomon Islands,1967,SLB,164255.0,,0.033,0.201
Solomon Islands,1968,SLB,168297.0,,0.037,0.218
Solomon Islands,1969,SLB,172488.0,,0.037,0.212
Solomon Islands,1970,SLB,176590.0,,0.04,0.228
Solomon Islands,1971,SLB,180655.0,,0.048,0.264
Solomon Islands,1972,SLB,185005.0,,0.055,0.297
Solomon Islands,1973,SLB,189788.0,,0.066,0.348
Solomon Islands,1974,SLB,195056.0,,0.066,0.338
Solomon Islands,1975,SLB,200759.0,,0.059,0.292
Solomon Islands,1976,SLB,207210.0,,0.062,0.301
Solomon Islands,1977,SLB,214426.0,,0.081,0.376
Solomon Islands,1978,SLB,222040.0,,0.062,0.281
Solomon Islands,1979,SLB,229964.0,,0.11,0.478
Solomon Islands,1980,SLB,238149.0,,0.103,0.431
Solomon Islands,1981,SLB,246569.0,,0.136,0.55
Solomon Islands,1982,SLB,255213.0,,0.121,0.474
Solomon Islands,1983,SLB,264084.0,,0.143,0.541
Solomon Islands,1984,SLB,273176.0,,0.143,0.523
Solomon Islands,1985,SLB,282468.0,,0.15,0.532
Solomon Islands,1986,SLB,291855.0,,0.154,0.527
Solomon Islands,1987,SLB,301426.0,,0.161,0.535
Solomon Islands,1988,SLB,311278.0,,0.154,0.494
Solomon Islands,1989,SLB,321293.0,,0.161,0.502
Solomon Islands,1990,SLB,331448.0,,0.147,0.442
Solomon Islands,1991,SLB,341743.0,,0.154,0.45
Solomon Islands,1992,SLB,352215.0,,0.161,0.458
Solomon Islands,1993,SLB,362850.0,,0.172,0.475
Solomon Islands,1994,SLB,373685.0,,0.183,0.49
Solomon Islands,1995,SLB,384744.0,,0.191,0.495
Solomon Islands,1996,SLB,396017.0,,0.198,0.5
Solomon Islands,1997,SLB,407480.0,,0.205,0.504
Solomon Islands,1998,SLB,419078.0,,0.213,0.507
Solomon Islands,1999,SLB,430511.0,,0.22,0.511
Solomon Islands,2000,SLB,440481.0,,0.227,0.516
Solomon Islands,2001,SLB,449137.0,,0.238,0.53
Solomon Islands,2002,SLB,457676.0,,0.245,0.536
Solomon Islands,2003,SLB,466164.0,,0.256,0.55
Solomon Islands,2004,SLB,474618.0,,0.275,0.579
Solomon Islands,2005,SLB,483090.0,,0.282,0.584
Solomon Islands,2006,SLB,491602.0,,0.293,0.596
Solomon Islands,2007,SLB,500168.0,,0.3,0.601
Solomon Islands,2008,SLB,508802.0,,0.311,0.612
Solomon Islands,2009,SLB,518150.0,,0.322,0.622
Solomon Islands,2010,SLB,532976.0,,0.333,0.626
Solomon Islands,2011,SLB,552958.0,,0.348,0.629
Solomon Islands,2012,SLB,573623.0,,0.344,0.6
Solomon Islands,2013,SLB,594952.0,,0.377,0.634
Solomon Islands,2014,SLB,616915.0,,0.33,0.535
Solomon Islands,2015,SLB,639423.0,,0.297,0.464
Solomon Islands,2016,SLB,662387.0,,0.293,0.443
Solomon Islands,2017,SLB,685677.0,,0.289,0.422
Solomon Islands,2018,SLB,709109.0,,0.293,0.413
Solomon Islands,2019,SLB,728156.0,,0.297,0.408
Solomon Islands,2020,SLB,744505.0,,0.293,0.394
Solomon Islands,2021,SLB,762594.0,,0.289,0.38
Solomon Islands,2022,SLB,781075.0,,0.283,0.362
Solomon Islands,2023,SLB,800014.0,,0.282,0.352
Solomon Islands,2024,SLB,819206.0,,0.295,0.36
Somalia,1950,SOM,2213139.0,,0.048,0.022
Somalia,1951,SOM,2276682.0,,0.048,0.021
Somalia,1952,SOM,2340259.0,,0.048,0.02
Somalia,1953,SOM,2403576.0,,0.048,0.02
Somalia,1954,SOM,2467314.0,,0.048,0.019
Somalia,1955,SOM,2532253.0,,0.066,0.026
Somalia,1956,SOM,2598371.0,,0.07,0.027
Somalia,1957,SOM,2665713.0,,0.073,0.027
Somalia,1958,SOM,2733407.0,,0.084,0.031
Somalia,1959,SOM,2803095.0,,0.088,0.031
Somalia,1960,SOM,2876333.0,,0.084,0.029
Somalia,1961,SOM,2952057.0,,0.088,0.03
Somalia,1962,SOM,3030096.0,,0.106,0.035
Somalia,1963,SOM,3110362.0,,0.103,0.033
Somalia,1964,SOM,3192798.0,,0.136,0.042
Somalia,1965,SOM,3277875.0,,0.132,0.04
Somalia,1966,SOM,3365115.0,,0.139,0.041
Somalia,1967,SOM,3454541.0,,0.227,0.066
Somalia,1968,SOM,3546594.0,,0.154,0.043
Somalia,1969,SOM,3641019.0,,0.161,0.044
Somalia,1970,SOM,3738451.0,,0.216,0.058
Somalia,1971,SOM,3837694.0,,0.187,0.049
Somalia,1972,SOM,3939438.0,,0.234,0.06
Somalia,1973,SOM,4045589.0,,0.264,0.065
Somalia,1974,SOM,4151851.0,,0.33,0.079
Somalia,1975,SOM,4257539.0,,0.502,0.118
Somalia,1976,SOM,4365815.0,,0.48,0.11
Somalia,1977,SOM,4484061.0,,0.799,0.178
Somalia,1978,SOM,4814897.0,,0.557,0.116
Somalia,1979,SOM,5449115.0,,0.487,0.089
Somalia,1980,SOM,5936155.0,,0.813,0.137
Somalia,1981,SOM,5982853.0,,0.275,0.046
Somalia,1982,SOM,6003838.0,,0.718,0.12
Somalia,1983,SOM,6198436.0,,0.934,0.151
Somalia,1984,SOM,6428396.0,,0.714,0.111
Somalia,1985,SOM,6693294.0,,0.857,0.128
Somalia,1986,SOM,6974790.0,,0.923,0.132
Somalia,1987,SOM,7228308.0,,0.993,0.137
Somalia,1988,SOM,7235362.0,,1.004,0.139
Somalia,1989,SOM,7114828.0,,0.952,0.134
Somalia,1990,SOM,7082816.0,,0.782,0.11
Somalia,1991,SOM,6813762.0,,0.708,0.104
Somalia,1992,SOM,6495109.0,,0.666,0.103
Somalia,1993,SOM,6681406.0,,0.626,0.094
Somalia,1994,SOM,7026804.0,,0.618,0.088
Somalia,1995,SOM,7285013.0,,0.585,0.08
Somalia,1996,SOM,7554476.0,,0.575,0.076
Somalia,1997,SOM,7824531.0,,0.535,0.068
Somalia,1998,SOM,8155414.0,,0.506,0.062
Somalia,1999,SOM,8492066.0,,0.487,0.057
Somalia,2000,SOM,8838714.0,,0.509,0.058
Somalia,2001,SOM,9198495.0,,0.542,0.059
Somalia,2002,SOM,9550069.0,,0.575,0.06
Somalia,2003,SOM,9909161.0,,0.605,0.061
Somalia,2004,SOM,10281001.0,,0.627,0.061
Somalia,2005,SOM,10644234.0,,0.649,0.061
Somalia,2006,SOM,10975502.0,,0.671,0.061
Somalia,2007,SOM,11322581.0,,0.692,0.061
Somalia,2008,SOM,11663090.0,,0.722,0.062
Somalia,2009,SOM,11961205.0,,0.744,0.062
Somalia,2010,SOM,12261761.0,,0.777,0.063
Somalia,2011,SOM,12348829.0,,0.81,0.066
Somalia,2012,SOM,12461163.0,,0.832,0.067
Somalia,2013,SOM,12869599.0,,0.857,0.067
Somalia,2014,SOM,13339497.0,,0.887,0.066
Somalia,2015,SOM,13806969.0,,0.923,0.067
Somalia,2016,SOM,14348741.0,,0.956,0.067
Somalia,2017,SOM,14916630.0,,0.993,0.067
Somalia,2018,SOM,15452489.0,,1.033,0.067
Somalia,2019,SOM,16030969.0,,1.07,0.067
Somalia,2020,SOM,16651200.0,,1.14,0.068
Somalia,2021,SOM,17271435.0,,1.154,0.067
Somalia,2022,SOM,17801895.0,,1.271,0.071
Somalia,2023,SOM,18358622.0,,1.296,0.071
Somalia,2024,SOM,19009155.0,,1.319,0.069
South Africa,1950,ZAF,13038501.0,54940788808.0,60.914,4.672
South Africa,1951,ZAF,13309025.0,57515678691.0,65.068,4.889
South Africa,1952,ZAF,13595546.0,59556101831.0,70.832,5.21
South Africa,1953,ZAF,13892917.0,62355161984.0,70.974,5.109
South Africa,1954,ZAF,14203781.0,66022798242.0,73.879,5.201
South Africa,1955,ZAF,14533371.0,69327532574.0,82.929,5.706
South Africa,1956,ZAF,14880686.0,73183059135.0,87.252,5.863
South Africa,1957,ZAF,15244838.0,75976885687.0,89.644,5.88
South Africa,1958,ZAF,15620420.0,77574440458.0,96.253,6.162
South Africa,1959,ZAF,16014970.0,81038575406.0,94.473,5.899
South Africa,1960,ZAF,16440175.0,84418513910.0,97.847,5.952
South Africa,1961,ZAF,16908039.0,88081181865.0,102.12,6.04
South Africa,1962,ZAF,17418522.0,93013177218.0,105.67,6.067
South Africa,1963,ZAF,17954560.0,99827407023.0,109.725,6.111
South Africa,1964,ZAF,18511367.0,106518454681.0,119.546,6.458
South Africa,1965,ZAF,19089382.0,112882727929.0,128.14,6.713
South Africa,1966,ZAF,19690084.0,117778082222.0,128.235,6.513
South Africa,1967,ZAF,20314072.0,125836940632.0,133.76,6.585
South Africa,1968,ZAF,20957287.0,131293356281.0,137.954,6.583
South Africa,1969,ZAF,21614679.0,139369765898.0,143.143,6.622
South Africa,1970,ZAF,22279990.0,146627016250.0,149.622,6.716
South Africa,1971,ZAF,22942145.0,153821285794.0,168.407,7.341
South Africa,1972,ZAF,23609457.0,156779559082.0,171.557,7.266
South Africa,1973,ZAF,24294264.0,163375557705.0,173.352,7.136
South Africa,1974,ZAF,24989109.0,172551365765.0,176.548,7.065
South Africa,1975,ZAF,25690943.0,175749503968.0,185.005,7.201
South Africa,1976,ZAF,26395451.0,180034631886.0,192.909,7.308
South Africa,1977,ZAF,27118951.0,179681537255.0,199.738,7.365
South Africa,1978,ZAF,27869506.0,185013861736.0,201.88,7.244
South Africa,1979,ZAF,28634161.0,192300237476.0,218.671,7.637
South Africa,1980,ZAF,29518857.0,204702612058.0,228.201,7.731
South Africa,1981,ZAF,30541046.0,215434541648.0,257.079,8.417
South Africa,1982,ZAF,31615339.0,214585941884.0,280.437,8.87
South Africa,1983,ZAF,32739308.0,210671519984.0,291.906,8.916
South Africa,1984,ZAF,33892793.0,221387593500.0,315.597,9.312
South Africa,1985,ZAF,35042097.0,218712388593.0,323.865,9.242
South Africa,1986,ZAF,36180519.0,218892223218.0,330.501,9.135
South Africa,1987,ZAF,37326192.0,223307083281.0,328.672,8.805
South Africa,1988,ZAF,38480647.0,232506864492.0,342.662,8.905
South Africa,1989,ZAF,39628574.0,237353627789.0,340.715,8.598
South Africa,1990,ZAF,40746274.0,235128506976.0,312.934,7.68
South Africa,1991,ZAF,41687903.0,237880804016.0,326.03,7.821
South Africa,1992,ZAF,42443510.0,238567245851.0,301.329,7.1
South Africa,1993,ZAF,43297155.0,247203444018.0,320.353,7.399
South Africa,1994,ZAF,44004140.0,261851802567.0,338.701,7.697
South Africa,1995,ZAF,44541557.0,277583803133.0,361.712,8.121
South Africa,1996,ZAF,45123023.0,296908021392.0,363.732,8.061
South Africa,1997,ZAF,45666835.0,311987478453.0,385.215,8.435
South Africa,1998,ZAF,46223888.0,320149741740.0,377.273,8.162
South Africa,1999,ZAF,46730331.0,334638442219.0,374.869,8.022
South Africa,2000,ZAF,47159715.0,356072104365.0,378.333,8.022
South Africa,2001,ZAF,47566805.0,374889022813.0,371.602,7.812
South Africa,2002,ZAF,48019414.0,396137571619.0,356.501,7.424
South Africa,2003,ZAF,48500351.0,413710071358.0,404.406,8.338
South Africa,2004,ZAF,48991420.0,439265862379.0,449.322,9.171
South Africa,2005,ZAF,49490041.0,470188845104.0,416.205,8.41
South Africa,2006,ZAF,49998271.0,505574497707.0,446.744,8.935
South Africa,2007,ZAF,50528575.0,542976204451.0,465.034,9.203
South Africa,2008,ZAF,51114595.0,571660802378.0,494.673,9.678
South Africa,2009,ZAF,51728518.0,574768021657.0,474.512,9.173
South Africa,2010,ZAF,52344047.0,607601612432.0,467.353,8.928
South Africa,2011,ZAF,52995212.0,645388107070.0,474.273,8.949
South Africa,2012,ZAF,53782570.0,660853021773.0,461.438,8.58
South Africa,2013,ZAF,54678789.0,677278303675.0,456.188,8.343
South Africa,2014,ZAF,55594840.0,686853872664.0,481.638,8.663
South Africa,2015,ZAF,56723536.0,695933197143.0,457.473,8.065
South Africa,2016,ZAF,57259550.0,700558003750.0,457.05,7.982
South Africa,2017,ZAF,57635158.0,708670169977.0,440.01,7.634
South Africa,2018,ZAF,58613001.0,719458334697.0,453.766,7.742
South Africa,2019,ZAF,59587880.0,721641639539.0,470.727,7.9
South Africa,2020,ZAF,60562374.0,675871755463.0,435.298,7.188
South Africa,2021,ZAF,61502602.0,709077881289.0,439.464,7.145
South Africa,2022,ZAF,62378417.0,723559323969.0,428.782,6.874
South Africa,2023,ZAF,63212386.0,,436.604,6.907
South Africa,2024,ZAF,64007187.0,,439.831,6.872
South America,1950,,112973206.0,,113.414,1.004
South America,1951,,116032097.0,,131.277,1.132
South America,1952,,119207173.0,,141.469,1.187
South America,1953,,122485445.0,,140.632,1.148
South America,1954,,125865619.0,,151.041,1.2
South America,1955,,129351392.0,,170.066,1.315
South America,1956,,132949203.0,,184.168,1.386
South America,1957,,136660910.0,,192.907,1.412
South America,1958,,140478152.0,,178.736,1.273
South America,1959,,144408289.0,,196.974,1.364
South America,1960,,148441136.0,,199.141,1.342
South America,1961,,152563381.0,,201.759,1.323
South America,1962,,156774169.0,,215.628,1.376
South America,1963,,161065580.0,,219.376,1.362
South America,1964,,165413050.0,,230.142,1.392
South America,1965,,169787372.0,,240.086,1.414
South America,1966,,174174981.0,,251.981,1.447
South America,1967,,178570551.0,,267.318,1.497
South America,1968,,182977284.0,,287.591,1.572
South America,1969,,187410578.0,,311.219,1.661
South America,1970,,191855157.0,,337.805,1.761
South America,1971,,196342426.0,,346.519,1.765
South America,1972,,200916855.0,,362.537,1.805
South America,1973,,205568584.0,,392.646,1.911
South America,1974,,210289337.0,,416.509,1.981
South America,1975,,215072895.0,,411.638,1.914
South America,1976,,219943070.0,,419.311,1.907
South America,1977,,224941182.0,,434.796,1.933
South America,1978,,230064004.0,,462.105,2.009
South America,1979,,235280221.0,,494.345,2.102
South America,1980,,240599668.0,,508.381,2.114
South America,1981,,246004203.0,,489.758,1.991
South America,1982,,251463267.0,,490.925,1.953
South America,1983,,256993747.0,,485.903,1.891
South America,1984,,262567857.0,,491.551,1.873
South America,1985,,268127340.0,,501.907,1.873
South America,1986,,273653738.0,,529.881,1.937
South America,1987,,279159631.0,,557.404,1.997
South America,1988,,284663487.0,,580.438,2.04
South America,1989,,290157633.0,,579.902,1.999
South America,1990,,295639583.0,,598.367,2.025
South America,1991,,301035777.0,,606.069,2.014
South America,1992,,306386108.0,,617.997,2.018
South America,1993,,311712472.0,,652.739,2.095
South America,1994,,316983654.0,,655.626,2.069
South America,1995,,322239766.0,,689.658,2.141
South America,1996,,327454409.0,,719.899,2.199
South America,1997,,332642670.0,,766.825,2.306
South America,1998,,337868219.0,,791.081,2.342
South America,1999,,343039488.0,,812.94,2.371
South America,2000,,348018743.0,,812.035,2.334
South America,2001,,352811861.0,,791.451,2.244
South America,2002,,357458493.0,,819.743,2.294
South America,2003,,361970820.0,,820.544,2.268
South America,2004,,366372166.0,,857.033,2.341
South America,2005,,370696350.0,,881.901,2.38
South America,2006,,374925352.0,,909.778,2.428
South America,2007,,379035651.0,,944.883,2.494
South America,2008,,383025009.0,,988.743,2.583
South America,2009,,386904378.0,,961.341,2.486
South America,2010,,390701117.0,,1072.125,2.746
South America,2011,,394477912.0,,1088.221,2.76
South America,2012,,398255319.0,,1142.114,2.87
South America,2013,,402022546.0,,1205.618,3.001
South America,2014,,405812435.0,,1221.043,3.011
South America,2015,,409619969.0,,1186.978,2.9
South America,2016,,413395039.0,,1142.483,2.765
South America,2017,,417045362.0,,1125.792,2.701
South America,2018,,420440405.0,,1082.037,2.575
South America,2019,,423548291.0,,1094.835,2.587
South America,2020,,426213552.0,,983.97,2.31
South America,2021,,428331419.0,,1110.535,2.594
South America,2022,,430492816.0,,1100.028,2.557
South America,2023,,433024223.0,,1107.388,2.559
South America,2024,,435611337.0,,1109.841,2.55
South America (GCP),1950,,,,113.414,
South America (GCP),1951,,,,131.277,
South America (GCP),1952,,,,141.469,
South America (GCP),1953,,,,140.632,
South America (GCP),1954,,,,151.041,
South America (GCP),1955,,,,170.066,
South America (GCP),1956,,,,184.168,
South America (GCP),1957,,,,192.907,
South America (GCP),1958,,,,178.736,
South America (GCP),1959,,,,196.974,
South America (GCP),1960,,,,199.141,
South America (GCP),1961,,,,201.759,
South America (GCP),1962,,,,215.628,
South America (GCP),1963,,,,219.376,
South America (GCP),1964,,,,230.142,
South America (GCP),1965,,,,240.086,
South America (GCP),1966,,,,251.981,
South America (GCP),1967,,,,267.318,
South America (GCP),1968,,,,287.591,
South America (GCP),1969,,,,311.219,
South America (GCP),1970,,,,337.805,
South America (GCP),1971,,,,346.519,
South America (GCP),1972,,,,362.537,
South America (GCP),1973,,,,392.646,
South America (GCP),1974,,,,416.509,
South America (GCP),1975,,,,411.638,
South America (GCP),1976,,,,419.311,
South America (GCP),1977,,,,434.796,
South America (GCP),1978,,,,462.105,
South America (GCP),1979,,,,494.345,
South America (GCP),1980,,,,508.381,
South America (GCP),1981,,,,489.758,
South America (GCP),1982,,,,490.925,
South America (GCP),1983,,,,485.903,
South America (GCP),1984,,,,491.551,
South America (GCP),1985,,,,501.907,
South America (GCP),1986,,,,529.882,
South America (GCP),1987,,,,557.404,
South America (GCP),1988,,,,580.438,
South America (GCP),1989,,,,579.902,
South America (GCP),1990,,,,598.367,
South America (GCP),1991,,,,606.069,
South America (GCP),1992,,,,617.997,
South America (GCP),1993,,,,652.739,
South America (GCP),1994,,,,655.626,
South America (GCP),1995,,,,689.658,
South America (GCP),1996,,,,719.899,
South America (GCP),1997,,,,766.825,
South America (GCP),1998,,,,791.081,
South America (GCP),1999,,,,812.94,
South America (GCP),2000,,,,812.035,
South America (GCP),2001,,,,791.451,
South America (GCP),2002,,,,819.743,
South America (GCP),2003,,,,820.544,
South America (GCP),2004,,,,857.033,
South America (GCP),2005,,,,881.901,
South America (GCP),2006,,,,909.778,
South America (GCP),2007,,,,944.883,
South America (GCP),2008,,,,988.743,
South America (GCP),2009,,,,961.342,
South America (GCP),2010,,,,1072.125,
South America (GCP),2011,,,,1088.221,
South America (GCP),2012,,,,1142.114,
South America (GCP),2013,,,,1205.618,
South America (GCP),2014,,,,1221.043,
South America (GCP),2015,,,,1186.978,
South America (GCP),2016,,,,1142.484,
South America (GCP),2017,,,,1125.792,
South America (GCP),2018,,,,1082.037,
South America (GCP),2019,,,,1094.835,
South America (GCP),2020,,,,983.969,
South America (GCP),2021,,,,1110.535,
South America (GCP),2022,,,,1100.028,
South America (GCP),2023,,,,1107.388,
South America (GCP),2024,,,,1109.841,
South Korea,1950,KOR,19757319.0,20805929901.0,2.184,0.111
South Korea,1951,KOR,19868990.0,20683502632.0,2.924,0.147
South Korea,1952,KOR,20229880.0,21744437162.0,3.462,0.171
South Korea,1953,KOR,20775325.0,27730125358.0,4.693,0.226
South Korea,1954,KOR,21415578.0,29181574866.0,5.159,0.241
South Korea,1955,KOR,22125104.0,30416827835.0,6.445,0.291
South Korea,1956,KOR,22874441.0,30446778608.0,7.555,0.33
South Korea,1957,KOR,23660791.0,33165895202.0,8.214,0.347
South Korea,1958,KOR,24473927.0,35296297333.0,9.009,0.368
South Korea,1959,KOR,25298234.0,37308379496.0,11.221,0.444
South Korea,1960,KOR,26115388.0,38358210532.0,12.54,0.48
South Korea,1961,KOR,26852962.0,41131905930.0,14.449,0.538
South Korea,1962,KOR,27509235.0,42813845675.0,17.262,0.627
South Korea,1963,KOR,28145547.0,46825888974.0,21.083,0.749
South Korea,1964,KOR,28744980.0,51350018285.0,22.195,0.772
South Korea,1965,KOR,29284343.0,55039780635.0,24.978,0.853
South Korea,1966,KOR,29845941.0,61635685385.0,29.982,1.005
South Korea,1967,KOR,30495725.0,67254003008.0,35.113,1.151
South Korea,1968,KOR,31175295.0,76123098569.0,37.197,1.193
South Korea,1969,KOR,31852769.0,87192452335.0,42.468,1.333
South Korea,1970,KOR,32542203.0,95910764514.0,53.716,1.651
South Korea,1971,KOR,33239859.0,105938324574.0,58.534,1.761
South Korea,1972,KOR,33936470.0,113511275390.0,60.247,1.775
South Korea,1973,KOR,34625848.0,130228569897.0,72.975,2.108
South Korea,1974,KOR,35287834.0,142674373406.0,75.551,2.141
South Korea,1975,KOR,35875741.0,153895963178.0,81.666,2.276
South Korea,1976,KOR,36379928.0,174134041318.0,93.105,2.559
South Korea,1977,KOR,36843638.0,195580975773.0,105.46,2.862
South Korea,1978,KOR,37281935.0,216801646970.0,113.119,3.034
South Korea,1979,KOR,37710898.0,235183773774.0,132.874,3.523
South Korea,1980,KOR,38141109.0,231185462449.0,134.524,3.527
South Korea,1981,KOR,38689192.0,247782710146.0,139.59,3.608
South Korea,1982,KOR,39356159.0,268261329690.0,140.782,3.577
South Korea,1983,KOR,40000945.0,303784318906.0,149.134,3.728
South Korea,1984,KOR,40598302.0,335511970720.0,160.7,3.958
South Korea,1985,KOR,41148956.0,361514859257.0,168.758,4.101
South Korea,1986,KOR,41718508.0,402092236089.0,176.297,4.226
South Korea,1987,KOR,42322092.0,452221973191.0,185.358,4.38
South Korea,1988,KOR,42922980.0,506050941429.0,210.953,4.915
South Korea,1989,KOR,43524765.0,541627559504.0,223.51,5.135
South Korea,1990,KOR,44081425.0,594764506000.0,250.511,5.683
South Korea,1991,KOR,44439146.0,651871510125.0,275.688,6.204
South Korea,1992,KOR,44653699.0,687368661445.0,299.905,6.716
South Korea,1993,KOR,44887721.0,729369247675.0,330.174,7.356
South Korea,1994,KOR,45130842.0,791073852664.0,355.695,7.881
South Korea,1995,KOR,45368425.0,860793752056.0,383.665,8.457
South Korea,1996,KOR,45638701.0,919812618896.0,420.996,9.225
South Korea,1997,KOR,45941541.0,967604910890.0,444.968,9.686
South Korea,1998,KOR,46230885.0,908368091121.0,378.038,8.177
South Korea,1999,KOR,46500382.0,1004162502333.0,410.519,8.828
South Korea,2000,KOR,46766660.0,1086261690312.0,439.981,9.408
South Korea,2001,KOR,47043467.0,1127616204375.0,455.631,9.685
South Korea,2002,KOR,47299118.0,1203066586464.0,476.065,10.065
South Korea,2003,KOR,47514158.0,1229830453921.0,485.213,10.212
South Korea,2004,KOR,47697076.0,1281243847324.0,491.389,10.302
South Korea,2005,KOR,47851646.0,1322354601142.0,498.688,10.422
South Korea,2006,KOR,48006518.0,1381281470156.0,503.478,10.488
South Korea,2007,KOR,48178122.0,1446721509093.0,521.709,10.829
South Korea,2008,KOR,48356485.0,1477425172333.0,532.651,11.015
South Korea,2009,KOR,48546690.0,1477640571750.0,537.82,11.078
South Korea,2010,KOR,48769329.0,1562822824921.0,594.339,12.187
South Korea,2011,KOR,49127640.0,1609219825000.0,623.443,12.69
South Korea,2012,KOR,49599580.0,1647889319531.0,627.943,12.66
South Korea,2013,KOR,50071168.0,1700045113031.0,634.581,12.674
South Korea,2014,KOR,50539055.0,1754480590300.0,629.366,12.453
South Korea,2015,KOR,50983909.0,1803763858886.0,634.177,12.439
South Korea,2016,KOR,51297836.0,1856920794289.0,637.914,12.435
South Korea,2017,KOR,51486268.0,1915599559593.0,654.537,12.713
South Korea,2018,KOR,51640894.0,1971285914824.0,670.169,12.977
South Korea,2019,KOR,51767844.0,2015521635585.0,646.102,12.481
South Korea,2020,KOR,51858481.0,2001231642062.0,597.634,11.524
South Korea,2021,KOR,51848401.0,2084182684453.0,616.075,11.882
South Korea,2022,KOR,51782515.0,2137558645699.0,606.877,11.72
South Korea,2023,KOR,51748744.0,,589.178,11.385
South Korea,2024,KOR,51717587.0,,583.679,11.286
South Sudan,1950,SSD,2493286.0,,0.044,0.018
South Sudan,1951,SSD,2529620.0,,0.058,0.023
South Sudan,1952,SSD,2569208.0,,0.061,0.024
South Sudan,1953,SSD,2611735.0,,0.067,0.026
South Sudan,1954,SSD,2657098.0,,0.066,0.025
South Sudan,1955,SSD,2705090.0,,0.075,0.028
South Sudan,1956,SSD,2754597.0,,0.072,0.026
South Sudan,1957,SSD,2804099.0,,0.093,0.033
South Sudan,1958,SSD,2848361.0,,0.104,0.036
South Sudan,1959,SSD,2888781.0,,0.11,0.038
South Sudan,1960,SSD,2931567.0,,0.109,0.037
South Sudan,1961,SSD,2976728.0,,0.112,0.037
South Sudan,1962,SSD,3024304.0,,0.119,0.04
South Sudan,1963,SSD,3072675.0,,0.135,0.044
South Sudan,1964,SSD,3129915.0,,0.15,0.048
South Sudan,1965,SSD,3189833.0,,0.195,0.061
South Sudan,1966,SSD,3236423.0,,0.213,0.066
South Sudan,1967,SSD,3277648.0,,0.256,0.078
South Sudan,1968,SSD,3321528.0,,0.25,0.075
South Sudan,1969,SSD,3365534.0,,0.337,0.1
South Sudan,1970,SSD,3409620.0,,0.391,0.115
South Sudan,1971,SSD,3468646.0,,0.401,0.116
South Sudan,1972,SSD,3542492.0,,0.433,0.122
South Sudan,1973,SSD,3627387.0,,0.437,0.12
South Sudan,1974,SSD,3723264.0,,0.457,0.123
South Sudan,1975,SSD,3821494.0,,0.341,0.089
South Sudan,1976,SSD,3921912.0,,0.302,0.077
South Sudan,1977,SSD,4024037.0,,0.306,0.076
South Sudan,1978,SSD,4127666.0,,0.277,0.067
South Sudan,1979,SSD,4232613.0,,0.287,0.068
South Sudan,1980,SSD,4339041.0,,0.301,0.069
South Sudan,1981,SSD,4447275.0,,0.293,0.066
South Sudan,1982,SSD,4557690.0,,0.308,0.068
South Sudan,1983,SSD,4661577.0,,0.314,0.067
South Sudan,1984,SSD,4750626.0,,0.282,0.059
South Sudan,1985,SSD,4834296.0,,0.328,0.068
South Sudan,1986,SSD,4921245.0,,0.342,0.069
South Sudan,1987,SSD,4962397.0,,0.27,0.054
South Sudan,1988,SSD,4848029.0,,0.39,0.08
South Sudan,1989,SSD,4713234.0,,0.302,0.064
South Sudan,1990,SSD,4737637.0,,0.419,0.089
South Sudan,1991,SSD,4836686.0,,0.393,0.081
South Sudan,1992,SSD,4909746.0,,0.351,0.072
South Sudan,1993,SSD,4956006.0,,0.242,0.049
South Sudan,1994,SSD,5071191.0,,0.333,0.066
South Sudan,1995,SSD,5225840.0,,0.344,0.066
South Sudan,1996,SSD,5356925.0,,0.355,0.066
South Sudan,1997,SSD,5509142.0,,0.435,0.079
South Sudan,1998,SSD,5620077.0,,0.377,0.067
South Sudan,1999,SSD,5771632.0,,0.409,0.071
South Sudan,2000,SSD,6032274.0,,0.445,0.074
South Sudan,2001,SSD,6308399.0,,0.511,0.081
South Sudan,2002,SSD,6596810.0,,0.652,0.099
South Sudan,2003,SSD,6903129.0,,0.728,0.106
South Sudan,2004,SSD,7233040.0,,0.92,0.127
South Sudan,2005,SSD,7590147.0,,0.882,0.116
South Sudan,2006,SSD,7976532.0,,0.965,0.121
South Sudan,2007,SSD,8388785.0,,1.134,0.135
South Sudan,2008,SSD,8817645.0,,1.198,0.136
South Sudan,2009,SSD,9243560.0,,1.248,0.135
South Sudan,2010,SSD,9745955.0,,1.27,0.13
South Sudan,2011,SSD,10288112.0,,1.239,0.12
South Sudan,2012,SSD,10756245.0,,1.33,0.124
South Sudan,2013,SSD,11166280.0,,1.444,0.129
South Sudan,2014,SSD,11235071.0,,1.499,0.133
South Sudan,2015,SSD,11107569.0,,1.913,0.172
South Sudan,2016,SSD,10830108.0,,1.704,0.157
South Sudan,2017,SSD,10259150.0,,1.455,0.142
South Sudan,2018,SSD,10122983.0,,1.737,0.172
South Sudan,2019,SSD,10423382.0,,1.77,0.17
South Sudan,2020,SSD,10698471.0,,1.707,0.16
South Sudan,2021,SSD,10865786.0,,1.74,0.16
South Sudan,2022,SSD,11021175.0,,1.634,0.148
South Sudan,2023,SSD,11483370.0,,1.666,0.145
South Sudan,2024,SSD,11943410.0,,1.696,0.142
Spain,1950,ESP,28077048.0,97082141549.0,33.014,1.176
Spain,1951,ESP,28214862.0,107135111220.0,33.06,1.172
Spain,1952,ESP,28406044.0,117037316826.0,37.555,1.322
Spain,1953,ESP,28632701.0,116997111488.0,38.902,1.359
Spain,1954,ESP,28857828.0,125599455878.0,39.695,1.376
Spain,1955,ESP,29089774.0,130079580171.0,40.257,1.384
Spain,1956,ESP,29323672.0,140913923135.0,42.322,1.443
Spain,1957,ESP,29569970.0,146029599456.0,50.213,1.698
Spain,1958,ESP,29849658.0,155616207735.0,55.865,1.872
Spain,1959,ESP,30140710.0,154272947975.0,52.075,1.728
Spain,1960,ESP,30404938.0,154173169672.0,48.862,1.607
Spain,1961,ESP,30699568.0,172488155832.0,53.603,1.746
Spain,1962,ESP,31040106.0,189313561311.0,59.976,1.932
Spain,1963,ESP,31379831.0,208429230710.0,58.743,1.872
Spain,1964,ESP,31741586.0,220233702851.0,64.324,2.026
Spain,1965,ESP,32110669.0,237809915205.0,71.02,2.212
Spain,1966,ESP,32465887.0,255489515626.0,77.617,2.391
Spain,1967,ESP,32820751.0,269604632207.0,86.394,2.632
Spain,1968,ESP,33170121.0,285820787266.0,97.006,2.925
Spain,1969,ESP,33496941.0,312133393248.0,96.729,2.888
Spain,1970,ESP,33812720.0,321926142779.0,116.766,3.453
Spain,1971,ESP,34157447.0,338048103046.0,128.459,3.761
Spain,1972,ESP,34539861.0,372317354924.0,144.716,4.19
Spain,1973,ESP,34926521.0,405140617462.0,154.957,4.437
Spain,1974,ESP,35361763.0,435579697892.0,172.666,4.883
Spain,1975,ESP,35795771.0,448574399290.0,181.054,5.058
Spain,1976,ESP,36176273.0,469577519262.0,197.749,5.466
Spain,1977,ESP,36551267.0,485921786936.0,194.829,5.33
Spain,1978,ESP,36904970.0,500155434996.0,199.514,5.406
Spain,1979,ESP,37230370.0,508825301220.0,202.747,5.446
Spain,1980,ESP,37537560.0,525059508554.0,213.915,5.699
Spain,1981,ESP,37812708.0,524559247712.0,206.1,5.451
Spain,1982,ESP,38047097.0,533517521466.0,208.595,5.483
Spain,1983,ESP,38253247.0,543778554928.0,203.446,5.318
Spain,1984,ESP,38437483.0,549100119120.0,197.708,5.144
Spain,1985,ESP,38601315.0,566345396304.0,199.943,5.18
Spain,1986,ESP,38735706.0,590018500094.0,189.124,4.882
Spain,1987,ESP,38852007.0,632708985294.0,189.515,4.878
Spain,1988,ESP,38952258.0,674675657635.0,197.462,5.069
Spain,1989,ESP,39029557.0,719992436668.0,224.893,5.762
Spain,1990,ESP,39084975.0,756125036542.0,229.383,5.869
Spain,1991,ESP,39201750.0,786757895205.0,239.291,6.104
Spain,1992,ESP,39420344.0,803260934603.0,247.687,6.283
Spain,1993,ESP,39651627.0,794221319057.0,239.099,6.03
Spain,1994,ESP,39858721.0,820138301435.0,251.388,6.307
Spain,1995,ESP,40052733.0,855020227557.0,265.069,6.618
Spain,1996,ESP,40237375.0,885027554238.0,252.562,6.277
Spain,1997,ESP,40423823.0,925901360531.0,264.899,6.553
Spain,1998,ESP,40617436.0,976805803240.0,273.65,6.737
Spain,1999,ESP,40812855.0,1031651264612.0,297.025,7.278
Spain,2000,ESP,41019772.0,1094998702299.0,309.26,7.539
Spain,2001,ESP,41245602.0,1147959133197.0,311.031,7.541
Spain,2002,ESP,41755703.0,1191323484900.0,331.028,7.928
Spain,2003,ESP,42506540.0,1239651963472.0,335.539,7.894
Spain,2004,ESP,43234562.0,1289831715789.0,352.139,8.145
Spain,2005,ESP,43958883.0,1348839731490.0,367.447,8.359
Spain,2006,ESP,44695446.0,1415738502534.0,358.869,8.029
Spain,2007,ESP,45516501.0,1481143208580.0,366.469,8.051
Spain,2008,ESP,46235055.0,1510615290401.0,335.284,7.252
Spain,2009,ESP,46635182.0,1468765814163.0,296.159,6.351
Spain,2010,ESP,46840469.0,1480376411582.0,282.585,6.033
Spain,2011,ESP,46998040.0,1477187548437.0,283.275,6.027
Spain,2012,ESP,47018323.0,1433478645419.0,277.432,5.901
Spain,2013,ESP,46860394.0,1413362053623.0,252.109,5.38
Spain,2014,ESP,46720187.0,1433089409797.0,253.658,5.429
Spain,2015,ESP,46683683.0,1488098863146.0,270.248,5.789
Spain,2016,ESP,46732768.0,1533303930046.0,259.555,5.554
Spain,2017,ESP,46868594.0,1578931492849.0,273.484,5.835
Spain,2018,ESP,47092817.0,1615001473949.0,268.521,5.702
Spain,2019,ESP,47435121.0,1647042667976.0,250.674,5.285
Spain,2020,ESP,47679482.0,1460507935923.0,211.765,4.441
Spain,2021,ESP,47735670.0,1541121952313.0,228.806,4.793
Spain,2022,ESP,47828386.0,1625139888517.0,234.223,4.897
Spain,2023,ESP,47911583.0,,215.461,4.497
Spain,2024,ESP,47910533.0,,220.341,4.599
Sri Lanka,1950,LKA,7811051.0,15043595044.0,1.627,0.208
Sri Lanka,1951,LKA,7956333.0,15983182806.0,1.546,0.194
Sri Lanka,1952,LKA,8111562.0,16718630550.0,1.938,0.239
Sri Lanka,1953,LKA,8275136.0,17044012473.0,2.066,0.25
Sri Lanka,1954,LKA,8445937.0,17496871279.0,1.784,0.211
Sri Lanka,1955,LKA,8623328.0,18526443681.0,1.663,0.193
Sri Lanka,1956,LKA,8807222.0,18645467419.0,1.418,0.161
Sri Lanka,1957,LKA,9001000.0,18914553823.0,2.319,0.258
Sri Lanka,1958,LKA,9208815.0,19470207677.0,1.949,0.212
Sri Lanka,1959,LKA,9430157.0,19741876000.0,2.055,0.218
Sri Lanka,1960,LKA,9661384.0,20461441828.0,2.257,0.234
Sri Lanka,1961,LKA,9899372.0,20890709179.0,2.334,0.236
Sri Lanka,1962,LKA,10143750.0,21631954347.0,2.561,0.252
Sri Lanka,1963,LKA,10395039.0,22093112343.0,2.532,0.244
Sri Lanka,1964,LKA,10653403.0,23134776507.0,2.271,0.213
Sri Lanka,1965,LKA,10916965.0,23850109236.0,2.656,0.243
Sri Lanka,1966,LKA,11183925.0,23609038517.0,2.66,0.238
Sri Lanka,1967,LKA,11457329.0,25750589906.0,2.945,0.257
Sri Lanka,1968,LKA,11736084.0,27687379343.0,3.238,0.276
Sri Lanka,1969,LKA,12013864.0,28778195249.0,4.315,0.359
Sri Lanka,1970,LKA,12287113.0,30146121426.0,3.593,0.292
Sri Lanka,1971,LKA,12551910.0,29882786255.0,3.19,0.254
Sri Lanka,1972,LKA,12809207.0,30521861436.0,3.532,0.276
Sri Lanka,1973,LKA,13060920.0,31750252496.0,3.674,0.281
Sri Lanka,1974,LKA,13305697.0,32792925445.0,2.914,0.219
Sri Lanka,1975,LKA,13548989.0,33538556636.0,2.878,0.212
Sri Lanka,1976,LKA,13796776.0,34528294281.0,2.781,0.202
Sri Lanka,1977,LKA,14049365.0,36792483841.0,2.896,0.206
Sri Lanka,1978,LKA,14310127.0,39092870777.0,3.409,0.238
Sri Lanka,1979,LKA,14579616.0,41652559853.0,3.78,0.259
Sri Lanka,1980,LKA,14847972.0,43918263692.0,3.36,0.226
Sri Lanka,1981,LKA,15099417.0,46696932702.0,3.972,0.263
Sri Lanka,1982,LKA,15286571.0,49078292799.0,4.432,0.29
Sri Lanka,1983,LKA,15388795.0,51583627917.0,4.826,0.314
Sri Lanka,1984,LKA,15441858.0,54113817852.0,3.823,0.248
Sri Lanka,1985,LKA,15544152.0,56399376464.0,3.88,0.25
Sri Lanka,1986,LKA,15731253.0,59240607148.0,3.623,0.23
Sri Lanka,1987,LKA,15916578.0,59820583691.0,3.988,0.251
Sri Lanka,1988,LKA,16078624.0,61408882828.0,3.43,0.213
Sri Lanka,1989,LKA,16248560.0,63032211246.0,3.42,0.21
Sri Lanka,1990,LKA,16352460.0,67098669421.0,3.802,0.233
Sri Lanka,1991,LKA,16475354.0,73808548639.0,4.107,0.249
Sri Lanka,1992,LKA,16739297.0,71237383826.0,5.036,0.301
Sri Lanka,1993,LKA,17025924.0,76317434648.0,4.912,0.289
Sri Lanka,1994,LKA,17275777.0,82083780545.0,5.342,0.309
Sri Lanka,1995,LKA,17564065.0,86882842988.0,5.717,0.325
Sri Lanka,1996,LKA,17905020.0,96972233018.0,6.863,0.383
Sri Lanka,1997,LKA,18248205.0,106468157343.0,7.401,0.406
Sri Lanka,1998,LKA,18596006.0,104039873858.0,7.621,0.41
Sri Lanka,1999,LKA,18944734.0,106224336044.0,8.381,0.442
Sri Lanka,2000,LKA,19293056.0,114541758869.0,9.99,0.518
Sri Lanka,2001,LKA,19600361.0,111509565283.0,10.158,0.518
Sri Lanka,2002,LKA,19805750.0,114770992462.0,10.787,0.545
Sri Lanka,2003,LKA,19951521.0,121043287225.0,10.761,0.539
Sri Lanka,2004,LKA,20087608.0,127113013921.0,11.908,0.593
Sri Lanka,2005,LKA,20216531.0,134388316813.0,11.67,0.577
Sri Lanka,2006,LKA,20352416.0,144414690368.0,11.503,0.565
Sri Lanka,2007,LKA,20492546.0,153829219297.0,11.844,0.578
Sri Lanka,2008,LKA,20629377.0,162474916511.0,11.648,0.565
Sri Lanka,2009,LKA,20756438.0,167647716585.0,12.572,0.606
Sri Lanka,2010,LKA,20879092.0,180642805306.0,12.697,0.608
Sri Lanka,2011,LKA,21009054.0,195461606183.0,14.476,0.689
Sri Lanka,2012,LKA,21169461.0,212333854625.0,15.389,0.727
Sri Lanka,2013,LKA,21358829.0,220937614421.0,14.143,0.662
Sri Lanka,2014,LKA,21547454.0,235029015924.0,17.076,0.792
Sri Lanka,2015,LKA,21729975.0,244914328998.0,19.179,0.883
Sri Lanka,2016,LKA,21910763.0,257292293131.0,22.339,1.02
Sri Lanka,2017,LKA,22087525.0,273915973018.0,22.168,1.004
Sri Lanka,2018,LKA,22253116.0,280243422762.0,20.137,0.905
Sri Lanka,2019,LKA,22410552.0,279626891521.0,21.106,0.942
Sri Lanka,2020,LKA,22561808.0,269918239631.0,20.412,0.905
Sri Lanka,2021,LKA,22700377.0,278898406287.0,20.823,0.917
Sri Lanka,2022,LKA,22834965.0,254748598293.0,18.377,0.805
Sri Lanka,2023,LKA,22971615.0,,19.166,0.834
Sri Lanka,2024,LKA,23103561.0,,20.826,0.901
Sudan,1950,SDN,6189915.0,,0.505,0.082
Sudan,1951,SDN,6376064.0,,0.664,0.104
Sudan,1952,SDN,6568611.0,,0.697,0.106
Sudan,1953,SDN,6765905.0,,0.765,0.113
Sudan,1954,SDN,6969640.0,,0.751,0.108
Sudan,1955,SDN,7181691.0,,0.852,0.119
Sudan,1956,SDN,7401596.0,,0.825,0.111
Sudan,1957,SDN,7629457.0,,1.061,0.139
Sudan,1958,SDN,7863036.0,,1.186,0.151
Sudan,1959,SDN,8106484.0,,1.256,0.155
Sudan,1960,SDN,8364491.0,,1.25,0.149
Sudan,1961,SDN,8634940.0,,1.273,0.147
Sudan,1962,SDN,8919031.0,,1.364,0.153
Sudan,1963,SDN,9218078.0,,1.543,0.167
Sudan,1964,SDN,9531108.0,,1.708,0.179
Sudan,1965,SDN,9858033.0,,2.23,0.226
Sudan,1966,SDN,10197582.0,,2.429,0.238
Sudan,1967,SDN,10550600.0,,2.927,0.277
Sudan,1968,SDN,10918006.0,,2.853,0.261
Sudan,1969,SDN,11298939.0,,3.844,0.34
Sudan,1970,SDN,11695768.0,,4.46,0.381
Sudan,1971,SDN,12105542.0,,4.578,0.378
Sudan,1972,SDN,12527859.0,,4.942,0.394
Sudan,1973,SDN,13049322.0,,4.986,0.382
Sudan,1974,SDN,13580729.0,,5.221,0.384
Sudan,1975,SDN,14064803.0,,3.894,0.277
Sudan,1976,SDN,14569724.0,,3.449,0.237
Sudan,1977,SDN,15086623.0,,3.495,0.232
Sudan,1978,SDN,15695004.0,,3.156,0.201
Sudan,1979,SDN,16355353.0,,3.277,0.2
Sudan,1980,SDN,17058908.0,,3.437,0.202
Sudan,1981,SDN,17780576.0,,3.34,0.188
Sudan,1982,SDN,18486645.0,,3.51,0.19
Sudan,1983,SDN,19109775.0,,3.582,0.187
Sudan,1984,SDN,19546531.0,,3.211,0.164
Sudan,1985,SDN,19905872.0,,3.732,0.187
Sudan,1986,SDN,20288246.0,,3.895,0.192
Sudan,1987,SDN,20704903.0,,3.07,0.148
Sudan,1988,SDN,21138430.0,,4.443,0.21
Sudan,1989,SDN,21578027.0,,3.441,0.159
Sudan,1990,SDN,22021484.0,,4.783,0.217
Sudan,1991,SDN,22470676.0,,4.48,0.199
Sudan,1992,SDN,22927356.0,,4.001,0.175
Sudan,1993,SDN,23445599.0,,2.755,0.117
Sudan,1994,SDN,24043951.0,,3.838,0.16
Sudan,1995,SDN,24672144.0,,3.963,0.161
Sudan,1996,SDN,25231534.0,,4.096,0.162
Sudan,1997,SDN,25799826.0,,5.023,0.195
Sudan,1998,SDN,26458999.0,,4.372,0.165
Sudan,1999,SDN,27130619.0,,4.753,0.175
Sudan,2000,SDN,27816748.0,,5.292,0.19
Sudan,2001,SDN,28516774.0,,6.018,0.211
Sudan,2002,SDN,29228728.0,,7.634,0.261
Sudan,2003,SDN,29896038.0,,8.515,0.285
Sudan,2004,SDN,30556641.0,,10.866,0.356
Sudan,2005,SDN,31262447.0,,10.558,0.338
Sudan,2006,SDN,31992438.0,,11.545,0.361
Sudan,2007,SDN,32764139.0,,13.564,0.414
Sudan,2008,SDN,33623980.0,,14.179,0.422
Sudan,2009,SDN,34569114.0,,14.805,0.428
Sudan,2010,SDN,35414403.0,,15.07,0.426
Sudan,2011,SDN,36140808.0,,14.711,0.407
Sudan,2012,SDN,36923175.0,,15.763,0.427
Sudan,2013,SDN,37785852.0,,17.374,0.46
Sudan,2014,SDN,38823324.0,,13.095,0.337
Sudan,2015,SDN,40024433.0,,14.247,0.356
Sudan,2016,SDN,41259892.0,,19.737,0.478
Sudan,2017,SDN,42714311.0,,20.306,0.475
Sudan,2018,SDN,44230597.0,,20.516,0.464
Sudan,2019,SDN,45548179.0,,22.007,0.483
Sudan,2020,SDN,46789237.0,,19.8,0.423
Sudan,2021,SDN,48066930.0,,19.208,0.4
Sudan,2022,SDN,49383344.0,,17.529,0.355
Sudan,2023,SDN,50042800.0,,17.716,0.354
Sudan,2024,SDN,50448960.0,,17.795,0.353
Suriname,1950,SUR,195575.0,,0.213,1.087
Suriname,1951,SUR,200519.0,,0.234,1.169
Suriname,1952,SUR,206364.0,,0.267,1.296
Suriname,1953,SUR,212372.0,,0.311,1.466
Suriname,1954,SUR,218641.0,,0.337,1.542
Suriname,1955,SUR,225202.0,,0.311,1.383
Suriname,1956,SUR,232155.0,,0.341,1.468
Suriname,1957,SUR,239491.0,,0.374,1.561
Suriname,1958,SUR,247245.0,,0.319,1.289
Suriname,1959,SUR,255395.0,,0.366,1.435
Suriname,1960,SUR,263935.0,,0.432,1.638
Suriname,1961,SUR,272796.0,,0.429,1.571
Suriname,1962,SUR,283917.0,,0.495,1.742
Suriname,1963,SUR,297042.0,,0.531,1.789
Suriname,1964,SUR,309046.0,,0.605,1.956
Suriname,1965,SUR,320010.0,,0.795,2.485
Suriname,1966,SUR,331136.0,,1.096,3.308
Suriname,1967,SUR,342687.0,,1.334,3.892
Suriname,1968,SUR,354621.0,,1.451,4.092
Suriname,1969,SUR,366916.0,,1.521,4.144
Suriname,1970,SUR,379451.0,,1.608,4.239
Suriname,1971,SUR,391940.0,,1.715,4.375
Suriname,1972,SUR,397420.0,,1.744,4.388
Suriname,1973,SUR,395776.0,,2.107,5.323
Suriname,1974,SUR,393690.0,,1.601,4.067
Suriname,1975,SUR,391182.0,,2.019,5.161
Suriname,1976,SUR,388296.0,,1.997,5.142
Suriname,1977,SUR,385073.0,,1.898,4.928
Suriname,1978,SUR,381512.0,,2.392,6.27
Suriname,1979,SUR,377607.0,,2.293,6.073
Suriname,1980,SUR,375393.0,,2.37,6.313
Suriname,1981,SUR,375472.0,,2.029,5.404
Suriname,1982,SUR,376566.0,,1.871,4.969
Suriname,1983,SUR,378762.0,,1.373,3.624
Suriname,1984,SUR,382202.0,,1.553,4.062
Suriname,1985,SUR,386982.0,,1.597,4.126
Suriname,1986,SUR,392344.0,,1.758,4.48
Suriname,1987,SUR,396921.0,,1.758,4.428
Suriname,1988,SUR,402231.0,,1.875,4.661
Suriname,1989,SUR,408415.0,,1.853,4.536
Suriname,1990,SUR,412500.0,,1.738,4.214
Suriname,1991,SUR,415021.0,,2.024,4.877
Suriname,1992,SUR,417602.0,,2.031,4.864
Suriname,1993,SUR,419357.0,,2.039,4.861
Suriname,1994,SUR,422382.0,,2.043,4.837
Suriname,1995,SUR,429611.0,,2.061,4.798
Suriname,1996,SUR,438834.0,,2.083,4.747
Suriname,1997,SUR,448068.0,,2.105,4.698
Suriname,1998,SUR,457413.0,,2.105,4.602
Suriname,1999,SUR,466925.0,,2.123,4.547
Suriname,2000,SUR,476647.0,,2.193,4.601
Suriname,2001,SUR,486566.0,,2.363,4.857
Suriname,2002,SUR,496566.0,,1.561,3.143
Suriname,2003,SUR,506421.0,,1.539,3.038
Suriname,2004,SUR,513928.0,,1.553,3.022
Suriname,2005,SUR,519321.0,,1.586,3.054
Suriname,2006,SUR,525003.0,,1.74,3.314
Suriname,2007,SUR,531026.0,,1.758,3.311
Suriname,2008,SUR,537252.0,,1.941,3.613
Suriname,2009,SUR,543580.0,,1.989,3.659
Suriname,2010,SUR,549931.0,,2.375,4.319
Suriname,2011,SUR,556279.0,,2.758,4.958
Suriname,2012,SUR,562640.0,,2.494,4.432
Suriname,2013,SUR,569024.0,,3.151,5.538
Suriname,2014,SUR,575380.0,,3.201,5.563
Suriname,2015,SUR,581634.0,,2.714,4.666
Suriname,2016,SUR,587765.0,,2.914,4.957
Suriname,2017,SUR,593720.0,,2.43,4.093
Suriname,2018,SUR,599519.0,,2.093,3.491
Suriname,2019,SUR,605779.0,,2.632,4.345
Suriname,2020,SUR,612320.0,,2.922,4.772
Suriname,2021,SUR,617905.0,,2.647,4.284
Suriname,2022,SUR,623172.0,,2.828,4.537
Suriname,2023,SUR,628892.0,,2.869,4.561
Suriname,2024,SUR,634438.0,,2.988,4.709
Sweden,1950,SWE,7016565.0,75344388000.0,28.659,4.084
Sweden,1951,SWE,7072885.0,78314390000.0,33.481,4.734
Sweden,1952,SWE,7124674.0,79458000000.0,34.565,4.851
Sweden,1953,SWE,7171426.0,81670519000.0,32.56,4.54
Sweden,1954,SWE,7213463.0,85106187000.0,34.505,4.783
Sweden,1955,SWE,7262328.0,87579720000.0,39.107,5.385
Sweden,1956,SWE,7315521.0,90910820000.0,43.383,5.93
Sweden,1957,SWE,7366882.0,94988236000.0,38.847,5.273
Sweden,1958,SWE,7414351.0,95457556000.0,42.075,5.675
Sweden,1959,SWE,7453562.0,98369106000.0,42.392,5.687
Sweden,1960,SWE,7484597.0,103590520000.0,49.171,6.57
Sweden,1961,SWE,7519996.0,109521280000.0,48.803,6.49
Sweden,1962,SWE,7561517.0,114133266000.0,51.273,6.781
Sweden,1963,SWE,7604207.0,120204032000.0,55.313,7.274
Sweden,1964,SWE,7661190.0,128406021000.0,60.368,7.88
Sweden,1965,SWE,7733011.0,133326426000.0,62.566,8.091
Sweden,1966,SWE,7805585.0,136109056000.0,72.517,9.29
Sweden,1967,SWE,7866403.0,140703444000.0,68.93,8.763
Sweden,1968,SWE,7912123.0,145802336000.0,77.61,9.809
Sweden,1969,SWE,7968013.0,153105120000.0,86.385,10.841
Sweden,1970,SWE,8042783.0,163023567000.0,92.287,11.475
Sweden,1971,SWE,8098104.0,164551360000.0,84.509,10.436
Sweden,1972,SWE,8122426.0,168328450000.0,84.703,10.428
Sweden,1973,SWE,8137166.0,175018733000.0,87.29,10.727
Sweden,1974,SWE,8160636.0,180619252000.0,79.823,9.781
Sweden,1975,SWE,8192641.0,185219151000.0,80.76,9.858
Sweden,1976,SWE,8222392.0,187173830000.0,88.241,10.732
Sweden,1977,SWE,8251699.0,184201144000.0,85.74,10.391
Sweden,1978,SWE,8275793.0,187418296000.0,79.477,9.603
Sweden,1979,SWE,8293749.0,194618710000.0,84.869,10.233
Sweden,1980,SWE,8310470.0,197852790000.0,71.714,8.629
Sweden,1981,SWE,8320460.0,197824640000.0,69.389,8.34
Sweden,1982,SWE,8325179.0,199816650000.0,62.257,7.478
Sweden,1983,SWE,8328915.0,203327548000.0,58.268,6.996
Sweden,1984,SWE,8336482.0,211401309000.0,57.308,6.874
Sweden,1985,SWE,8350249.0,215471750000.0,62.364,7.469
Sweden,1986,SWE,8369681.0,220206330000.0,62.01,7.409
Sweden,1987,SWE,8397651.0,226880368000.0,59.695,7.109
Sweden,1988,SWE,8436358.0,231720048000.0,57.425,6.807
Sweden,1989,SWE,8492821.0,237234969000.0,55.521,6.537
Sweden,1990,SWE,8558571.0,240234012000.0,57.417,6.709
Sweden,1991,SWE,8616955.0,237950140941.0,57.664,6.692
Sweden,1992,SWE,8667576.0,235756851945.0,57.51,6.635
Sweden,1993,SWE,8718038.0,231558425903.0,57.517,6.597
Sweden,1994,SWE,8780190.0,241524284977.0,59.997,6.833
Sweden,1995,SWE,8826298.0,251741126533.0,59.487,6.74
Sweden,1996,SWE,8840330.0,256498914326.0,63.349,7.166
Sweden,1997,SWE,8845525.0,264171121939.0,58.355,6.597
Sweden,1998,SWE,8850606.0,276040695651.0,58.767,6.64
Sweden,1999,SWE,8857691.0,289702793085.0,55.937,6.315
Sweden,2000,SWE,8872099.0,303452362920.0,54.892,6.187
Sweden,2001,SWE,8896018.0,308398096624.0,55.782,6.27
Sweden,2002,SWE,8925045.0,317463771012.0,56.634,6.345
Sweden,2003,SWE,8958434.0,326402407102.0,57.221,6.387
Sweden,2004,SWE,8993805.0,341901244849.0,56.428,6.274
Sweden,2005,SWE,9029771.0,354496929423.0,53.787,5.957
Sweden,2006,SWE,9080628.0,372234670461.0,53.651,5.908
Sweden,2007,SWE,9148280.0,387881844813.0,52.879,5.78
Sweden,2008,SWE,9219903.0,388980516356.0,50.765,5.506
Sweden,2009,SWE,9298738.0,373026350439.0,47.143,5.07
Sweden,2010,SWE,9378234.0,399838964466.0,53.029,5.654
Sweden,2011,SWE,9449263.0,397617949429.0,49.114,5.198
Sweden,2012,SWE,9519477.0,395278763366.0,46.607,4.896
Sweden,2013,SWE,9600620.0,399973749048.0,45.106,4.698
Sweden,2014,SWE,9696438.0,410604225974.0,43.385,4.474
Sweden,2015,SWE,9799483.0,429037422635.0,43.31,4.42
Sweden,2016,SWE,9923281.0,437921057919.0,43.308,4.364
Sweden,2017,SWE,10057864.0,449166531542.0,42.355,4.211
Sweden,2018,SWE,10175400.0,457925387676.0,41.856,4.113
Sweden,2019,SWE,10279120.0,467020665386.0,40.772,3.967
Sweden,2020,SWE,10353682.0,456885314424.0,36.622,3.537
Sweden,2021,SWE,10416134.0,481492421258.0,38.568,3.703
Sweden,2022,SWE,10487335.0,494214521158.0,36.342,3.465
Sweden,2023,SWE,10551493.0,,36.709,3.479
Sweden,2024,SWE,10606993.0,,38.097,3.592
Switzerland,1950,CHE,4692642.0,54173628191.0,10.251,2.185
Switzerland,1951,CHE,4748090.0,56408116491.0,12.321,2.595
Switzerland,1952,CHE,4811615.0,57858525878.0,11.239,2.336
Switzerland,1953,CHE,4875654.0,60833466544.0,10.352,2.123
Switzerland,1954,CHE,4938749.0,64921861406.0,12.611,2.554
Switzerland,1955,CHE,5002118.0,69717451640.0,13.633,2.725
Switzerland,1956,CHE,5065624.0,73188120458.0,17.083,3.372
Switzerland,1957,CHE,5130171.0,75186375902.0,17.716,3.453
Switzerland,1958,CHE,5196450.0,76136537182.0,16.307,3.138
Switzerland,1959,CHE,5262809.0,81354583259.0,16.616,3.157
Switzerland,1960,CHE,5327777.0,87713522968.0,19.513,3.663
Switzerland,1961,CHE,5434125.0,95399284500.0,20.376,3.75
Switzerland,1962,CHE,5573701.0,100820671203.0,24.135,4.33
Switzerland,1963,CHE,5694163.0,106736654855.0,29.085,5.108
Switzerland,1964,CHE,5789153.0,113003598052.0,28.144,4.861
Switzerland,1965,CHE,5856414.0,117686327144.0,30.34,5.181
Switzerland,1966,CHE,5917969.0,121266336218.0,31.497,5.322
Switzerland,1967,CHE,5991733.0,125760273591.0,32.527,5.429
Switzerland,1968,CHE,6067657.0,131196511359.0,35.989,5.931
Switzerland,1969,CHE,6136353.0,138575269820.0,38.054,6.201
Switzerland,1970,CHE,6180922.0,147142844039.0,40.252,6.512
Switzerland,1971,CHE,6213536.0,155328078644.0,41.894,6.742
Switzerland,1972,CHE,6261086.0,162319722197.0,42.916,6.854
Switzerland,1973,CHE,6307408.0,167492530219.0,46.205,7.326
Switzerland,1974,CHE,6341381.0,166140021171.0,41.425,6.532
Switzerland,1975,CHE,6338600.0,156680787972.0,39.049,6.161
Switzerland,1976,CHE,6302556.0,156767915020.0,40.435,6.416
Switzerland,1977,CHE,6281365.0,160630247947.0,41.031,6.532
Switzerland,1978,CHE,6282045.0,165652381373.0,42.165,6.712
Switzerland,1979,CHE,6294719.0,169193332072.0,39.858,6.332
Switzerland,1980,CHE,6319848.0,174991865062.0,40.482,6.405
Switzerland,1981,CHE,6354561.0,178175073378.0,38.802,6.106
Switzerland,1982,CHE,6391805.0,178914504178.0,36.575,5.722
Switzerland,1983,CHE,6419309.0,182090693605.0,40.011,6.233
Switzerland,1984,CHE,6442419.0,184888540420.0,39.112,6.071
Switzerland,1985,CHE,6470959.0,193084794541.0,39.762,6.145
Switzerland,1986,CHE,6504748.0,203695224871.0,42.226,6.492
Switzerland,1987,CHE,6545771.0,211297721508.0,40.182,6.139
Switzerland,1988,CHE,6594145.0,217769048715.0,40.64,6.163
Switzerland,1989,CHE,6647787.0,225335057176.0,39.389,5.925
Switzerland,1990,CHE,6713168.0,234154439697.0,44.149,6.576
Switzerland,1991,CHE,6796942.0,236201938759.0,46.131,6.787
Switzerland,1992,CHE,6875049.0,239958549277.0,46.018,6.693
Switzerland,1993,CHE,6938106.0,243429634467.0,43.61,6.286
Switzerland,1994,CHE,6993594.0,250752168329.0,42.668,6.101
Switzerland,1995,CHE,7040481.0,257142565611.0,43.414,6.166
Switzerland,1996,CHE,7071885.0,263448607219.0,44.107,6.237
Switzerland,1997,CHE,7089161.0,274617021730.0,43.046,6.072
Switzerland,1998,CHE,7110294.0,287985364256.0,44.622,6.276
Switzerland,1999,CHE,7144119.0,298226666662.0,44.447,6.221
Switzerland,2000,CHE,7184003.0,315545366882.0,43.621,6.072
Switzerland,2001,CHE,7226391.0,325520166982.0,45.085,6.239
Switzerland,2002,CHE,7278744.0,331802188855.0,43.467,5.972
Switzerland,2003,CHE,7333451.0,337991874208.0,44.651,6.089
Switzerland,2004,CHE,7384196.0,353894703206.0,45.231,6.125
Switzerland,2005,CHE,7431824.0,371135459405.0,45.776,6.159
Switzerland,2006,CHE,7478514.0,393075108386.0,45.365,6.066
Switzerland,2007,CHE,7545386.0,416832821635.0,43.359,5.746
Switzerland,2008,CHE,7641730.0,433739216893.0,44.701,5.85
Switzerland,2009,CHE,7737644.0,431737407420.0,43.526,5.625
Switzerland,2010,CHE,7825750.0,451139715920.0,45.034,5.755
Switzerland,2011,CHE,7914379.0,467103594697.0,40.973,5.177
Switzerland,2012,CHE,7998927.0,472611933649.0,42.242,5.281
Switzerland,2013,CHE,8091199.0,481081829913.0,43.183,5.337
Switzerland,2014,CHE,8190238.0,492386642888.0,39.244,4.792
Switzerland,2015,CHE,8283940.0,500484653705.0,38.756,4.678
Switzerland,2016,CHE,8374903.0,510838097521.0,39.225,4.684
Switzerland,2017,CHE,8453630.0,517799793781.0,38.234,4.523
Switzerland,2018,CHE,8516341.0,532611137213.0,36.945,4.338
Switzerland,2019,CHE,8577525.0,538693495449.0,36.822,4.293
Switzerland,2020,CHE,8640582.0,525896489462.0,34.343,3.975
Switzerland,2021,CHE,8707019.0,548098275898.0,35.902,4.123
Switzerland,2022,CHE,8792180.0,559384947989.0,32.951,3.748
Switzerland,2023,CHE,8870564.0,,31.977,3.605
Switzerland,2024,CHE,8921979.0,,32.072,3.595
Syria,1950,SYR,3612085.0,13413810000.0,0.414,0.115
Syria,1951,SYR,3684867.0,12907866047.0,0.381,0.103
Syria,1952,SYR,3765240.0,16260939429.0,0.476,0.126
Syria,1953,SYR,3852829.0,18435560491.0,0.512,0.133
Syria,1954,SYR,3947873.0,21146225562.0,0.578,0.146
Syria,1955,SYR,4050600.0,19077832641.0,1.644,0.406
Syria,1956,SYR,4160633.0,22597138207.0,2.003,0.481
Syria,1957,SYR,4277735.0,23990619322.0,1.981,0.463
Syria,1958,SYR,4401997.0,20672971539.0,2.168,0.492
Syria,1959,SYR,4533776.0,21452395394.0,2.226,0.491
Syria,1960,SYR,4673502.0,21842392804.0,3.219,0.689
Syria,1961,SYR,4815459.0,23639821801.0,3.061,0.636
Syria,1962,SYR,4959340.0,29254292238.0,3.2,0.645
Syria,1963,SYR,5110471.0,29234718286.0,3.606,0.706
Syria,1964,SYR,5269094.0,29894061876.0,4.361,0.828
Syria,1965,SYR,5435268.0,29814264650.0,3.672,0.676
Syria,1966,SYR,5609050.0,27524416482.0,4.911,0.876
Syria,1967,SYR,5790195.0,29801539813.0,4.603,0.795
Syria,1968,SYR,5978741.0,30919370483.0,5.954,0.996
Syria,1969,SYR,6175173.0,36713904008.0,7.233,1.171
Syria,1970,SYR,6380612.0,35314194335.0,6.65,1.042
Syria,1971,SYR,6598098.0,38820257464.0,8.874,1.345
Syria,1972,SYR,6826032.0,48536587890.0,7.756,1.136
Syria,1973,SYR,7060328.0,44381140787.0,7.885,1.117
Syria,1974,SYR,7302158.0,55096369194.0,9.654,1.322
Syria,1975,SYR,7554368.0,65835233826.0,11.171,1.479
Syria,1976,SYR,7817317.0,73066457298.0,13.742,1.758
Syria,1977,SYR,8090507.0,72138181642.0,14.644,1.81
Syria,1978,SYR,8372761.0,78433654163.0,15.199,1.815
Syria,1979,SYR,8661911.0,81274362421.0,22.515,2.599
Syria,1980,SYR,8957664.0,91017139992.0,20.768,2.318
Syria,1981,SYR,9260187.0,99661253773.0,26.593,2.872
Syria,1982,SYR,9572513.0,101793315119.0,24.44,2.553
Syria,1983,SYR,9904814.0,103242919204.0,27.896,2.816
Syria,1984,SYR,10258406.0,99037091250.0,33.01,3.218
Syria,1985,SYR,10625673.0,105078922488.0,29.569,2.783
Syria,1986,SYR,11002842.0,99884049609.0,31.266,2.842
Syria,1987,SYR,11388916.0,101803976684.0,36.137,3.173
Syria,1988,SYR,11782269.0,115309903729.0,36.86,3.128
Syria,1989,SYR,12179070.0,104981145395.0,34.476,2.831
Syria,1990,SYR,12579212.0,113006349079.0,37.265,2.962
Syria,1991,SYR,12980824.0,121259151277.0,42.425,3.268
Syria,1992,SYR,13385570.0,132464551230.0,42.803,3.198
Syria,1993,SYR,13795687.0,137136399700.0,45.522,3.3
Syria,1994,SYR,14208585.0,139462673349.0,45.956,3.234
Syria,1995,SYR,14616804.0,141596267280.0,46.392,3.174
Syria,1996,SYR,15018110.0,140380949913.0,47.446,3.159
Syria,1997,SYR,15417539.0,133631083179.0,49.605,3.217
Syria,1998,SYR,15820409.0,135803038435.0,53.496,3.381
Syria,1999,SYR,16228064.0,126804505194.0,55.534,3.422
Syria,2000,SYR,16637884.0,125214242976.0,54.527,3.277
Syria,2001,SYR,17051337.0,125631935247.0,51.343,3.011
Syria,2002,SYR,17468335.0,128996142855.0,40.727,2.331
Syria,2003,SYR,17889297.0,122501642286.0,55.377,3.096
Syria,2004,SYR,18336879.0,126515329154.0,51.692,2.819
Syria,2005,SYR,18814092.0,129657010670.0,51.162,2.719
Syria,2006,SYR,19637016.0,132870748696.0,54.04,2.752
Syria,2007,SYR,20884136.0,138933398255.0,66.973,3.207
Syria,2008,SYR,21636566.0,140064268758.0,68.084,3.147
Syria,2009,SYR,21976971.0,141886525419.0,63.261,2.879
Syria,2010,SYR,22482417.0,143781004115.0,62.057,2.76
Syria,2011,SYR,22878104.0,134274046453.0,59.078,2.582
Syria,2012,SYR,22759763.0,98907693956.0,46.339,2.036
Syria,2013,SYR,21666921.0,72894799336.0,34.257,1.581
Syria,2014,SYR,20273661.0,65379097607.0,34.869,1.72
Syria,2015,SYR,19424615.0,63295273863.0,31.115,1.602
Syria,2016,SYR,19193835.0,59731474595.0,29.162,1.519
Syria,2017,SYR,19224671.0,59296820428.0,34.473,1.793
Syria,2018,SYR,19577849.0,60171975441.0,31.771,1.623
Syria,2019,SYR,20353536.0,62427096792.0,33.492,1.645
Syria,2020,SYR,21049431.0,55872251610.0,32.344,1.537
Syria,2021,SYR,21628837.0,54251957890.0,32.508,1.503
Syria,2022,SYR,22462170.0,52353139385.0,31.423,1.399
Syria,2023,SYR,23594623.0,,31.674,1.342
Syria,2024,SYR,24672758.0,,31.778,1.288
Taiwan,1950,TWN,7596535.0,10885760000.0,3.784,0.498
Taiwan,1951,TWN,7862806.0,11757523000.0,4.908,0.624
Taiwan,1952,TWN,8148997.0,13162809000.0,6.392,0.784
Taiwan,1953,TWN,8451375.0,14387328000.0,6.472,0.766
Taiwan,1954,TWN,8767773.0,15758875000.0,6.487,0.74
Taiwan,1955,TWN,9104136.0,17039840000.0,7.197,0.791
Taiwan,1956,TWN,9465707.0,17990766000.0,7.685,0.812
Taiwan,1957,TWN,9850527.0,19295014000.0,8.183,0.831
Taiwan,1958,TWN,10246160.0,20601120000.0,9.57,0.934
Taiwan,1959,TWN,10644179.0,22171224000.0,10.991,1.033
Taiwan,1960,TWN,11046263.0,23427177000.0,11.874,1.075
Taiwan,1961,TWN,11453506.0,25031580000.0,12.529,1.094
Taiwan,1962,TWN,11866670.0,27016490000.0,14.165,1.194
Taiwan,1963,TWN,12285726.0,29553537000.0,15.109,1.23
Taiwan,1964,TWN,12706682.0,33142260000.0,16.907,1.331
Taiwan,1965,TWN,13124808.0,36829910000.0,17.845,1.36
Taiwan,1966,TWN,13537706.0,40129560000.0,19.462,1.438
Taiwan,1967,TWN,13901473.0,44418000000.0,21.97,1.58
Taiwan,1968,TWN,14215584.0,48490312000.0,24.141,1.698
Taiwan,1969,TWN,14523608.0,52824000000.0,26.291,1.81
Taiwan,1970,TWN,14815755.0,58767408000.0,28.734,1.939
Taiwan,1971,TWN,15121137.0,66433140000.0,31.475,2.082
Taiwan,1972,TWN,15450618.0,75263616000.0,35.872,2.322
Taiwan,1973,TWN,15772691.0,84935184000.0,40.245,2.552
Taiwan,1974,TWN,16082315.0,85927160000.0,39.31,2.444
Taiwan,1975,TWN,16365267.0,90166454000.0,43.454,2.655
Taiwan,1976,TWN,16671501.0,102636575000.0,56.1,3.365
Taiwan,1977,TWN,17020095.0,113116256000.0,61.13,3.592
Taiwan,1978,TWN,17373729.0,128499710000.0,71.028,4.088
Taiwan,1979,TWN,17735789.0,139008216000.0,75.766,4.272
Taiwan,1980,TWN,18086521.0,149134592000.0,83.515,4.618
Taiwan,1981,TWN,18412829.0,158330653000.0,75.052,4.076
Taiwan,1982,TWN,18723986.0,163935090000.0,70.035,3.74
Taiwan,1983,TWN,19022629.0,177801210000.0,76.553,4.024
Taiwan,1984,TWN,19306762.0,196633692000.0,77.606,4.02
Taiwan,1985,TWN,19571695.0,206396292000.0,76.449,3.906
Taiwan,1986,TWN,19805981.0,230398776000.0,86.162,4.35
Taiwan,1987,TWN,20015820.0,267740880000.0,90.519,4.522
Taiwan,1988,TWN,20223658.0,280142616000.0,106.38,5.26
Taiwan,1989,TWN,20418913.0,303193429000.0,115.01,5.633
Taiwan,1990,TWN,20594907.0,319544652000.0,124.258,6.033
Taiwan,1991,TWN,20781752.0,345211462786.0,133.631,6.43
Taiwan,1992,TWN,20982088.0,372503882517.0,142.432,6.788
Taiwan,1993,TWN,21174678.0,396575970496.0,154.046,7.275
Taiwan,1994,TWN,21357145.0,425304537408.0,161.564,7.565
Taiwan,1995,TWN,21534497.0,451738410710.0,170.064,7.897
Taiwan,1996,TWN,21709270.0,477921929086.0,178.059,8.202
Taiwan,1997,TWN,21885332.0,504501700824.0,190.782,8.717
Taiwan,1998,TWN,22049226.0,524131056297.0,200.546,9.095
Taiwan,1999,TWN,22203788.0,557640971015.0,208.023,9.369
Taiwan,2000,TWN,22332873.0,591153923509.0,226.934,10.161
Taiwan,2001,TWN,22446254.0,582366336280.0,231.431,10.31
Taiwan,2002,TWN,22566898.0,612808812199.0,238.567,10.572
Taiwan,2003,TWN,22664130.0,636240085985.0,249.129,10.992
Taiwan,2004,TWN,22745432.0,675272430215.0,259.367,11.403
Taiwan,2005,TWN,22824932.0,709313986797.0,266.888,11.693
Taiwan,2006,TWN,22914644.0,745965982529.0,276.552,12.069
Taiwan,2007,TWN,23006921.0,791900583149.0,280.08,12.174
Taiwan,2008,TWN,23086238.0,794389614968.0,266.975,11.564
Taiwan,2009,TWN,23164353.0,779014502319.0,253.028,10.923
Taiwan,2010,TWN,23224049.0,859487483344.0,270.718,11.657
Taiwan,2011,TWN,23273078.0,888546864638.0,276.771,11.892
Taiwan,2012,TWN,23345963.0,908290377366.0,273.282,11.706
Taiwan,2013,TWN,23416870.0,930852328389.0,274.576,11.726
Taiwan,2014,TWN,23472811.0,974779255338.0,276.959,11.799
Taiwan,2015,TWN,23529260.0,989069527295.0,276.264,11.741
Taiwan,2016,TWN,23586140.0,1010482869589.0,280.197,11.88
Taiwan,2017,TWN,23632950.0,1043939947916.0,285.736,12.091
Taiwan,2018,TWN,23659308.0,1073034529603.0,284.151,12.01
Taiwan,2019,TWN,23674137.0,1105912366266.0,274.704,11.604
Taiwan,2020,TWN,23663461.0,1143369531447.0,272.464,11.514
Taiwan,2021,TWN,23558330.0,1218008773904.0,283.821,12.048
Taiwan,2022,TWN,23420107.0,1247874288934.0,273.989,11.699
Taiwan,2023,TWN,23317145.0,,267.127,11.456
Taiwan,2024,TWN,23213964.0,,262.345,11.301
Tajikistan,1950,TJK,1528311.0,,2.212,1.447
Tajikistan,1951,TJK,1588338.0,,2.396,1.509
Tajikistan,1952,TJK,1645586.0,,2.566,1.559
Tajikistan,1953,TJK,1701050.0,,2.714,1.596
Tajikistan,1954,TJK,1755691.0,,2.964,1.688
Tajikistan,1955,TJK,1810237.0,,3.361,1.857
Tajikistan,1956,TJK,1865440.0,,3.686,1.976
Tajikistan,1957,TJK,1922135.0,,4.034,2.099
Tajikistan,1958,TJK,1981670.0,,4.306,2.173
Tajikistan,1959,TJK,2045286.0,,4.527,2.214
Tajikistan,1960,TJK,2112136.0,,4.714,2.232
Tajikistan,1961,TJK,2181813.0,,4.863,2.229
Tajikistan,1962,TJK,2255032.0,,5.107,2.265
Tajikistan,1963,TJK,2331737.0,,5.479,2.35
Tajikistan,1964,TJK,2411270.0,,5.829,2.417
Tajikistan,1965,TJK,2493004.0,,6.184,2.481
Tajikistan,1966,TJK,2577187.0,,6.532,2.534
Tajikistan,1967,TJK,2664141.0,,6.833,2.565
Tajikistan,1968,TJK,2753847.0,,7.029,2.552
Tajikistan,1969,TJK,2845276.0,,7.323,2.574
Tajikistan,1970,TJK,2936784.0,,7.704,2.623
Tajikistan,1971,TJK,3028841.0,,8.19,2.704
Tajikistan,1972,TJK,3123696.0,,8.633,2.764
Tajikistan,1973,TJK,3222299.0,21165612503.0,9.014,2.797
Tajikistan,1974,TJK,3324503.0,,9.376,2.82
Tajikistan,1975,TJK,3430428.0,,9.873,2.878
Tajikistan,1976,TJK,3540077.0,,10.262,2.899
Tajikistan,1977,TJK,3653264.0,,10.621,2.907
Tajikistan,1978,TJK,3768514.0,,10.997,2.918
Tajikistan,1979,TJK,3882697.0,,11.093,2.857
Tajikistan,1980,TJK,3995258.0,22788636000.0,11.535,2.887
Tajikistan,1981,TJK,4109026.0,22898406000.0,11.339,2.76
Tajikistan,1982,TJK,4227177.0,23009130000.0,11.558,2.734
Tajikistan,1983,TJK,4350877.0,23874288000.0,11.739,2.698
Tajikistan,1984,TJK,4480027.0,24233139000.0,11.856,2.647
Tajikistan,1985,TJK,4619006.0,24508116000.0,12.779,2.767
Tajikistan,1986,TJK,4772150.0,25084404000.0,12.35,2.588
Tajikistan,1987,TJK,4939063.0,24519600000.0,12.018,2.433
Tajikistan,1988,TJK,5114988.0,27608090000.0,12.968,2.535
Tajikistan,1989,TJK,5267255.0,25544376000.0,12.856,2.441
Tajikistan,1990,TJK,5398773.0,25321416000.0,12.307,2.28
Tajikistan,1991,TJK,5541200.0,23089121806.0,10.015,1.807
Tajikistan,1992,TJK,5649397.0,15578962563.0,7.333,1.298
Tajikistan,1993,TJK,5725001.0,13768160225.0,5.153,0.9
Tajikistan,1994,TJK,5825371.0,10806547225.0,2.345,0.403
Tajikistan,1995,TJK,5948588.0,9460376115.0,2.435,0.409
Tajikistan,1996,TJK,6066524.0,8989080428.0,2.824,0.465
Tajikistan,1997,TJK,6139829.0,9105132518.0,2.15,0.35
Tajikistan,1998,TJK,6176403.0,9509161527.0,2.497,0.404
Tajikistan,1999,TJK,6208373.0,9907046803.0,2.519,0.406
Tajikistan,2000,TJK,6284737.0,10735320878.0,2.236,0.356
Tajikistan,2001,TJK,6407376.0,11697951502.0,2.287,0.357
Tajikistan,2002,TJK,6531674.0,12792791823.0,1.872,0.287
Tajikistan,2003,TJK,6658575.0,14027448844.0,2.072,0.311
Tajikistan,2004,TJK,6790555.0,15391086914.0,2.562,0.377
Tajikistan,2005,TJK,6924722.0,16469329106.0,2.441,0.352
Tajikistan,2006,TJK,7057566.0,17531184155.0,2.656,0.376
Tajikistan,2007,TJK,7194479.0,18731098417.0,3.229,0.449
Tajikistan,2008,TJK,7338402.0,20202934540.0,2.897,0.395
Tajikistan,2009,TJK,7490232.0,20969201626.0,2.445,0.326
Tajikistan,2010,TJK,7652144.0,22275913223.0,2.535,0.331
Tajikistan,2011,TJK,7824788.0,23719353153.0,2.342,0.299
Tajikistan,2012,TJK,8014087.0,25498307279.0,2.934,0.366
Tajikistan,2013,TJK,8216733.0,27385180748.0,2.908,0.354
Tajikistan,2014,TJK,8425559.0,29219994834.0,4.606,0.547
Tajikistan,2015,TJK,8643839.0,30973186706.0,5.307,0.614
Tajikistan,2016,TJK,8865623.0,33110336724.0,6.016,0.679
Tajikistan,2017,TJK,9085942.0,35461181351.0,6.879,0.757
Tajikistan,2018,TJK,9307345.0,38156222428.0,8.081,0.868
Tajikistan,2019,TJK,9529970.0,40979787244.0,8.714,0.914
Tajikistan,2020,TJK,9749312.0,42778793597.0,9.423,0.967
Tajikistan,2021,TJK,9966912.0,46800009054.0,9.384,0.942
Tajikistan,2022,TJK,10182228.0,50544013546.0,10.521,1.033
Tajikistan,2023,TJK,10389807.0,,10.264,0.988
Tajikistan,2024,TJK,10590930.0,,10.74,1.014
Tanzania,1950,TZA,7625152.0,5364008507.0,0.498,0.065
Tanzania,1951,TZA,7812973.0,6036802078.0,0.447,0.057
Tanzania,1952,TZA,8009083.0,6158964355.0,0.539,0.067
Tanzania,1953,TZA,8213117.0,5944960761.0,0.528,0.064
Tanzania,1954,TZA,8424792.0,6427649648.0,0.539,0.064
Tanzania,1955,TZA,8644856.0,6575457387.0,0.557,0.064
Tanzania,1956,TZA,8874780.0,6665398531.0,0.66,0.074
Tanzania,1957,TZA,9115792.0,6806034843.0,0.762,0.084
Tanzania,1958,TZA,9367596.0,6875074792.0,0.802,0.086
Tanzania,1959,TZA,9629269.0,7224730246.0,0.689,0.072
Tanzania,1960,TZA,9901422.0,7510066230.0,0.828,0.084
Tanzania,1961,TZA,10187889.0,7420444415.0,0.703,0.069
Tanzania,1962,TZA,10487756.0,8104512673.0,0.766,0.073
Tanzania,1963,TZA,10799530.0,8612633476.0,0.802,0.074
Tanzania,1964,TZA,11127827.0,9067574210.0,1.033,0.093
Tanzania,1965,TZA,11470726.0,9401366390.0,1.161,0.101
Tanzania,1966,TZA,11827462.0,10604613978.0,1.37,0.116
Tanzania,1967,TZA,12200114.0,11031397583.0,1.758,0.144
Tanzania,1968,TZA,12602077.0,11611394226.0,1.652,0.131
Tanzania,1969,TZA,13036701.0,11822966441.0,1.795,0.138
Tanzania,1970,TZA,13492674.0,12495216572.0,1.765,0.131
Tanzania,1971,TZA,13971453.0,13026733476.0,2.461,0.176
Tanzania,1972,TZA,14479311.0,13897730170.0,2.164,0.149
Tanzania,1973,TZA,15010099.0,14365307680.0,3.183,0.212
Tanzania,1974,TZA,15561633.0,14693314779.0,2.303,0.148
Tanzania,1975,TZA,16138364.0,15437357296.0,2.282,0.141
Tanzania,1976,TZA,16736216.0,16559208093.0,2.786,0.166
Tanzania,1977,TZA,17352936.0,17009657501.0,2.008,0.116
Tanzania,1978,TZA,17976569.0,17523862769.0,2.197,0.122
Tanzania,1979,TZA,18592045.0,17727497078.0,2.063,0.111
Tanzania,1980,TZA,19189769.0,17881129875.0,1.874,0.098
Tanzania,1981,TZA,19784713.0,17675043593.0,2.107,0.106
Tanzania,1982,TZA,20398574.0,17897990566.0,2.148,0.105
Tanzania,1983,TZA,21079877.0,17822370849.0,2.196,0.104
Tanzania,1984,TZA,21779064.0,18256161562.0,2.347,0.108
Tanzania,1985,TZA,22501696.0,18224339519.0,2.338,0.104
Tanzania,1986,TZA,23258959.0,18830125234.0,2.278,0.098
Tanzania,1987,TZA,24030376.0,19771363083.0,2.368,0.099
Tanzania,1988,TZA,24769690.0,20603178023.0,2.272,0.092
Tanzania,1989,TZA,25438759.0,21301856542.0,2.162,0.085
Tanzania,1990,TZA,26110210.0,22062497802.0,2.112,0.081
Tanzania,1991,TZA,26780440.0,23131982096.0,2.255,0.084
Tanzania,1992,TZA,27457599.0,23907182271.0,2.178,0.079
Tanzania,1993,TZA,28332691.0,24857214872.0,2.426,0.086
Tanzania,1994,TZA,29442357.0,25964285650.0,2.063,0.07
Tanzania,1995,TZA,30383496.0,27600945651.0,2.434,0.08
Tanzania,1996,TZA,30945761.0,29677337167.0,2.527,0.082
Tanzania,1997,TZA,31578093.0,31560772974.0,2.824,0.089
Tanzania,1998,TZA,32420461.0,33614871213.0,2.481,0.077
Tanzania,1999,TZA,33300335.0,36215287065.0,2.459,0.074
Tanzania,2000,TZA,34260142.0,39001698887.0,2.572,0.075
Tanzania,2001,TZA,35198303.0,42445346863.0,3.041,0.086
Tanzania,2002,TZA,36121301.0,46583070535.0,3.486,0.096
Tanzania,2003,TZA,37089555.0,50824600990.0,3.687,0.099
Tanzania,2004,TZA,38109666.0,55891196644.0,4.221,0.111
Tanzania,2005,TZA,39182083.0,61018758994.0,5.356,0.137
Tanzania,2006,TZA,40294900.0,65508013137.0,5.876,0.146
Tanzania,2007,TZA,41435508.0,72909539423.0,5.706,0.138
Tanzania,2008,TZA,42570728.0,78993514738.0,5.989,0.141
Tanzania,2009,TZA,43633975.0,85446168824.0,5.807,0.133
Tanzania,2010,TZA,44758491.0,93371216148.0,7.194,0.161
Tanzania,2011,TZA,46029371.0,103624510902.0,8.44,0.183
Tanzania,2012,TZA,47374261.0,108951852558.0,10.367,0.219
Tanzania,2013,TZA,48824134.0,116340969671.0,11.251,0.23
Tanzania,2014,TZA,50351506.0,124173043529.0,10.997,0.218
Tanzania,2015,TZA,52020958.0,131823350494.0,12.783,0.246
Tanzania,2016,TZA,53824012.0,140875654933.0,13.529,0.251
Tanzania,2017,TZA,55652888.0,150417154803.0,13.513,0.243
Tanzania,2018,TZA,57437134.0,160884699826.0,14.233,0.248
Tanzania,2019,TZA,59174889.0,172128919031.0,16.191,0.274
Tanzania,2020,TZA,60972803.0,180418650860.0,15.952,0.262
Tanzania,2021,TZA,62830410.0,189343959556.0,17.678,0.281
Tanzania,2022,TZA,64711822.0,198220407805.0,19.702,0.304
Tanzania,2023,TZA,66617607.0,,20.31,0.305
Tanzania,2024,TZA,68560162.0,,20.018,0.292
Thailand,1950,THA,20428401.0,26094200835.0,0.956,0.047
Thailand,1951,THA,20965188.0,27943960880.0,1.091,0.052
Thailand,1952,THA,21527583.0,29485822246.0,1.278,0.059
Thailand,1953,THA,22109323.0,32726595722.0,1.644,0.074
Thailand,1954,THA,22713340.0,32462198666.0,2.05,0.09
Thailand,1955,THA,23343179.0,35317682507.0,2.373,0.102
Thailand,1956,THA,23997266.0,35930311371.0,2.618,0.109
Thailand,1957,THA,24674831.0,36335822972.0,2.922,0.118
Thailand,1958,THA,25367008.0,37656810974.0,3.017,0.119
Thailand,1959,THA,26088018.0,42160909898.0,3.321,0.127
Thailand,1960,THA,26851751.0,47266904500.0,3.709,0.138
Thailand,1961,THA,27650335.0,49743295767.0,4.141,0.15
Thailand,1962,THA,28481048.0,53581278962.0,5.029,0.177
Thailand,1963,THA,29342315.0,57963800013.0,5.564,0.19
Thailand,1964,THA,30232136.0,61933270931.0,7.474,0.247
Thailand,1965,THA,31149337.0,66849225205.0,7.445,0.239
Thailand,1966,THA,32086073.0,74363569972.0,9.471,0.295
Thailand,1967,THA,33037797.0,80603448250.0,12.157,0.368
Thailand,1968,THA,34002562.0,87150752500.0,17.083,0.502
Thailand,1969,THA,34973784.0,94018298125.0,14.549,0.416
Thailand,1970,THA,35954411.0,100145351953.0,15.362,0.427
Thailand,1971,THA,36937392.0,105055231445.0,19.213,0.52
Thailand,1972,THA,37933932.0,109423360429.0,21.771,0.574
Thailand,1973,THA,38947791.0,120382750742.0,24.357,0.625
Thailand,1974,THA,39952896.0,125775711386.0,24.116,0.604
Thailand,1975,THA,40939999.0,132015456000.0,24.254,0.592
Thailand,1976,THA,41896511.0,144055671117.0,28.564,0.682
Thailand,1977,THA,42843973.0,158271602285.0,31.878,0.744
Thailand,1978,THA,43788976.0,173964911097.0,34.76,0.794
Thailand,1979,THA,44718436.0,183049030050.0,36.396,0.814
Thailand,1980,THA,45650031.0,191441891859.0,39.751,0.871
Thailand,1981,THA,46575851.0,202771411523.0,37.541,0.806
Thailand,1982,THA,47494577.0,213618825683.0,37.357,0.787
Thailand,1983,THA,48423309.0,225512488773.0,41.785,0.863
Thailand,1984,THA,49351711.0,238519429062.0,45.155,0.915
Thailand,1985,THA,50270754.0,249623873382.0,47.865,0.952
Thailand,1986,THA,51177832.0,263410245070.0,48.97,0.957
Thailand,1987,THA,52074109.0,288520104468.0,53.814,1.033
Thailand,1988,THA,52969595.0,326878379582.0,60.732,1.147
Thailand,1989,THA,53848955.0,366691705312.0,71.696,1.331
Thailand,1990,THA,54738329.0,407627796816.0,86.563,1.581
Thailand,1991,THA,55637436.0,437871480572.0,95.045,1.708
Thailand,1992,THA,56528832.0,473484188457.0,105.513,1.867
Thailand,1993,THA,57408198.0,509703199590.0,121.855,2.123
Thailand,1994,THA,58260855.0,545365114818.0,136.87,2.349
Thailand,1995,THA,59098231.0,584005907369.0,153.65,2.6
Thailand,1996,THA,59920059.0,611290639859.0,173.566,2.897
Thailand,1997,THA,60724588.0,589240402273.0,181.203,2.984
Thailand,1998,THA,61522632.0,539314649597.0,159.704,2.596
Thailand,1999,THA,62299039.0,558464047703.0,167.235,2.684
Thailand,2000,THA,63007815.0,579217712636.0,167.352,2.656
Thailand,2001,THA,63651137.0,596448007832.0,172.267,2.706
Thailand,2002,THA,64266433.0,630177413705.0,184.665,2.873
Thailand,2003,THA,64868164.0,672602585235.0,191.088,2.946
Thailand,2004,THA,65452049.0,712165919937.0,207.331,3.168
Thailand,2005,THA,66017415.0,739238460898.0,214.325,3.246
Thailand,2006,THA,66567685.0,773067090714.0,215.825,3.242
Thailand,2007,THA,67102388.0,811667437725.0,224.083,3.339
Thailand,2008,THA,67619835.0,822020817321.0,224.249,3.316
Thailand,2009,THA,68121077.0,812859746470.0,228.836,3.359
Thailand,2010,THA,68579443.0,870109340511.0,241.019,3.514
Thailand,2011,THA,69007212.0,873642799890.0,244.878,3.549
Thailand,2012,THA,69436091.0,936920832597.0,262.348,3.778
Thailand,2013,THA,69845112.0,962095812070.0,263.754,3.776
Thailand,2014,THA,70216362.0,971562808709.0,272.488,3.881
Thailand,2015,THA,70540787.0,1002011619070.0,277.099,3.928
Thailand,2016,THA,70859835.0,1036430730493.0,284.045,4.009
Thailand,2017,THA,71160183.0,1079732734924.0,283.348,3.982
Thailand,2018,THA,71376081.0,1125329902301.0,288.305,4.039
Thailand,2019,THA,71522264.0,1149130685920.0,281.877,3.941
Thailand,2020,THA,71641484.0,1078332670656.0,271.923,3.796
Thailand,2021,THA,71727338.0,1095187026392.0,267.142,3.724
Thailand,2022,THA,71735321.0,1124143758569.0,272.573,3.8
Thailand,2023,THA,71702436.0,,264.734,3.692
Thailand,2024,THA,71668010.0,,267.76,3.736
Togo,1950,TGO,1399596.0,1019640000.0,0.026,0.018
Togo,1951,TGO,1424396.0,1057575000.0,0.026,0.018
Togo,1952,TGO,1449922.0,1095881000.0,0.044,0.03
Togo,1953,TGO,1476069.0,1135772000.0,0.029,0.02
Togo,1954,TGO,1502761.0,1179488000.0,0.033,0.022
Togo,1955,TGO,1529948.0,1220120000.0,0.04,0.026
Togo,1956,TGO,1557633.0,1267285000.0,0.04,0.026
Togo,1957,TGO,1585871.0,1314933000.0,0.048,0.03
Togo,1958,TGO,1614630.0,1363998000.0,0.048,0.03
Togo,1959,TGO,1643753.0,1414890000.0,0.055,0.033
Togo,1960,TGO,1673110.0,1540448000.0,0.066,0.039
Togo,1961,TGO,1702713.0,1644573000.0,0.092,0.054
Togo,1962,TGO,1732956.0,1706776000.0,0.088,0.051
Togo,1963,TGO,1765060.0,1789938000.0,0.106,0.06
Togo,1964,TGO,1799407.0,2047650000.0,0.132,0.073
Togo,1965,TGO,1835587.0,2326976000.0,0.132,0.072
Togo,1966,TGO,1873490.0,2541573000.0,0.18,0.096
Togo,1967,TGO,1912768.0,2683856000.0,0.198,0.103
Togo,1968,TGO,1953523.0,2817342000.0,0.194,0.099
Togo,1969,TGO,2043417.0,3123810000.0,0.242,0.118
Togo,1970,TGO,2149480.0,3203284000.0,0.275,0.128
Togo,1971,TGO,2219828.0,3433679000.0,0.315,0.142
Togo,1972,TGO,2283857.0,3554720000.0,0.405,0.177
Togo,1973,TGO,2344511.0,3404740000.0,0.412,0.176
Togo,1974,TGO,2404290.0,3549624000.0,0.39,0.162
Togo,1975,TGO,2463792.0,3527452000.0,0.311,0.126
Togo,1976,TGO,2523483.0,3511165000.0,0.322,0.128
Togo,1977,TGO,2583984.0,3706286000.0,0.462,0.179
Togo,1978,TGO,2646505.0,4078800000.0,0.355,0.134
Togo,1979,TGO,2714356.0,4324806000.0,1.381,0.509
Togo,1980,TGO,2791409.0,4128072000.0,0.794,0.285
Togo,1981,TGO,2879439.0,3870560000.0,0.706,0.245
Togo,1982,TGO,2961651.0,3726891000.0,0.818,0.276
Togo,1983,TGO,3033081.0,3533698000.0,0.624,0.206
Togo,1984,TGO,3105744.0,3744258000.0,0.695,0.224
Togo,1985,TGO,3194544.0,3879960000.0,0.659,0.206
Togo,1986,TGO,3296341.0,4009117000.0,0.848,0.257
Togo,1987,TGO,3397614.0,3909740000.0,0.925,0.272
Togo,1988,TGO,3501544.0,4305525000.0,0.963,0.275
Togo,1989,TGO,3606911.0,4481862000.0,1.024,0.284
Togo,1990,TGO,3714023.0,4744275000.0,0.978,0.263
Togo,1991,TGO,3822637.0,4804300007.0,1.05,0.275
Togo,1992,TGO,3932581.0,4695574340.0,1.03,0.262
Togo,1993,TGO,3887976.0,3965510675.0,1.069,0.275
Togo,1994,TGO,3904183.0,4562486354.0,1.007,0.258
Togo,1995,TGO,4110452.0,4920021949.0,1.175,0.286
Togo,1996,TGO,4291129.0,5351687437.0,1.265,0.295
Togo,1997,TGO,4438798.0,5606767164.0,0.879,0.198
Togo,1998,TGO,4551633.0,5539430872.0,1.29,0.283
Togo,1999,TGO,4665757.0,5739978782.0,1.85,0.397
Togo,2000,TGO,4783721.0,5742626906.0,1.331,0.278
Togo,2001,TGO,4904135.0,5728350754.0,1.159,0.236
Togo,2002,TGO,5027128.0,5709447507.0,1.322,0.263
Togo,2003,TGO,5154113.0,6045966479.0,1.805,0.35
Togo,2004,TGO,5281320.0,6257433355.0,1.744,0.33
Togo,2005,TGO,5413151.0,6399681696.0,1.722,0.318
Togo,2006,TGO,5569659.0,6714729819.0,1.501,0.269
Togo,2007,TGO,5748437.0,6923652593.0,1.517,0.264
Togo,2008,TGO,5936140.0,7155226201.0,1.523,0.257
Togo,2009,TGO,6130944.0,7467517725.0,2.536,0.414
Togo,2010,TGO,6325791.0,7846071439.0,2.596,0.41
Togo,2011,TGO,6500577.0,8309244000.0,2.504,0.385
Togo,2012,TGO,6653719.0,8791743000.0,2.216,0.333
Togo,2013,TGO,6798851.0,9242968000.0,1.635,0.241
Togo,2014,TGO,6937647.0,9806234000.0,1.491,0.215
Togo,2015,TGO,7071500.0,10346240000.0,1.798,0.254
Togo,2016,TGO,7200883.0,10960546310.0,2.293,0.318
Togo,2017,TGO,7324379.0,11420230383.0,1.912,0.261
Togo,2018,TGO,7458205.0,11989462252.0,2.034,0.273
Togo,2019,TGO,7619916.0,12579682405.0,2.364,0.31
Togo,2020,TGO,7788058.0,12720130961.0,2.751,0.353
Togo,2021,TGO,7936185.0,13482266787.0,2.62,0.33
Togo,2022,TGO,8068616.0,14265660408.0,2.739,0.339
Togo,2023,TGO,8223853.0,,2.671,0.325
Togo,2024,TGO,8406554.0,,2.754,0.328
Tonga,1950,TON,49679.0,,0.007,0.148
Tonga,1951,TON,50973.0,,0.007,0.144
Tonga,1952,TON,52379.0,,0.007,0.14
Tonga,1953,TON,53895.0,,0.007,0.136
Tonga,1954,TON,55536.0,,0.007,0.132
Tonga,1955,TON,57277.0,,0.007,0.128
Tonga,1956,TON,59118.0,,0.007,0.124
Tonga,1957,TON,60901.0,,0.007,0.12
Tonga,1958,TON,62601.0,,0.007,0.117
Tonga,1959,TON,64368.0,,0.007,0.114
Tonga,1960,TON,66187.0,,0.011,0.166
Tonga,1961,TON,68054.0,,0.011,0.162
Tonga,1962,TON,69958.0,,0.011,0.157
Tonga,1963,TON,71904.0,,0.011,0.153
Tonga,1964,TON,73891.0,,0.011,0.149
Tonga,1965,TON,75942.0,,0.011,0.145
Tonga,1966,TON,78019.0,,0.011,0.141
Tonga,1967,TON,79831.0,,0.015,0.184
Tonga,1968,TON,81367.0,,0.015,0.18
Tonga,1969,TON,82905.0,,0.011,0.133
Tonga,1970,TON,84416.0,,0.026,0.304
Tonga,1971,TON,85914.0,,0.018,0.213
Tonga,1972,TON,87369.0,,0.022,0.252
Tonga,1973,TON,88818.0,,0.026,0.289
Tonga,1974,TON,90699.0,,0.022,0.242
Tonga,1975,TON,93032.0,,0.033,0.354
Tonga,1976,TON,95343.0,,0.029,0.307
Tonga,1977,TON,96740.0,,0.029,0.303
Tonga,1978,TON,97222.0,,0.037,0.377
Tonga,1979,TON,97564.0,,0.04,0.413
Tonga,1980,TON,97785.0,,0.04,0.412
Tonga,1981,TON,97930.0,,0.048,0.486
Tonga,1982,TON,98000.0,,0.044,0.449
Tonga,1983,TON,98016.0,,0.048,0.486
Tonga,1984,TON,98008.0,,0.048,0.486
Tonga,1985,TON,98000.0,,0.048,0.486
Tonga,1986,TON,98025.0,,0.048,0.486
Tonga,1987,TON,98394.0,,0.055,0.559
Tonga,1988,TON,98985.0,,0.07,0.703
Tonga,1989,TON,99419.0,,0.07,0.7
Tonga,1990,TON,99717.0,,0.081,0.808
Tonga,1991,TON,99911.0,,0.088,0.88
Tonga,1992,TON,100045.0,,0.073,0.732
Tonga,1993,TON,100120.0,,0.084,0.842
Tonga,1994,TON,100187.0,,0.088,0.878
Tonga,1995,TON,100240.0,,0.095,0.95
Tonga,1996,TON,100294.0,,0.077,0.767
Tonga,1997,TON,100691.0,,0.095,0.946
Tonga,1998,TON,101406.0,,0.092,0.903
Tonga,1999,TON,102058.0,,0.11,1.077
Tonga,2000,TON,102695.0,,0.099,0.963
Tonga,2001,TON,103305.0,,0.092,0.887
Tonga,2002,TON,103888.0,,0.095,0.917
Tonga,2003,TON,104481.0,,0.117,1.122
Tonga,2004,TON,105088.0,,0.114,1.081
Tonga,2005,TON,105684.0,,0.114,1.075
Tonga,2006,TON,106266.0,,0.128,1.207
Tonga,2007,TON,106744.0,,0.114,1.064
Tonga,2008,TON,107036.0,,0.106,0.993
Tonga,2009,TON,107219.0,,0.121,1.128
Tonga,2010,TON,107415.0,,0.117,1.092
Tonga,2011,TON,107584.0,,0.106,0.988
Tonga,2012,TON,107476.0,,0.106,0.989
Tonga,2013,TON,107093.0,,0.11,1.026
Tonga,2014,TON,106627.0,,0.106,0.997
Tonga,2015,TON,106110.0,,0.106,1.001
Tonga,2016,TON,105536.0,,0.139,1.319
Tonga,2017,TON,105373.0,,0.143,1.356
Tonga,2018,TON,105590.0,,0.132,1.249
Tonga,2019,TON,105688.0,,0.161,1.525
Tonga,2020,TON,105721.0,,0.139,1.317
Tonga,2021,TON,105504.0,,0.139,1.32
Tonga,2022,TON,105053.0,,0.147,1.395
Tonga,2023,TON,104613.0,,0.146,1.394
Tonga,2024,TON,104192.0,,0.153,1.464
Trinidad and Tobago,1950,TTO,648778.0,3700992000.0,2.352,3.626
Trinidad and Tobago,1951,TTO,665740.0,4026480975.0,2.514,3.776
Trinidad and Tobago,1952,TTO,683442.0,4164023546.0,2.796,4.091
Trinidad and Tobago,1953,TTO,701870.0,4275324823.0,2.935,4.181
Trinidad and Tobago,1954,TTO,721160.0,4351702500.0,2.836,3.932
Trinidad and Tobago,1955,TTO,741247.0,4959103916.0,2.722,3.672
Trinidad and Tobago,1956,TTO,761692.0,5987520000.0,2.879,3.78
Trinidad and Tobago,1957,TTO,782511.0,6515418407.0,2.564,3.277
Trinidad and Tobago,1958,TTO,803842.0,7050872381.0,3.477,4.325
Trinidad and Tobago,1959,TTO,825021.0,7479275588.0,3.092,3.747
Trinidad and Tobago,1960,TTO,844952.0,8381218843.0,2.579,3.052
Trinidad and Tobago,1961,TTO,863152.0,8747385227.0,4.598,5.327
Trinidad and Tobago,1962,TTO,880205.0,9214891586.0,7.232,8.216
Trinidad and Tobago,1963,TTO,896812.0,9684101092.0,1.677,1.87
Trinidad and Tobago,1964,TTO,912972.0,10015859226.0,3.792,4.153
Trinidad and Tobago,1965,TTO,928433.0,10525291584.0,5.191,5.591
Trinidad and Tobago,1966,TTO,942947.0,10983680775.0,4.052,4.297
Trinidad and Tobago,1967,TTO,956429.0,11213650587.0,4.634,4.845
Trinidad and Tobago,1968,TTO,969006.0,11795877310.0,4.037,4.166
Trinidad and Tobago,1969,TTO,980713.0,12121325100.0,3.901,3.978
Trinidad and Tobago,1970,TTO,991480.0,12549655000.0,8.99,9.068
Trinidad and Tobago,1971,TTO,1002588.0,12678761667.0,8.096,8.076
Trinidad and Tobago,1972,TTO,1014927.0,13411911497.0,8.236,8.114
Trinidad and Tobago,1973,TTO,1027860.0,13633377532.0,9.39,9.135
Trinidad and Tobago,1974,TTO,1040768.0,14363102717.0,10.042,9.649
Trinidad and Tobago,1975,TTO,1053468.0,14634735593.0,9.613,9.125
Trinidad and Tobago,1976,TTO,1066314.0,16033149773.0,15.911,14.921
Trinidad and Tobago,1977,TTO,1079560.0,17052216252.0,16.159,14.968
Trinidad and Tobago,1978,TTO,1093393.0,19043817728.0,15.312,14.004
Trinidad and Tobago,1979,TTO,1107652.0,19923964918.0,16.707,15.083
Trinidad and Tobago,1980,TTO,1121750.0,21520182347.0,16.919,15.083
Trinidad and Tobago,1981,TTO,1135140.0,22469886000.0,17.242,15.189
Trinidad and Tobago,1982,TTO,1147932.0,21154917000.0,18.405,16.033
Trinidad and Tobago,1983,TTO,1160537.0,19495336000.0,16.274,14.023
Trinidad and Tobago,1984,TTO,1172985.0,20667920000.0,17.503,14.922
Trinidad and Tobago,1985,TTO,1187370.0,19821819000.0,20.722,17.452
Trinidad and Tobago,1986,TTO,1203132.0,19172168000.0,17.353,14.423
Trinidad and Tobago,1987,TTO,1217367.0,18288025000.0,17.487,14.365
Trinidad and Tobago,1988,TTO,1230071.0,17577124000.0,15.831,12.87
Trinidad and Tobago,1989,TTO,1241606.0,17434560000.0,16.103,12.969
Trinidad and Tobago,1990,TTO,1252215.0,17710560000.0,16.978,13.559
Trinidad and Tobago,1991,TTO,1262174.0,17744930735.0,16.964,13.441
Trinidad and Tobago,1992,TTO,1271681.0,18033685367.0,19.098,15.018
Trinidad and Tobago,1993,TTO,1280474.0,17565341385.0,17.405,13.593
Trinidad and Tobago,1994,TTO,1288353.0,17136543834.0,15.342,11.908
Trinidad and Tobago,1995,TTO,1295167.0,18276117548.0,14.725,11.369
Trinidad and Tobago,1996,TTO,1300937.0,19382659994.0,18.449,14.181
Trinidad and Tobago,1997,TTO,1305838.0,20630081772.0,18.9,14.473
Trinidad and Tobago,1998,TTO,1310226.0,22081300091.0,19.892,15.182
Trinidad and Tobago,1999,TTO,1314711.0,23618240997.0,22.58,17.175
Trinidad and Tobago,2000,TTO,1319781.0,24996996038.0,24.35,18.45
Trinidad and Tobago,2001,TTO,1325573.0,25814786793.0,26.74,20.172
Trinidad and Tobago,2002,TTO,1332017.0,27665233734.0,28.683,21.533
Trinidad and Tobago,2003,TTO,1338718.0,31435997895.0,32.37,24.18
Trinidad and Tobago,2004,TTO,1345386.0,33689560531.0,32.688,24.297
Trinidad and Tobago,2005,TTO,1352040.0,35495977662.0,38.205,28.257
Trinidad and Tobago,2006,TTO,1358706.0,39852731106.0,42.708,31.433
Trinidad and Tobago,2007,TTO,1365381.0,41413662308.0,45.564,33.371
Trinidad and Tobago,2008,TTO,1372090.0,42494149374.0,44.443,32.39
Trinidad and Tobago,2009,TTO,1379056.0,40299152132.0,44.417,32.209
Trinidad and Tobago,2010,TTO,1386657.0,41285434067.0,47.092,33.961
Trinidad and Tobago,2011,TTO,1394990.0,40819362692.0,47.043,33.723
Trinidad and Tobago,2012,TTO,1403814.0,42669299120.0,46.159,32.881
Trinidad and Tobago,2013,TTO,1412658.0,44309506041.0,45.799,32.421
Trinidad and Tobago,2014,TTO,1421135.0,45781910542.0,46.866,32.978
Trinidad and Tobago,2015,TTO,1429190.0,45435797433.0,45.534,31.86
Trinidad and Tobago,2016,TTO,1437031.0,42362516644.0,39.867,27.743
Trinidad and Tobago,2017,TTO,1445265.0,40368511597.0,40.297,27.882
Trinidad and Tobago,2018,TTO,1470522.0,40016907555.0,40.307,27.41
Trinidad and Tobago,2019,TTO,1484898.0,40060922958.0,40.755,27.446
Trinidad and Tobago,2020,TTO,1481026.0,36985045051.0,35.043,23.661
Trinidad and Tobago,2021,TTO,1487715.0,36605213818.0,36.389,24.46
Trinidad and Tobago,2022,TTO,1495923.0,37513383973.0,37.493,25.063
Trinidad and Tobago,2023,TTO,1502938.0,,35.536,23.644
Trinidad and Tobago,2024,TTO,1507778.0,,34.576,22.932
Tunisia,1950,TUN,3608997.0,6250082100.0,1.219,0.338
Tunisia,1951,TUN,3682102.0,6316776058.0,1.377,0.374
Tunisia,1952,TUN,3758189.0,7094844783.0,1.443,0.384
Tunisia,1953,TUN,3837404.0,7363862753.0,1.377,0.359
Tunisia,1954,TUN,3919526.0,7524500846.0,1.406,0.359
Tunisia,1955,TUN,4005135.0,7134355814.0,1.596,0.398
Tunisia,1956,TUN,4082608.0,7607077377.0,1.559,0.382
Tunisia,1957,TUN,4136609.0,7297218326.0,1.574,0.38
Tunisia,1958,TUN,4177717.0,8247023500.0,1.446,0.346
Tunisia,1959,TUN,4220907.0,7905441743.0,1.588,0.376
Tunisia,1960,TUN,4267299.0,8883345622.0,1.724,0.404
Tunisia,1961,TUN,4316281.0,9650494413.0,1.765,0.409
Tunisia,1962,TUN,4369139.0,9421840763.0,1.794,0.411
Tunisia,1963,TUN,4427131.0,10848703085.0,1.944,0.439
Tunisia,1964,TUN,4489875.0,11318439637.0,2.753,0.613
Tunisia,1965,TUN,4561390.0,12030743530.0,2.46,0.539
Tunisia,1966,TUN,4652294.0,12325981048.0,2.882,0.619
Tunisia,1967,TUN,4760975.0,12245109778.0,3.083,0.648
Tunisia,1968,TUN,4879909.0,13537296963.0,3.592,0.736
Tunisia,1969,TUN,5004694.0,14014620952.0,3.852,0.77
Tunisia,1970,TUN,5131394.0,14847201687.0,3.739,0.729
Tunisia,1971,TUN,5261660.0,16419089140.0,4.218,0.802
Tunisia,1972,TUN,5396564.0,19331282416.0,4.753,0.881
Tunisia,1973,TUN,5537244.0,19208793632.0,4.85,0.876
Tunisia,1974,TUN,5684686.0,20753292238.0,5.428,0.955
Tunisia,1975,TUN,5839266.0,22239762733.0,5.594,0.958
Tunisia,1976,TUN,5996993.0,23993808706.0,5.891,0.982
Tunisia,1977,TUN,6155927.0,24812912197.0,6.819,1.108
Tunisia,1978,TUN,6309393.0,26410558703.0,7.603,1.205
Tunisia,1979,TUN,6456418.0,28142817664.0,8.972,1.39
Tunisia,1980,TUN,6606194.0,30237858313.0,9.784,1.481
Tunisia,1981,TUN,6758291.0,31905564960.0,10.2,1.509
Tunisia,1982,TUN,6908649.0,31737804555.0,9.878,1.43
Tunisia,1983,TUN,7053797.0,33229307822.0,11.92,1.69
Tunisia,1984,TUN,7220050.0,35132350649.0,12.193,1.689
Tunisia,1985,TUN,7409907.0,37105675442.0,12.704,1.714
Tunisia,1986,TUN,7600300.0,36535414658.0,12.861,1.692
Tunisia,1987,TUN,7789990.0,38972400033.0,12.717,1.633
Tunisia,1988,TUN,7974447.0,39018886689.0,13.436,1.685
Tunisia,1989,TUN,8151665.0,40468768291.0,14.273,1.751
Tunisia,1990,TUN,8324509.0,43649701957.0,14.622,1.757
Tunisia,1991,TUN,8501826.0,45587109207.0,16.755,1.971
Tunisia,1992,TUN,8682509.0,49384845105.0,15.843,1.825
Tunisia,1993,TUN,8857916.0,50757975923.0,17.18,1.939
Tunisia,1994,TUN,9018447.0,52754322601.0,16.761,1.858
Tunisia,1995,TUN,9161263.0,54252486853.0,16.623,1.815
Tunisia,1996,TUN,9294433.0,58083472037.0,17.211,1.852
Tunisia,1997,TUN,9421273.0,61515605479.0,17.81,1.89
Tunisia,1998,TUN,9541669.0,64700491559.0,18.292,1.917
Tunisia,1999,TUN,9655966.0,68718201843.0,18.709,1.938
Tunisia,2000,TUN,9764940.0,71818861344.0,19.436,1.99
Tunisia,2001,TUN,9869679.0,75444595962.0,20.261,2.053
Tunisia,2002,TUN,9971521.0,76877531228.0,20.38,2.044
Tunisia,2003,TUN,10071638.0,81240064067.0,21.042,2.089
Tunisia,2004,TUN,10166170.0,86232298416.0,22.144,2.178
Tunisia,2005,TUN,10255474.0,89804282207.0,22.516,2.196
Tunisia,2006,TUN,10346408.0,95016289901.0,22.915,2.215
Tunisia,2007,TUN,10441705.0,101101822575.0,24.725,2.368
Tunisia,2008,TUN,10542637.0,105766317552.0,25.453,2.414
Tunisia,2009,TUN,10650682.0,109299724050.0,25.353,2.38
Tunisia,2010,TUN,10765984.0,112484995734.0,27.9,2.591
Tunisia,2011,TUN,10886041.0,110760053250.0,26.429,2.428
Tunisia,2012,TUN,11009649.0,115430801370.0,28.194,2.561
Tunisia,2013,TUN,11141365.0,118235775346.0,28.773,2.583
Tunisia,2014,TUN,11274295.0,121889250523.0,29.875,2.65
Tunisia,2015,TUN,11402270.0,123069138453.0,31.381,2.752
Tunisia,2016,TUN,11528676.0,124443824545.0,30.971,2.686
Tunisia,2017,TUN,11650504.0,127228891219.0,31.677,2.719
Tunisia,2018,TUN,11765515.0,130568635947.0,31.122,2.645
Tunisia,2019,TUN,11875084.0,132642060864.0,30.579,2.575
Tunisia,2020,TUN,11974058.0,120945694784.0,28.845,2.409
Tunisia,2021,TUN,12048625.0,126273349199.0,31.527,2.617
Tunisia,2022,TUN,12119338.0,129457959410.0,30.785,2.54
Tunisia,2023,TUN,12200434.0,,31.738,2.601
Tunisia,2024,TUN,12277103.0,,32.664,2.661
Turkey,1950,TUR,21021142.0,43911886798.0,9.488,0.451
Turkey,1951,TUR,21643878.0,49817798830.0,10.184,0.471
Turkey,1952,TUR,22290093.0,56078379246.0,10.474,0.47
Turkey,1953,TUR,22958552.0,62669765390.0,12.965,0.565
Turkey,1954,TUR,23636110.0,61217097003.0,13.433,0.568
Turkey,1955,TUR,24310513.0,66494146640.0,13.619,0.56
Turkey,1956,TUR,25057603.0,69084524613.0,14.362,0.573
Turkey,1957,TUR,25880920.0,74959143203.0,15.97,0.617
Turkey,1958,TUR,26704966.0,78801426357.0,16.035,0.6
Turkey,1959,TUR,27526336.0,82888105957.0,17.192,0.625
Turkey,1960,TUR,28329895.0,85808265246.0,16.799,0.593
Turkey,1961,TUR,29119235.0,87728589171.0,17.341,0.596
Turkey,1962,TUR,29916149.0,93596080671.0,21.605,0.722
Turkey,1963,TUR,30726846.0,102938110652.0,22.64,0.737
Turkey,1964,TUR,31543074.0,107828078666.0,26.306,0.834
Turkey,1965,TUR,32345213.0,111220451968.0,27.353,0.846
Turkey,1966,TUR,33177679.0,124959745875.0,31.506,0.95
Turkey,1967,TUR,34050420.0,131273062160.0,33.479,0.983
Turkey,1968,TUR,34921681.0,140827131703.0,36.265,1.038
Turkey,1969,TUR,35787778.0,149141534105.0,38.753,1.083
Turkey,1970,TUR,36638458.0,157265367609.0,42.579,1.162
Turkey,1971,TUR,37518610.0,172474534238.0,47.644,1.27
Turkey,1972,TUR,38430215.0,184802765953.0,53.736,1.398
Turkey,1973,TUR,39329533.0,194442379101.0,59.332,1.509
Turkey,1974,TUR,40210234.0,211512796257.0,60.961,1.516
Turkey,1975,TUR,41053123.0,231789908328.0,65.463,1.595
Turkey,1976,TUR,41899990.0,253392368632.0,73.42,1.752
Turkey,1977,TUR,42773301.0,265743913359.0,81.2,1.898
Turkey,1978,TUR,43645306.0,274794563281.0,76.814,1.76
Turkey,1979,TUR,44510430.0,274002543890.0,75.139,1.688
Turkey,1980,TUR,45408818.0,273441194023.0,75.318,1.659
Turkey,1981,TUR,46321190.0,286816306359.0,79.321,1.712
Turkey,1982,TUR,47322104.0,302868955511.0,86.361,1.825
Turkey,1983,TUR,48447413.0,315758770277.0,89.956,1.857
Turkey,1984,TUR,49574065.0,335720503375.0,95.093,1.918
Turkey,1985,TUR,50687118.0,354837207539.0,105.878,2.089
Turkey,1986,TUR,51777768.0,381728509675.0,115.872,2.238
Turkey,1987,TUR,52843671.0,417316000921.0,128.748,2.436
Turkey,1988,TUR,53909628.0,435877005093.0,125.065,2.32
Turkey,1989,TUR,54976719.0,443256143906.0,137.933,2.509
Turkey,1990,TUR,56015627.0,486761175773.0,154.572,2.759
Turkey,1991,TUR,57009892.0,498030901697.0,161.126,2.826
Turkey,1992,TUR,57990121.0,535075772045.0,167.234,2.884
Turkey,1993,TUR,58999164.0,586262069548.0,174.291,2.954
Turkey,1994,TUR,60033832.0,562010879560.0,170.592,2.842
Turkey,1995,TUR,61024501.0,610881311777.0,184.675,3.026
Turkey,1996,TUR,61951134.0,662700429389.0,203.098,3.278
Turkey,1997,TUR,62852968.0,722433616413.0,215.512,3.429
Turkey,1998,TUR,63734385.0,754598720693.0,215.586,3.383
Turkey,1999,TUR,64591916.0,725083487631.0,211.238,3.27
Turkey,2000,TUR,65425957.0,785054993224.0,232.934,3.56
Turkey,2001,TUR,66245125.0,732284634333.0,216.872,3.274
Turkey,2002,TUR,67048792.0,796073298321.0,224.32,3.346
Turkey,2003,TUR,67831735.0,848549642280.0,239.849,3.536
Turkey,2004,TUR,68592621.0,931152861082.0,247.843,3.613
Turkey,2005,TUR,69329557.0,1017383777200.0,267.711,3.861
Turkey,2006,TUR,70045351.0,1096826103018.0,285.429,4.075
Turkey,2007,TUR,70750593.0,1158406990670.0,316.497,4.473
Turkey,2008,TUR,71562343.0,1179868355277.0,312.628,4.369
Turkey,2009,TUR,72464846.0,1122756788420.0,318.568,4.396
Turkey,2010,TUR,73346766.0,1240496805446.0,318.71,4.345
Turkey,2011,TUR,74215203.0,1364782716000.0,344.215,4.638
Turkey,2012,TUR,75197196.0,1430132002360.0,358.645,4.769
Turkey,2013,TUR,76403032.0,1551491738617.0,350.634,4.589
Turkey,2014,TUR,78036154.0,1628131977724.0,367.272,4.706
Turkey,2015,TUR,80014222.0,1727192876718.0,387.704,4.845
Turkey,2016,TUR,81652087.0,1784590365590.0,405.552,4.967
Turkey,2017,TUR,83083667.0,1918472081554.0,430.622,5.183
Turkey,2018,TUR,84415966.0,1975637604336.0,423.818,5.021
Turkey,2019,TUR,85357670.0,1991116616493.0,406.568,4.763
Turkey,2020,TUR,86091691.0,2029749392174.0,416.328,4.836
Turkey,2021,TUR,86686254.0,2260196231771.0,457.377,5.276
Turkey,2022,TUR,87058469.0,2385996374127.0,443.603,5.095
Turkey,2023,TUR,87270502.0,,486.945,5.58
Turkey,2024,TUR,87473800.0,,513.035,5.865
Turkmenistan,1950,TKM,1269184.0,,5.664,4.463
Turkmenistan,1951,TKM,1294081.0,,6.13,4.737
Turkmenistan,1952,TKM,1320542.0,,6.563,4.97
Turkmenistan,1953,TKM,1349681.0,,6.941,5.143
Turkmenistan,1954,TKM,1382365.0,,7.571,5.477
Turkmenistan,1955,TKM,1418174.0,,8.585,6.053
Turkmenistan,1956,TKM,1457212.0,,9.427,6.469
Turkmenistan,1957,TKM,1499562.0,,10.324,6.885
Turkmenistan,1958,TKM,1545182.0,,11.032,7.14
Turkmenistan,1959,TKM,1593426.0,,11.602,7.281
Turkmenistan,1960,TKM,1643462.0,,12.086,7.354
Turkmenistan,1961,TKM,1695407.0,,12.485,7.364
Turkmenistan,1962,TKM,1749224.0,,13.128,7.505
Turkmenistan,1963,TKM,1804267.0,,14.102,7.816
Turkmenistan,1964,TKM,1860001.0,,15.019,8.075
Turkmenistan,1965,TKM,1915919.0,,15.942,8.321
Turkmenistan,1966,TKM,1971746.0,,16.844,8.542
Turkmenistan,1967,TKM,2027402.0,,17.633,8.697
Turkmenistan,1968,TKM,2083075.0,,18.149,8.713
Turkmenistan,1969,TKM,2139031.0,,18.917,8.844
Turkmenistan,1970,TKM,2195617.0,,19.884,9.056
Turkmenistan,1971,TKM,2253123.0,,21.129,9.378
Turkmenistan,1972,TKM,2311431.0,,22.248,9.625
Turkmenistan,1973,TKM,2370918.0,18306092637.0,23.21,9.789
Turkmenistan,1974,TKM,2432032.0,,24.117,9.917
Turkmenistan,1975,TKM,2494573.0,,25.369,10.17
Turkmenistan,1976,TKM,2558525.0,,26.343,10.296
Turkmenistan,1977,TKM,2623946.0,,27.237,10.38
Turkmenistan,1978,TKM,2691095.0,,28.179,10.471
Turkmenistan,1979,TKM,2760361.0,,28.408,10.291
Turkmenistan,1980,TKM,2832201.0,19444524862.0,29.51,10.42
Turkmenistan,1981,TKM,2907193.0,19642542385.0,28.976,9.967
Turkmenistan,1982,TKM,2985566.0,19846216931.0,29.521,9.888
Turkmenistan,1983,TKM,3067535.0,20202500985.0,29.945,9.762
Turkmenistan,1984,TKM,3154080.0,19981354384.0,30.215,9.58
Turkmenistan,1985,TKM,3247541.0,20045559320.0,32.564,10.027
Turkmenistan,1986,TKM,3347813.0,20620067885.0,35.821,10.7
Turkmenistan,1987,TKM,3452736.0,21125901205.0,36.389,10.539
Turkmenistan,1988,TKM,3559364.0,23051920018.0,37.2,10.451
Turkmenistan,1989,TKM,3662464.0,21128380000.0,37.649,10.28
Turkmenistan,1990,TKM,3760561.0,21201768000.0,33.361,8.871
Turkmenistan,1991,TKM,3855902.0,20437989542.0,30.439,7.894
Turkmenistan,1992,TKM,3944689.0,17569987922.0,31.994,8.111
Turkmenistan,1993,TKM,4032415.0,18037537140.0,27.516,6.824
Turkmenistan,1994,TKM,4116662.0,15091315379.0,34.216,8.312
Turkmenistan,1995,TKM,4191207.0,14166397093.0,34.569,8.248
Turkmenistan,1996,TKM,4263818.0,13366623522.0,31.654,7.424
Turkmenistan,1997,TKM,4336732.0,11995995999.0,31.196,7.193
Turkmenistan,1998,TKM,4410511.0,12945785203.0,33.446,7.583
Turkmenistan,1999,TKM,4492174.0,15251899688.0,39.797,8.859
Turkmenistan,2000,TKM,4582675.0,18299208667.0,39.361,8.589
Turkmenistan,2001,TKM,4675416.0,22282743473.0,34.034,7.279
Turkmenistan,2002,TKM,4769473.0,26092440396.0,30.131,6.317
Turkmenistan,2003,TKM,4863871.0,30907677346.0,40.568,8.341
Turkmenistan,2004,TKM,4958091.0,35857575608.0,49.355,9.954
Turkmenistan,2005,TKM,5052260.0,41000508021.0,47.929,9.487
Turkmenistan,2006,TKM,5147103.0,46019998793.0,49.5,9.617
Turkmenistan,2007,TKM,5244047.0,51693703669.0,49.183,9.379
Turkmenistan,2008,TKM,5345033.0,60001295021.0,59.438,11.12
Turkmenistan,2009,TKM,5451597.0,64409212896.0,52.462,9.623
Turkmenistan,2010,TKM,5564356.0,71115148352.0,59.184,10.636
Turkmenistan,2011,TKM,5683413.0,82520290491.0,65.155,11.464
Turkmenistan,2012,TKM,5808548.0,87581261691.0,66.939,11.524
Turkmenistan,2013,TKM,5939348.0,87286119372.0,64.34,10.833
Turkmenistan,2014,TKM,6075286.0,90639646545.0,62.799,10.337
Turkmenistan,2015,TKM,6215773.0,93346148579.0,63.092,10.15
Turkmenistan,2016,TKM,6360041.0,92434154525.0,62.091,9.763
Turkmenistan,2017,TKM,6507065.0,96785037864.0,62.957,9.675
Turkmenistan,2018,TKM,6655523.0,97638670425.0,61.302,9.211
Turkmenistan,2019,TKM,6803943.0,94329707021.0,62.254,9.15
Turkmenistan,2020,TKM,6949915.0,91559235694.0,62.905,9.051
Turkmenistan,2021,TKM,7092042.0,95789282239.0,91.694,12.929
Turkmenistan,2022,TKM,7230197.0,97502944727.0,102.063,14.116
Turkmenistan,2023,TKM,7364437.0,,95.421,12.957
Turkmenistan,2024,TKM,7494494.0,,81.006,10.809
Turks and Caicos Islands,1950,TCA,5059.0,,,
Turks and Caicos Islands,1951,TCA,5076.0,,,
Turks and Caicos Islands,1952,TCA,5038.0,,,
Turks and Caicos Islands,1953,TCA,5008.0,,,
Turks and Caicos Islands,1954,TCA,5049.0,,,
Turks and Caicos Islands,1955,TCA,5157.0,,,
Turks and Caicos Islands,1956,TCA,5271.0,,,
Turks and Caicos Islands,1957,TCA,5383.0,,,
Turks and Caicos Islands,1958,TCA,5468.0,,,
Turks and Caicos Islands,1959,TCA,5557.0,,,
Turks and Caicos Islands,1960,TCA,5620.0,,,
Turks and Caicos Islands,1961,TCA,5643.0,,,
Turks and Caicos Islands,1962,TCA,5657.0,,,
Turks and Caicos Islands,1963,TCA,5674.0,,,
Turks and Caicos Islands,1964,TCA,5681.0,,,
Turks and Caicos Islands,1965,TCA,5683.0,,,
Turks and Caicos Islands,1966,TCA,5675.0,,,
Turks and Caicos Islands,1967,TCA,5684.0,,,
Turks and Caicos Islands,1968,TCA,5679.0,,,
Turks and Caicos Islands,1969,TCA,5674.0,,,
Turks and Caicos Islands,1970,TCA,5686.0,,,
Turks and Caicos Islands,1971,TCA,5773.0,,,
Turks and Caicos Islands,1972,TCA,5936.0,,,
Turks and Caicos Islands,1973,TCA,6112.0,,,
Turks and Caicos Islands,1974,TCA,6296.0,,,
Turks and Caicos Islands,1975,TCA,6486.0,,,
Turks and Caicos Islands,1976,TCA,6677.0,,,
Turks and Caicos Islands,1977,TCA,6885.0,,,
Turks and Caicos Islands,1978,TCA,7105.0,,,
Turks and Caicos Islands,1979,TCA,7327.0,,,
Turks and Caicos Islands,1980,TCA,7584.0,,,
Turks and Caicos Islands,1981,TCA,7927.0,,,
Turks and Caicos Islands,1982,TCA,8316.0,,,
Turks and Caicos Islands,1983,TCA,8722.0,,,
Turks and Caicos Islands,1984,TCA,9127.0,,,
Turks and Caicos Islands,1985,TCA,9545.0,,,
Turks and Caicos Islands,1986,TCA,9962.0,,,
Turks and Caicos Islands,1987,TCA,10384.0,,,
Turks and Caicos Islands,1988,TCA,10800.0,,,
Turks and Caicos Islands,1989,TCA,11213.0,,,
Turks and Caicos Islands,1990,TCA,11708.0,,0.059,5.007
Turks and Caicos Islands,1991,TCA,12328.0,,0.062,5.053
Turks and Caicos Islands,1992,TCA,12992.0,,0.062,4.794
Turks and Caicos Islands,1993,TCA,13670.0,,0.066,4.825
Turks and Caicos Islands,1994,TCA,14368.0,,0.07,4.845
Turks and Caicos Islands,1995,TCA,15074.0,,0.073,4.861
Turks and Caicos Islands,1996,TCA,15786.0,,0.073,4.642
Turks and Caicos Islands,1997,TCA,16505.0,,0.084,5.106
Turks and Caicos Islands,1998,TCA,17236.0,,0.088,5.102
Turks and Caicos Islands,1999,TCA,17981.0,,0.099,5.502
Turks and Caicos Islands,2000,TCA,18754.0,,0.106,5.666
Turks and Caicos Islands,2001,TCA,19603.0,,0.114,5.794
Turks and Caicos Islands,2002,TCA,20619.0,,0.15,7.286
Turks and Caicos Islands,2003,TCA,21749.0,,0.154,7.076
Turks and Caicos Islands,2004,TCA,22881.0,,0.161,7.046
Turks and Caicos Islands,2005,TCA,24011.0,,0.187,7.782
Turks and Caicos Islands,2006,TCA,25146.0,,0.216,8.597
Turks and Caicos Islands,2007,TCA,26290.0,,0.253,9.616
Turks and Caicos Islands,2008,TCA,27452.0,,0.264,9.61
Turks and Caicos Islands,2009,TCA,28610.0,,0.275,9.605
Turks and Caicos Islands,2010,TCA,29763.0,,0.282,9.479
Turks and Caicos Islands,2011,TCA,30870.0,,0.282,9.139
Turks and Caicos Islands,2012,TCA,32152.0,,0.282,8.775
Turks and Caicos Islands,2013,TCA,33675.0,,0.286,8.487
Turks and Caicos Islands,2014,TCA,35077.0,,0.308,8.774
Turks and Caicos Islands,2015,TCA,36632.0,,0.315,8.602
Turks and Caicos Islands,2016,TCA,38342.0,,0.326,8.505
Turks and Caicos Islands,2017,TCA,39931.0,,0.352,8.809
Turks and Caicos Islands,2018,TCA,41580.0,,0.359,8.636
Turks and Caicos Islands,2019,TCA,43191.0,,0.363,8.398
Turks and Caicos Islands,2020,TCA,44405.0,,0.359,8.086
Turks and Caicos Islands,2021,TCA,45262.0,,0.366,8.095
Turks and Caicos Islands,2022,TCA,45869.0,,0.366,7.97
Turks and Caicos Islands,2023,TCA,46221.0,,0.365,7.893
Turks and Caicos Islands,2024,TCA,46563.0,,0.379,8.136
Tuvalu,1950,TUV,4784.0,,,
Tuvalu,1951,TUV,4947.0,,,
Tuvalu,1952,TUV,5072.0,,,
Tuvalu,1953,TUV,5198.0,,,
Tuvalu,1954,TUV,5292.0,,,
Tuvalu,1955,TUV,5361.0,,,
Tuvalu,1956,TUV,5408.0,,,
Tuvalu,1957,TUV,5455.0,,,
Tuvalu,1958,TUV,5517.0,,,
Tuvalu,1959,TUV,5577.0,,,
Tuvalu,1960,TUV,5619.0,,,
Tuvalu,1961,TUV,5669.0,,,
Tuvalu,1962,TUV,5721.0,,,
Tuvalu,1963,TUV,5773.0,,,
Tuvalu,1964,TUV,5771.0,,,
Tuvalu,1965,TUV,5731.0,,,
Tuvalu,1966,TUV,5705.0,,,
Tuvalu,1967,TUV,5674.0,,,
Tuvalu,1968,TUV,5644.0,,,
Tuvalu,1969,TUV,5653.0,,,
Tuvalu,1970,TUV,5684.0,,,
Tuvalu,1971,TUV,5704.0,,,
Tuvalu,1972,TUV,5712.0,,,
Tuvalu,1973,TUV,5704.0,,,
Tuvalu,1974,TUV,5844.0,,,
Tuvalu,1975,TUV,6133.0,,,
Tuvalu,1976,TUV,6427.0,,,
Tuvalu,1977,TUV,6708.0,,,
Tuvalu,1978,TUV,6980.0,,,
Tuvalu,1979,TUV,7207.0,,,
Tuvalu,1980,TUV,7387.0,,,
Tuvalu,1981,TUV,7545.0,,,
Tuvalu,1982,TUV,7686.0,,,
Tuvalu,1983,TUV,7809.0,,,
Tuvalu,1984,TUV,7926.0,,,
Tuvalu,1985,TUV,8068.0,,,
Tuvalu,1986,TUV,8238.0,,,
Tuvalu,1987,TUV,8393.0,,,
Tuvalu,1988,TUV,8539.0,,,
Tuvalu,1989,TUV,8685.0,,,
Tuvalu,1990,TUV,8821.0,,0.004,0.415
Tuvalu,1991,TUV,8953.0,,0.004,0.409
Tuvalu,1992,TUV,9060.0,,0.004,0.404
Tuvalu,1993,TUV,9146.0,,0.007,0.801
Tuvalu,1994,TUV,9231.0,,0.004,0.397
Tuvalu,1995,TUV,9299.0,,0.004,0.394
Tuvalu,1996,TUV,9363.0,,0.004,0.391
Tuvalu,1997,TUV,9425.0,,0.007,0.778
Tuvalu,1998,TUV,9469.0,,0.007,0.774
Tuvalu,1999,TUV,9518.0,,0.007,0.77
Tuvalu,2000,TUV,9566.0,,0.007,0.766
Tuvalu,2001,TUV,9608.0,,0.007,0.763
Tuvalu,2002,TUV,9645.0,,0.011,1.14
Tuvalu,2003,TUV,9715.0,,0.011,1.131
Tuvalu,2004,TUV,9839.0,,0.011,1.117
Tuvalu,2005,TUV,9964.0,,0.011,1.103
Tuvalu,2006,TUV,10078.0,,0.011,1.091
Tuvalu,2007,TUV,10204.0,,0.011,1.077
Tuvalu,2008,TUV,10344.0,,0.007,0.708
Tuvalu,2009,TUV,10479.0,,0.011,1.049
Tuvalu,2010,TUV,10635.0,,0.011,1.034
Tuvalu,2011,TUV,10804.0,,0.011,1.017
Tuvalu,2012,TUV,10960.0,,0.011,1.003
Tuvalu,2013,TUV,11028.0,,0.007,0.664
Tuvalu,2014,TUV,11007.0,,0.007,0.666
Tuvalu,2015,TUV,10985.0,,0.007,0.667
Tuvalu,2016,TUV,10951.0,,0.007,0.669
Tuvalu,2017,TUV,10892.0,,0.007,0.673
Tuvalu,2018,TUV,10775.0,,0.011,1.02
Tuvalu,2019,TUV,10603.0,,0.011,1.037
Tuvalu,2020,TUV,10423.0,,0.011,1.055
Tuvalu,2021,TUV,10214.0,,0.011,1.076
Tuvalu,2022,TUV,10012.0,,0.011,1.098
Tuvalu,2023,TUV,9837.0,,0.011,1.112
Tuvalu,2024,TUV,9669.0,,0.011,1.183
Uganda,1950,UGA,5750917.0,6046324804.0,0.106,0.018
Uganda,1951,UGA,5911173.0,5801402529.0,0.139,0.024
Uganda,1952,UGA,6077045.0,6162635093.0,0.143,0.024
Uganda,1953,UGA,6249442.0,6438134091.0,0.209,0.033
Uganda,1954,UGA,6428381.0,6350409869.0,0.22,0.034
Uganda,1955,UGA,6613776.0,6765993342.0,0.264,0.04
Uganda,1956,UGA,6805457.0,7142696923.0,0.264,0.039
Uganda,1957,UGA,7003888.0,7449859089.0,0.278,0.04
Uganda,1958,UGA,7209760.0,7495622367.0,0.293,0.041
Uganda,1959,UGA,7423432.0,7878386197.0,0.414,0.056
Uganda,1960,UGA,7640975.0,8256736885.0,0.421,0.055
Uganda,1961,UGA,7862221.0,8166385791.0,0.406,0.052
Uganda,1962,UGA,8092231.0,8503809343.0,0.428,0.053
Uganda,1963,UGA,8333660.0,9473010073.0,0.432,0.052
Uganda,1964,UGA,8586366.0,10192330085.0,0.491,0.057
Uganda,1965,UGA,8849209.0,10419503080.0,0.626,0.071
Uganda,1966,UGA,9122864.0,11059396250.0,0.732,0.08
Uganda,1967,UGA,9408922.0,11659385068.0,0.809,0.086
Uganda,1968,UGA,9708633.0,11957811164.0,0.981,0.101
Uganda,1969,UGA,10014863.0,13267767093.0,1.175,0.117
Uganda,1970,UGA,10321608.0,13464732876.0,1.443,0.14
Uganda,1971,UGA,10618207.0,13862209370.0,1.438,0.135
Uganda,1972,UGA,10885795.0,13946162054.0,1.378,0.127
Uganda,1973,UGA,11144237.0,13879869469.0,1.176,0.106
Uganda,1974,UGA,11424845.0,13895202111.0,1.19,0.104
Uganda,1975,UGA,11725240.0,13613860390.0,1.129,0.096
Uganda,1976,UGA,12037302.0,13704128947.0,0.985,0.082
Uganda,1977,UGA,12359671.0,13930048292.0,0.802,0.065
Uganda,1978,UGA,12692122.0,13165740585.0,0.695,0.055
Uganda,1979,UGA,13002167.0,11725757039.0,0.671,0.052
Uganda,1980,UGA,13275751.0,11322223500.0,0.63,0.047
Uganda,1981,UGA,13556457.0,11745407552.0,0.531,0.039
Uganda,1982,UGA,13873637.0,12712719656.0,0.545,0.039
Uganda,1983,UGA,14221891.0,13658978074.0,0.617,0.043
Uganda,1984,UGA,14607679.0,12485803763.0,0.58,0.04
Uganda,1985,UGA,15023679.0,12751084443.0,0.617,0.041
Uganda,1986,UGA,15467581.0,12793400876.0,0.702,0.045
Uganda,1987,UGA,15954165.0,13611121362.0,0.772,0.048
Uganda,1988,UGA,16470485.0,14591129007.0,0.863,0.052
Uganda,1989,UGA,17010704.0,15637285447.0,0.804,0.047
Uganda,1990,UGA,17569895.0,16268766281.0,0.761,0.043
Uganda,1991,UGA,18155901.0,16538921393.0,0.783,0.043
Uganda,1992,UGA,18785037.0,17483615008.0,0.801,0.043
Uganda,1993,UGA,19445161.0,18599694641.0,0.797,0.041
Uganda,1994,UGA,20108804.0,19993293080.0,0.712,0.035
Uganda,1995,UGA,20665673.0,21811147459.0,0.925,0.045
Uganda,1996,UGA,21231553.0,23216439568.0,1.018,0.048
Uganda,1997,UGA,21856044.0,24283122652.0,1.062,0.049
Uganda,1998,UGA,22515809.0,25735377689.0,1.209,0.054
Uganda,1999,UGA,23257279.0,27748054330.0,1.255,0.054
Uganda,2000,UGA,24000158.0,28839086120.0,1.361,0.057
Uganda,2001,UGA,24745678.0,31387264047.0,1.417,0.057
Uganda,2002,UGA,25532872.0,33626854165.0,1.443,0.056
Uganda,2003,UGA,26352124.0,35593796200.0,1.513,0.057
Uganda,2004,UGA,27154513.0,37411396915.0,1.607,0.059
Uganda,2005,UGA,27963287.0,40921116463.0,2.018,0.072
Uganda,2006,UGA,28794005.0,43572248099.0,2.387,0.083
Uganda,2007,UGA,29653437.0,46853864818.0,2.706,0.091
Uganda,2008,UGA,30539547.0,51468911832.0,2.78,0.091
Uganda,2009,UGA,31451147.0,55303695281.0,2.996,0.095
Uganda,2010,UGA,32390801.0,59228535712.0,3.57,0.11
Uganda,2011,UGA,33354541.0,62855840742.0,3.828,0.115
Uganda,2012,UGA,34337436.0,64322268140.0,3.627,0.106
Uganda,2013,UGA,35337050.0,66855286085.0,3.755,0.106
Uganda,2014,UGA,36395542.0,70696115682.0,4.09,0.112
Uganda,2015,UGA,37531444.0,76356053069.0,4.529,0.121
Uganda,2016,UGA,38799153.0,76477462940.0,4.817,0.124
Uganda,2017,UGA,40177384.0,81700865546.0,5.406,0.135
Uganda,2018,UGA,41565839.0,86196050499.0,5.549,0.133
Uganda,2019,UGA,42999636.0,92903828922.0,5.761,0.134
Uganda,2020,UGA,44457148.0,91695146192.0,5.571,0.125
Uganda,2021,UGA,45910931.0,97200521048.0,6.232,0.136
Uganda,2022,UGA,47312718.0,101995416951.0,6.128,0.13
Uganda,2023,UGA,48656606.0,,6.236,0.128
Uganda,2024,UGA,50015091.0,,6.334,0.127
Ukraine,1950,UKR,37310888.0,,131.731,3.531
Ukraine,1951,UKR,37807755.0,,142.771,3.776
Ukraine,1952,UKR,38306714.0,,152.885,3.991
Ukraine,1953,UKR,38806088.0,,161.745,4.168
Ukraine,1954,UKR,39320025.0,,176.653,4.493
Ukraine,1955,UKR,39859717.0,,200.308,5.025
Ukraine,1956,UKR,40419148.0,,219.607,5.433
Ukraine,1957,UKR,40998772.0,,240.306,5.861
Ukraine,1958,UKR,41627069.0,,256.475,6.161
Ukraine,1959,UKR,42244271.0,,269.626,6.383
Ukraine,1960,UKR,42824099.0,,280.679,6.554
Ukraine,1961,UKR,43399769.0,,289.394,6.668
Ukraine,1962,UKR,43943675.0,,303.653,6.91
Ukraine,1963,UKR,44462370.0,,325.609,7.323
Ukraine,1964,UKR,44951157.0,,346.245,7.703
Ukraine,1965,UKR,45386896.0,,367.247,8.091
Ukraine,1966,UKR,45802523.0,,387.781,8.466
Ukraine,1967,UKR,46215989.0,,405.413,8.772
Ukraine,1968,UKR,46614333.0,,416.737,8.94
Ukraine,1969,UKR,46976251.0,,433.97,9.238
Ukraine,1970,UKR,47261309.0,,456.476,9.659
Ukraine,1971,UKR,47573291.0,,484.372,10.182
Ukraine,1972,UKR,47946893.0,,509.616,10.629
Ukraine,1973,UKR,48277120.0,379632613660.0,531.097,11.001
Ukraine,1974,UKR,48576573.0,,551.258,11.348
Ukraine,1975,UKR,48865230.0,,579.427,11.858
Ukraine,1976,UKR,49120842.0,,601.716,12.25
Ukraine,1977,UKR,49336485.0,,622.134,12.61
Ukraine,1978,UKR,49521243.0,,643.431,12.993
Ukraine,1979,UKR,49721384.0,,648.771,13.048
Ukraine,1980,UKR,49955147.0,423744972320.0,674.349,13.499
Ukraine,1981,UKR,50189280.0,436799200917.0,661.273,13.176
Ukraine,1982,UKR,50402724.0,450250846218.0,673.809,13.369
Ukraine,1983,UKR,50637026.0,469722640781.0,683.29,13.494
Ukraine,1984,UKR,50887600.0,481090597500.0,689.314,13.546
Ukraine,1985,UKR,51108771.0,478213638082.0,743.673,14.551
Ukraine,1986,UKR,51318738.0,480702421500.0,740.756,14.434
Ukraine,1987,UKR,51515727.0,494152243875.0,734.119,14.25
Ukraine,1988,UKR,51724854.0,499008450843.0,727.528,14.065
Ukraine,1989,UKR,51917825.0,519237886703.0,683.856,13.172
Ukraine,1990,UKR,52054096.0,495935180914.0,706.526,13.573
Ukraine,1991,UKR,52170967.0,460353469353.0,633.194,12.137
Ukraine,1992,UKR,52323675.0,421710473536.0,589.505,11.267
Ukraine,1993,UKR,52350122.0,367893677382.0,510.495,9.752
Ukraine,1994,UKR,52076000.0,288418666392.0,419.63,8.058
Ukraine,1995,UKR,51665535.0,257477945796.0,390.173,7.552
Ukraine,1996,UKR,51226111.0,235602711740.0,351.834,6.868
Ukraine,1997,UKR,50786881.0,232333254592.0,340.586,6.706
Ukraine,1998,UKR,50379728.0,231737294856.0,328.878,6.528
Ukraine,1999,UKR,49976445.0,235148309693.0,298.636,5.976
Ukraine,2000,UKR,49556654.0,253196030608.0,285.663,5.764
Ukraine,2001,UKR,49106854.0,281110336028.0,303.876,6.188
Ukraine,2002,UKR,48677280.0,301087057315.0,295.901,6.079
Ukraine,2003,UKR,48315133.0,335257370240.0,307.245,6.359
Ukraine,2004,UKR,47979502.0,381078098070.0,310.626,6.474
Ukraine,2005,UKR,47585558.0,399366244154.0,313.513,6.588
Ukraine,2006,UKR,47278691.0,436786761547.0,333.054,7.044
Ukraine,2007,UKR,47062802.0,480580682697.0,336.829,7.157
Ukraine,2008,UKR,46819168.0,499592169886.0,325.983,6.963
Ukraine,2009,UKR,46623731.0,431074416655.0,277.593,5.954
Ukraine,2010,UKR,46455997.0,439429783004.0,294.366,6.336
Ukraine,2011,UKR,46307854.0,471221167316.0,308.376,6.659
Ukraine,2012,UKR,46210051.0,472276721174.0,304.43,6.588
Ukraine,2013,UKR,46126760.0,472286166147.0,297.54,6.45
Ukraine,2014,UKR,45972379.0,441233307180.0,257.703,5.606
Ukraine,2015,UKR,45784904.0,398045419167.0,223.85,4.889
Ukraine,2016,UKR,45616831.0,407666198456.0,234.106,5.132
Ukraine,2017,UKR,45436037.0,417287091525.0,223.288,4.914
Ukraine,2018,UKR,45208903.0,431842093109.0,231.9,5.13
Ukraine,2019,UKR,44957451.0,445656664440.0,222.188,4.942
Ukraine,2020,UKR,44680008.0,428931213784.0,207.101,4.635
Ukraine,2021,UKR,44298642.0,443313281092.0,210.636,4.755
Ukraine,2022,UKR,41048768.0,309166674673.0,143.04,3.485
Ukraine,2023,UKR,37732833.0,,139.325,3.692
Ukraine,2024,UKR,37860221.0,,142.498,3.764
United Arab Emirates,1950,ARE,74532.0,1801016555.0,,
United Arab Emirates,1951,ARE,79554.0,1952218839.0,,
United Arab Emirates,1952,ARE,84780.0,2069254842.0,,
United Arab Emirates,1953,ARE,90166.0,2274657938.0,,
United Arab Emirates,1954,ARE,95670.0,2533920120.0,,
United Arab Emirates,1955,ARE,101272.0,2595100295.0,,
United Arab Emirates,1956,ARE,106976.0,2787876752.0,,
United Arab Emirates,1957,ARE,112797.0,2888693034.0,,
United Arab Emirates,1958,ARE,118776.0,3031029701.0,,
United Arab Emirates,1959,ARE,124949.0,3342554203.0,0.011,0.088
United Arab Emirates,1960,ARE,131348.0,3684790259.0,0.011,0.084
United Arab Emirates,1961,ARE,138002.0,4027034502.0,0.011,0.08
United Arab Emirates,1962,ARE,144963.0,4477176992.0,0.018,0.126
United Arab Emirates,1963,ARE,152223.0,4936303617.0,0.022,0.144
United Arab Emirates,1964,ARE,159702.0,5442472285.0,0.018,0.115
United Arab Emirates,1965,ARE,167121.0,5997095763.0,0.022,0.132
United Arab Emirates,1966,ARE,173988.0,6609458478.0,0.026,0.147
United Arab Emirates,1967,ARE,179708.0,7284735712.0,0.916,5.097
United Arab Emirates,1968,ARE,199432.0,8028546918.0,1.242,6.228
United Arab Emirates,1969,ARE,239676.0,8853531331.0,20.507,85.563
United Arab Emirates,1970,ARE,286553.0,9759055943.0,15.235,53.166
United Arab Emirates,1971,ARE,335042.0,11392896899.0,21.167,63.177
United Arab Emirates,1972,ARE,385025.0,13298290982.0,23.435,60.866
United Arab Emirates,1973,ARE,436407.0,15523947675.0,30.605,70.13
United Arab Emirates,1974,ARE,489098.0,20552257347.0,31.302,63.999
United Arab Emirates,1975,ARE,542868.0,21211678806.0,31.045,57.187
United Arab Emirates,1976,ARE,615871.0,24401132887.0,39.618,64.328
United Arab Emirates,1977,ARE,710216.0,28656111757.0,38.753,54.565
United Arab Emirates,1978,ARE,809285.0,27984657720.0,44.769,55.319
United Arab Emirates,1979,ARE,912016.0,34949636491.0,36.568,40.095
United Arab Emirates,1980,ARE,1015711.0,44180586693.0,36.859,36.289
United Arab Emirates,1981,ARE,1099864.0,45416119180.0,36.81,33.468
United Arab Emirates,1982,ARE,1166383.0,41674105790.0,36.818,31.566
United Arab Emirates,1983,ARE,1235309.0,39582305900.0,35.289,28.567
United Arab Emirates,1984,ARE,1306005.0,41273712288.0,46.306,35.456
United Arab Emirates,1985,ARE,1377918.0,40307256529.0,49.828,36.162
United Arab Emirates,1986,ARE,1467386.0,31750852168.0,47.156,32.136
United Arab Emirates,1987,ARE,1574258.0,32884649577.0,47.606,30.24
United Arab Emirates,1988,ARE,1681797.0,32803829558.0,48.274,28.704
United Arab Emirates,1989,ARE,1789858.0,36287311289.0,54.384,30.385
United Arab Emirates,1990,ARE,1898220.0,40641367500.0,51.908,27.346
United Arab Emirates,1991,ARE,2006630.0,,56.896,28.354
United Arab Emirates,1992,ARE,2114738.0,,58.005,27.429
United Arab Emirates,1993,ARE,2222098.0,55149661292.0,65.832,29.626
United Arab Emirates,1994,ARE,2328191.0,64654417907.0,75.35,32.364
United Arab Emirates,1995,ARE,2434667.0,75243844061.0,72.874,29.932
United Arab Emirates,1996,ARE,2597570.0,87750952594.0,75.836,29.195
United Arab Emirates,1997,ARE,2817410.0,104923199568.0,73.298,26.016
United Arab Emirates,1998,ARE,3040432.0,115962052318.0,80.625,26.517
United Arab Emirates,1999,ARE,3266011.0,131410914902.0,77.844,23.835
United Arab Emirates,2000,ARE,3493583.0,160530689682.0,112.277,32.138
United Arab Emirates,2001,ARE,3723596.0,177271829556.0,101.896,27.365
United Arab Emirates,2002,ARE,3956829.0,195394872658.0,85.213,21.536
United Arab Emirates,2003,ARE,4192465.0,224547226340.0,107.106,25.547
United Arab Emirates,2004,ARE,4428964.0,252047957126.0,112.469,25.394
United Arab Emirates,2005,ARE,4664797.0,262413275144.0,115.273,24.711
United Arab Emirates,2006,ARE,5009106.0,307378573765.0,122.723,24.5
United Arab Emirates,2007,ARE,5624640.0,367816178792.0,134.103,23.842
United Arab Emirates,2008,ARE,6302669.0,464692468324.0,155.03,24.598
United Arab Emirates,2009,ARE,6707063.0,480551549339.0,169.088,25.21
United Arab Emirates,2010,ARE,6938372.0,490048925162.0,185.848,26.786
United Arab Emirates,2011,ARE,7199436.0,551070287560.0,198.518,27.574
United Arab Emirates,2012,ARE,7497122.0,577394943300.0,208.324,27.787
United Arab Emirates,2013,ARE,7831851.0,606587973942.0,214.188,27.348
United Arab Emirates,2014,ARE,8236880.0,631858461256.0,214.53,26.045
United Arab Emirates,2015,ARE,8674633.0,674742705535.0,225.045,25.943
United Arab Emirates,2016,ARE,9030873.0,712265114847.0,227.898,25.235
United Arab Emirates,2017,ARE,9234330.0,717500233045.0,196.493,21.279
United Arab Emirates,2018,ARE,9346870.0,726928170282.0,204.105,21.837
United Arab Emirates,2019,ARE,9377855.0,734982504070.0,204.058,21.76
United Arab Emirates,2020,ARE,9448529.0,698549476819.0,215.266,22.783
United Arab Emirates,2021,ARE,9789055.0,725904671328.0,212.173,21.675
United Arab Emirates,2022,ARE,10242085.0,779701520404.0,207.103,20.221
United Arab Emirates,2023,ARE,10642089.0,,210.425,19.773
United Arab Emirates,2024,ARE,11027135.0,,221.988,20.131
United Kingdom,1950,GBR,50121020.0,554454747000.0,499.228,9.96
United Kingdom,1951,GBR,50346821.0,570992660000.0,543.791,10.801
United Kingdom,1952,GBR,50496231.0,570010290000.0,527.413,10.445
United Kingdom,1953,GBR,50727035.0,592393437000.0,539.101,10.627
United Kingdom,1954,GBR,50958246.0,616540925000.0,552.031,10.833
United Kingdom,1955,GBR,51176749.0,638913786000.0,576.12,11.257
United Kingdom,1956,GBR,51400458.0,646914576000.0,573.745,11.162
United Kingdom,1957,GBR,51655911.0,657223970000.0,570.249,11.039
United Kingdom,1958,GBR,51935640.0,655877096000.0,555.993,10.705
United Kingdom,1959,GBR,52226466.0,682390104000.0,546.364,10.461
United Kingdom,1960,GBR,52538548.0,721686160000.0,583.903,11.114
United Kingdom,1961,GBR,52884952.0,745529226000.0,588.578,11.129
United Kingdom,1962,GBR,53272836.0,753069252000.0,592.92,11.13
United Kingdom,1963,GBR,53652939.0,782013375000.0,603.382,11.246
United Kingdom,1964,GBR,54009130.0,823416741000.0,607.866,11.255
United Kingdom,1965,GBR,54359022.0,844870750000.0,622.115,11.445
United Kingdom,1966,GBR,54676346.0,861009751000.0,618.078,11.304
United Kingdom,1967,GBR,54973661.0,880333262000.0,592.064,10.77
United Kingdom,1968,GBR,55240654.0,916165902000.0,606.496,10.979
United Kingdom,1969,GBR,55456208.0,932854020000.0,628.39,11.331
United Kingdom,1970,GBR,55663801.0,954756384000.0,652.585,11.724
United Kingdom,1971,GBR,55890372.0,975018080000.0,660.396,11.816
United Kingdom,1972,GBR,56079239.0,1009534158000.0,648.034,11.556
United Kingdom,1973,GBR,56188787.0,1077433280000.0,659.584,11.739
United Kingdom,1974,GBR,56224550.0,1062802272000.0,617.187,10.977
United Kingdom,1975,GBR,56220139.0,1061564060000.0,603.254,10.73
United Kingdom,1976,GBR,56201143.0,1085394066000.0,598.533,10.65
United Kingdom,1977,GBR,56175829.0,1108973460000.0,604.369,10.759
United Kingdom,1978,GBR,56175553.0,1148502816000.0,604.728,10.765
United Kingdom,1979,GBR,56218759.0,1180113264000.0,644.509,11.464
United Kingdom,1980,GBR,56282102.0,1160744168000.0,579.039,10.288
United Kingdom,1981,GBR,56304590.0,1145638001777.0,560.547,9.956
United Kingdom,1982,GBR,56292761.0,1163414869531.0,548.229,9.739
United Kingdom,1983,GBR,56332060.0,1204671082289.0,545.474,9.683
United Kingdom,1984,GBR,56451312.0,1234772432695.0,529.097,9.373
United Kingdom,1985,GBR,56606416.0,1278428360152.0,559.635,9.886
United Kingdom,1986,GBR,56751926.0,1334598557867.0,568.569,10.018
United Kingdom,1987,GBR,56886021.0,1398101055156.0,571.649,10.049
United Kingdom,1988,GBR,57026539.0,1467801408523.0,570.279,10.0
United Kingdom,1989,GBR,57182137.0,1499837502578.0,581.561,10.17
United Kingdom,1990,GBR,57367867.0,1505692258761.0,601.945,10.493
United Kingdom,1991,GBR,57555199.0,1488075367051.0,609.413,10.588
United Kingdom,1992,GBR,57719273.0,1491752084171.0,593.846,10.289
United Kingdom,1993,GBR,57861037.0,1527509015289.0,579.613,10.017
United Kingdom,1994,GBR,58003200.0,1585373248060.0,574.017,9.896
United Kingdom,1995,GBR,58154632.0,1623858039641.0,566.159,9.735
United Kingdom,1996,GBR,58298563.0,1663446715470.0,586.761,10.065
United Kingdom,1997,GBR,58447091.0,1713864597603.0,562.708,9.628
United Kingdom,1998,GBR,58626822.0,1766619867063.0,568.544,9.698
United Kingdom,1999,GBR,58838663.0,1823341961805.0,561.65,9.546
United Kingdom,2000,GBR,59057333.0,1889565292321.0,569.034,9.635
United Kingdom,2001,GBR,59288095.0,1939268312671.0,577.971,9.749
United Kingdom,2002,GBR,59540764.0,1983994308619.0,560.273,9.41
United Kingdom,2003,GBR,59820385.0,2050625402735.0,571.619,9.556
United Kingdom,2004,GBR,60169964.0,2099526641365.0,573.43,9.53
United Kingdom,2005,GBR,60596107.0,2161729510824.0,570.338,9.412
United Kingdom,2006,GBR,61051093.0,2212618867772.0,567.846,9.301
United Kingdom,2007,GBR,61535859.0,2267631534502.0,559.566,9.093
United Kingdom,2008,GBR,62027303.0,2252034759561.0,544.932,8.785
United Kingdom,2009,GBR,62506222.0,2151479208521.0,494.108,7.905
United Kingdom,2010,GBR,63006482.0,2190919919855.0,511.905,8.125
United Kingdom,2011,GBR,63509285.0,2223011392593.0,469.713,7.396
United Kingdom,2012,GBR,63960488.0,2255210551431.0,487.477,7.622
United Kingdom,2013,GBR,64389386.0,2296252599482.0,477.611,7.418
United Kingdom,2014,GBR,64865914.0,2369725553442.0,438.807,6.765
United Kingdom,2015,GBR,65382107.0,2426435869267.0,422.461,6.461
United Kingdom,2016,GBR,65893359.0,2478973016876.0,399.43,6.062
United Kingdom,2017,GBR,66354473.0,2539548543933.0,387.367,5.838
United Kingdom,2018,GBR,66752473.0,2582848171416.0,379.73,5.689
United Kingdom,2019,GBR,67110958.0,2624285076706.0,364.753,5.435
United Kingdom,2020,GBR,67351860.0,2334804059780.0,326.263,4.844
United Kingdom,2021,GBR,67668788.0,2512190098029.0,342.366,5.059
United Kingdom,2022,GBR,68179315.0,2615230634906.0,311.118,4.563
United Kingdom,2023,GBR,68682965.0,,307.826,4.482
United Kingdom,2024,GBR,69138185.0,,312.906,4.526
United States,1950,USA,154202683.0,2320610040000.0,2541.485,16.481
United States,1951,USA,156481323.0,2497407750000.0,2618.704,16.735
United States,1952,USA,158794223.0,2590801532000.0,2551.216,16.066
United States,1953,USA,161168320.0,2709832728000.0,2612.971,16.213
United States,1954,USA,163636303.0,2691885312000.0,2489.462,15.213
United States,1955,USA,166200028.0,2882221470000.0,2728.508,16.417
United States,1956,USA,168824962.0,2938405491000.0,2859.988,16.941
United States,1957,USA,171499234.0,2993553504000.0,2835.772,16.535
United States,1958,USA,174215305.0,2963550372000.0,2747.108,15.768
United States,1959,USA,177145772.0,3183157000000.0,2831.908,15.986
United States,1960,USA,180274556.0,3262376247000.0,2897.308,16.072
United States,1961,USA,183489491.0,3338583925000.0,2886.862,15.733
United States,1962,USA,186724275.0,3539745088000.0,2993.898,16.034
United States,1963,USA,189825225.0,3692868388000.0,3126.484,16.47
United States,1964,USA,192819457.0,3906860040000.0,3264.306,16.929
United States,1965,USA,195653774.0,4156141170000.0,3399.539,17.375
United States,1966,USA,198265400.0,4428300240000.0,3571.417,18.013
United States,1967,USA,200699913.0,4538979504000.0,3705.461,18.463
United States,1968,USA,203011020.0,4754925846000.0,3840.923,18.92
United States,1969,USA,205300034.0,4903770015000.0,4035.156,19.655
United States,1970,USA,207796338.0,4912635816000.0,4339.704,20.884
United States,1971,USA,210426423.0,5065682434000.0,4365.483,20.746
United States,1972,USA,212842571.0,5334296944000.0,4573.034,21.486
United States,1973,USA,215006548.0,5637203218000.0,4777.725,22.221
United States,1974,USA,217076475.0,5621366244000.0,4608.462,21.23
United States,1975,USA,219129299.0,5605795188000.0,4414.455,20.145
United States,1976,USA,221168755.0,5899591030000.0,4621.539,20.896
United States,1977,USA,223259417.0,6166912239000.0,4749.501,21.273
United States,1978,USA,225396097.0,6518624310000.0,4897.339,21.728
United States,1979,USA,227575082.0,6740172195000.0,4908.766,21.57
United States,1980,USA,229858656.0,6743208466156.0,4730.218,20.579
United States,1981,USA,232201613.0,6911865140375.0,4543.633,19.568
United States,1982,USA,234583155.0,6782206459531.0,4311.918,18.381
United States,1983,USA,236986362.0,7066236631843.0,4346.381,18.34
United States,1984,USA,239353967.0,7581107970562.0,4479.379,18.714
United States,1985,USA,241690438.0,7874872005718.0,4495.378,18.6
United States,1986,USA,243953807.0,8146027887500.0,4498.136,18.438
United States,1987,USA,246161292.0,8432566640312.0,4691.93,19.06
United States,1988,USA,248393236.0,8787202692343.0,4897.776,19.718
United States,1989,USA,250675047.0,9091291640062.0,4960.238,19.788
United States,1990,USA,253373387.0,9250377579093.0,5131.761,20.254
United States,1991,USA,256471424.0,9224688313722.0,5076.413,19.793
United States,1992,USA,259606021.0,9552658514601.0,5178.77,19.949
United States,1993,USA,262633229.0,9814940456277.0,5279.52,20.102
United States,1994,USA,265474811.0,10211204686187.0,5361.863,20.197
United States,1995,USA,268205796.0,10488856843750.0,5425.837,20.23
United States,1996,USA,270860695.0,10886952373500.0,5601.094,20.679
United States,1997,USA,273468014.0,11375561318703.0,5673.144,20.745
United States,1998,USA,276119323.0,11881792533609.0,5736.36,20.775
United States,1999,USA,278785482.0,12438444530000.0,5800.281,20.806
United States,2000,USA,281484126.0,12947417795437.0,6023.158,21.398
United States,2001,USA,284279634.0,13073810008320.0,5903.562,20.767
United States,2002,USA,287084335.0,13307343638671.0,5947.819,20.718
United States,2003,USA,289908091.0,13680911930765.0,6006.44,20.718
United States,2004,USA,292786248.0,14198910513593.0,6111.545,20.874
United States,2005,USA,295716666.0,14673826218839.0,6126.903,20.719
United States,2006,USA,298730208.0,15065164240312.0,6045.326,20.237
United States,2007,USA,301844223.0,15333183877566.0,6121.542,20.28
United States,2008,USA,304970325.0,15288552732632.0,5919.221,19.409
United States,2009,USA,308023452.0,14864003344421.0,5486.104,17.811
United States,2010,USA,311062785.0,15239586726210.0,5669.25,18.225
United States,2011,USA,314105075.0,15477885525000.0,5538.973,17.634
United States,2012,USA,317115349.0,15830886903539.0,5331.467,16.812
United States,2013,USA,320110752.0,16122472460312.0,5473.436,17.099
United States,2014,USA,323115377.0,16491319003554.0,5531.385,17.119
United States,2015,USA,326126496.0,16937633974582.0,5368.497,16.461
United States,2016,USA,329179423.0,17220065720000.0,5245.362,15.935
United States,2017,USA,332204657.0,17606124654726.0,5195.417,15.639
United States,2018,USA,335056492.0,18124692769570.0,5361.236,16.001
United States,2019,USA,337790069.0,18540552700117.0,5235.912,15.5
United States,2020,USA,339436156.0,18027359681343.0,4689.954,13.817
United States,2021,USA,340161438.0,19099378164000.0,5020.111,14.758
United States,2022,USA,341534041.0,19493170182843.0,5055.403,14.802
United States,2023,USA,343477330.0,,4918.407,14.319
United States,2024,USA,345426566.0,,4904.12,14.197
Upper-middle-income countries,1950,,927829961.0,,552.079,0.595
Upper-middle-income countries,1951,,946591954.0,,620.591,0.656
Upper-middle-income countries,1952,,967414416.0,,682.151,0.705
Upper-middle-income countries,1953,,989662727.0,,705.199,0.713
Upper-middle-income countries,1954,,1012417075.0,,772.628,0.763
Upper-middle-income countries,1955,,1036444075.0,,899.782,0.868
Upper-middle-income countries,1956,,1060530740.0,,991.845,0.935
Upper-middle-income countries,1957,,1085862342.0,,1093.042,1.007
Upper-middle-income countries,1958,,1111618973.0,,1394.173,1.254
Upper-middle-income countries,1959,,1132405866.0,,1637.511,1.446
Upper-middle-income countries,1960,,1147191622.0,,1756.677,1.531
Upper-middle-income countries,1961,,1161210675.0,,1558.293,1.342
Upper-middle-income countries,1962,,1183911757.0,,1491.861,1.26
Upper-middle-income countries,1963,,1217144205.0,,1544.173,1.269
Upper-middle-income countries,1964,,1251438013.0,,1631.213,1.304
Upper-middle-income countries,1965,,1283912295.0,,1746.193,1.36
Upper-middle-income countries,1966,,1316822564.0,,1876.477,1.425
Upper-middle-income countries,1967,,1349885696.0,,1865.769,1.382
Upper-middle-income countries,1968,,1384577933.0,,1991.043,1.438
Upper-middle-income countries,1969,,1420600062.0,,2185.802,1.539
Upper-middle-income countries,1970,,1456693473.0,,2505.436,1.72
Upper-middle-income countries,1971,,1492553420.0,,2719.985,1.822
Upper-middle-income countries,1972,,1527560619.0,,2869.543,1.879
Upper-middle-income countries,1973,,1562045976.0,,3054.847,1.956
Upper-middle-income countries,1974,,1595507284.0,,3156.543,1.978
Upper-middle-income countries,1975,,1627342571.0,,3389.974,2.083
Upper-middle-income countries,1976,,1658006259.0,,3577.541,2.158
Upper-middle-income countries,1977,,1687818432.0,,3798.818,2.251
Upper-middle-income countries,1978,,1717294143.0,,4087.761,2.38
Upper-middle-income countries,1979,,1747437825.0,,4209.14,2.409
Upper-middle-income countries,1980,,1778698349.0,,4243.259,2.386
Upper-middle-income countries,1981,,1811655794.0,,4209.323,2.324
Upper-middle-income countries,1982,,1846182616.0,,4433.509,2.402
Upper-middle-income countries,1983,,1880139880.0,,4568.922,2.43
Upper-middle-income countries,1984,,1913689032.0,,4792.184,2.504
Upper-middle-income countries,1985,,1948314069.0,,5114.714,2.625
Upper-middle-income countries,1986,,1984336831.0,,5299.506,2.671
Upper-middle-income countries,1987,,2021851155.0,,5511.91,2.726
Upper-middle-income countries,1988,,2059210641.0,,5783.85,2.809
Upper-middle-income countries,1989,,2096075553.0,,5824.869,2.779
Upper-middle-income countries,1990,,2133212546.0,,5884.587,2.759
Upper-middle-income countries,1991,,2167382314.0,,5992.938,2.765
Upper-middle-income countries,1992,,2197406055.0,,6069.856,2.762
Upper-middle-income countries,1993,,2225369861.0,,6226.802,2.798
Upper-middle-income countries,1994,,2251652283.0,,6365.352,2.827
Upper-middle-income countries,1995,,2277401663.0,,6687.493,2.937
Upper-middle-income countries,1996,,2302891501.0,,6899.219,2.996
Upper-middle-income countries,1997,,2327613637.0,,7014.104,3.014
Upper-middle-income countries,1998,,2351662004.0,,6883.152,2.927
Upper-middle-income countries,1999,,2375149846.0,,7121.256,2.998
Upper-middle-income countries,2000,,2398658002.0,,7275.023,3.033
Upper-middle-income countries,2001,,2421698836.0,,7431.237,3.069
Upper-middle-income countries,2002,,2443169936.0,,7854.075,3.215
Upper-middle-income countries,2003,,2464250116.0,,8815.91,3.578
Upper-middle-income countries,2004,,2485797097.0,,9388.462,3.777
Upper-middle-income countries,2005,,2507751547.0,,10168.379,4.055
Upper-middle-income countries,2006,,2529346002.0,,10921.29,4.318
Upper-middle-income countries,2007,,2550034553.0,,11512.429,4.515
Upper-middle-income countries,2008,,2571616096.0,,12161.976,4.73
Upper-middle-income countries,2009,,2594532094.0,,12498.653,4.818
Upper-middle-income countries,2010,,2617657240.0,,13483.229,5.151
Upper-middle-income countries,2011,,2640400163.0,,14572.88,5.52
Upper-middle-income countries,2012,,2664517398.0,,15001.586,5.631
Upper-middle-income countries,2013,,2689585465.0,,15252.664,5.671
Upper-middle-income countries,2014,,2713983279.0,,15393.135,5.672
Upper-middle-income countries,2015,,2737646890.0,,15250.371,5.571
Upper-middle-income countries,2016,,2759890904.0,,15138.848,5.486
Upper-middle-income countries,2017,,2781778743.0,,15493.023,5.57
Upper-middle-income countries,2018,,2801804568.0,,15891.828,5.673
Upper-middle-income countries,2019,,2818594893.0,,16385.607,5.814
Upper-middle-income countries,2020,,2832101028.0,,16241.722,5.735
Upper-middle-income countries,2021,,2841892610.0,,16916.74,5.953
Upper-middle-income countries,2022,,2847730001.0,,17458.07,6.131
Upper-middle-income countries,2023,,2852870890.0,,18031.051,6.321
Upper-middle-income countries,2024,,2860329839.0,,18237.494,6.377
Uruguay,1950,URY,2234414.0,15392838439.0,2.508,1.123
Uruguay,1951,URY,2256416.0,16779657322.0,2.622,1.162
Uruguay,1952,URY,2281110.0,16566052291.0,3.153,1.382
Uruguay,1953,URY,2308051.0,18339876972.0,3.505,1.519
Uruguay,1954,URY,2336875.0,19164759980.0,3.736,1.599
Uruguay,1955,URY,2367035.0,19239239824.0,3.919,1.656
Uruguay,1956,URY,2398370.0,19651910571.0,4.022,1.677
Uruguay,1957,URY,2430772.0,19826464656.0,4.432,1.823
Uruguay,1958,URY,2463868.0,19161680000.0,3.977,1.614
Uruguay,1959,URY,2497153.0,18587913696.0,4.388,1.757
Uruguay,1960,URY,2529964.0,19344196022.0,4.315,1.705
Uruguay,1961,URY,2562047.0,19843765136.0,4.117,1.607
Uruguay,1962,URY,2593294.0,19483298551.0,4.007,1.545
Uruguay,1963,URY,2623767.0,19609227575.0,4.315,1.645
Uruguay,1964,URY,2653182.0,19971748585.0,4.553,1.716
Uruguay,1965,URY,2681172.0,20193111658.0,5.516,2.057
Uruguay,1966,URY,2707655.0,20934245691.0,5.399,1.994
Uruguay,1967,URY,2732283.0,20078370336.0,4.879,1.786
Uruguay,1968,URY,2754605.0,20416390782.0,4.878,1.771
Uruguay,1969,URY,2773985.0,21686387783.0,5.589,2.015
Uruguay,1970,URY,2790811.0,22673981252.0,5.736,2.055
Uruguay,1971,URY,2806462.0,22418991124.0,5.802,2.067
Uruguay,1972,URY,2821648.0,21626066292.0,6.069,2.151
Uruguay,1973,URY,2837143.0,22346996697.0,5.769,2.033
Uruguay,1974,URY,2853947.0,23205228593.0,5.677,1.989
Uruguay,1975,URY,2872328.0,24353172000.0,5.962,2.076
Uruguay,1976,URY,2891395.0,25328433000.0,5.888,2.036
Uruguay,1977,URY,2909469.0,25767050000.0,5.641,1.939
Uruguay,1978,URY,2925714.0,27472251000.0,5.732,1.959
Uruguay,1979,URY,2939906.0,29040924000.0,6.266,2.131
Uruguay,1980,URY,2951956.0,30899780000.0,5.824,1.973
Uruguay,1981,URY,2963250.0,30311264000.0,5.362,1.809
Uruguay,1982,URY,2975490.0,28427504000.0,4.86,1.633
Uruguay,1983,URY,2988779.0,26751550000.0,3.808,1.274
Uruguay,1984,URY,3002495.0,26485440000.0,3.442,1.146
Uruguay,1985,URY,3017044.0,26809812000.0,3.288,1.09
Uruguay,1986,URY,3032846.0,29182468000.0,3.17,1.045
Uruguay,1987,URY,3049896.0,31419945000.0,3.549,1.164
Uruguay,1988,URY,3067957.0,31465408000.0,4.793,1.562
Uruguay,1989,URY,3086254.0,31821840000.0,4.863,1.576
Uruguay,1990,URY,3104404.0,32048550000.0,3.977,1.281
Uruguay,1991,URY,3122357.0,33068762787.0,4.537,1.453
Uruguay,1992,URY,3139704.0,35598179277.0,5.151,1.641
Uruguay,1993,URY,3156351.0,36471137081.0,4.447,1.409
Uruguay,1994,URY,3172839.0,39036401631.0,4.041,1.274
Uruguay,1995,URY,3189438.0,38399568880.0,4.565,1.431
Uruguay,1996,URY,3206329.0,40381614675.0,5.414,1.688
Uruguay,1997,URY,3223349.0,42411759380.0,5.522,1.713
Uruguay,1998,URY,3239286.0,44280079225.0,5.651,1.745
Uruguay,1999,URY,3254020.0,43167608203.0,6.689,2.056
Uruguay,2000,URY,3266212.0,42357504785.0,5.277,1.616
Uruguay,2001,URY,3274257.0,40598224745.0,5.041,1.539
Uruguay,2002,URY,3278868.0,37250866884.0,4.569,1.394
Uruguay,2003,URY,3281188.0,37483201754.0,4.537,1.383
Uruguay,2004,URY,3283157.0,39270203111.0,5.574,1.698
Uruguay,2005,URY,3285776.0,41988118660.0,5.737,1.746
Uruguay,2006,URY,3289508.0,43608062782.0,6.611,2.01
Uruguay,2007,URY,3295155.0,46197426762.0,5.96,1.809
Uruguay,2008,URY,3302184.0,49265998696.0,8.218,2.489
Uruguay,2009,URY,3310093.0,50291695148.0,7.99,2.414
Uruguay,2010,URY,3318581.0,54642867455.0,6.322,1.905
Uruguay,2011,URY,3326829.0,57427770581.0,7.686,2.31
Uruguay,2012,URY,3335406.0,59459565927.0,8.605,2.58
Uruguay,2013,URY,3345335.0,62217298965.0,7.491,2.239
Uruguay,2014,URY,3356343.0,64232518554.0,6.684,1.991
Uruguay,2015,URY,3368022.0,64470831197.0,6.738,2.001
Uruguay,2016,URY,3379279.0,65560386931.0,6.52,1.93
Uruguay,2017,URY,3388444.0,66627711123.0,6.151,1.815
Uruguay,2018,URY,3394538.0,66946183643.0,6.57,1.936
Uruguay,2019,URY,3397206.0,67180494669.0,6.408,1.886
Uruguay,2020,URY,3398966.0,63072414563.0,6.477,1.906
Uruguay,2021,URY,3396693.0,65848852721.0,7.829,2.305
Uruguay,2022,URY,3390913.0,69066228178.0,7.501,2.212
Uruguay,2023,URY,3388083.0,,7.627,2.251
Uruguay,2024,URY,3386583.0,,7.973,2.354
Uzbekistan,1950,UZB,6239906.0,,17.14,2.747
Uzbekistan,1951,UZB,6385010.0,,18.527,2.902
Uzbekistan,1952,UZB,6536522.0,,19.819,3.032
Uzbekistan,1953,UZB,6698118.0,,20.944,3.127
Uzbekistan,1954,UZB,6869811.0,,22.817,3.321
Uzbekistan,1955,UZB,7054038.0,,25.861,3.666
Uzbekistan,1956,UZB,7252046.0,,28.426,3.92
Uzbekistan,1957,UZB,7463066.0,,31.159,4.175
Uzbekistan,1958,UZB,7689160.0,,33.335,4.335
Uzbekistan,1959,UZB,7935475.0,,35.064,4.419
Uzbekistan,1960,UZB,8209125.0,,36.543,4.452
Uzbekistan,1961,UZB,8517722.0,,37.812,4.439
Uzbekistan,1962,UZB,8854368.0,,39.819,4.497
Uzbekistan,1963,UZB,9202243.0,,42.851,4.657
Uzbekistan,1964,UZB,9557610.0,,45.714,4.783
Uzbekistan,1965,UZB,9921681.0,,48.565,4.895
Uzbekistan,1966,UZB,10289299.0,,51.335,4.989
Uzbekistan,1967,UZB,10659181.0,,53.776,5.045
Uzbekistan,1968,UZB,11032154.0,,55.396,5.021
Uzbekistan,1969,UZB,11403157.0,,57.767,5.066
Uzbekistan,1970,UZB,11762643.0,,60.628,5.154
Uzbekistan,1971,UZB,12111512.0,,64.492,5.325
Uzbekistan,1972,UZB,12465108.0,,67.864,5.444
Uzbekistan,1973,UZB,12831046.0,106825333862.0,70.769,5.515
Uzbekistan,1974,UZB,13209013.0,,73.506,5.565
Uzbekistan,1975,UZB,13598521.0,,77.3,5.684
Uzbekistan,1976,UZB,13998620.0,,80.283,5.735
Uzbekistan,1977,UZB,14408815.0,,83.003,5.761
Uzbekistan,1978,UZB,14816350.0,,85.864,5.795
Uzbekistan,1979,UZB,15215588.0,,86.553,5.688
Uzbekistan,1980,UZB,15619935.0,119203282000.0,89.878,5.754
Uzbekistan,1981,UZB,16035031.0,123442800000.0,88.283,5.506
Uzbekistan,1982,UZB,16462742.0,127807020000.0,89.966,5.465
Uzbekistan,1983,UZB,16908402.0,131735912000.0,91.261,5.397
Uzbekistan,1984,UZB,17378855.0,127453781000.0,92.106,5.3
Uzbekistan,1985,UZB,17875337.0,130801915000.0,99.282,5.554
Uzbekistan,1986,UZB,18395621.0,129229072000.0,95.238,5.177
Uzbekistan,1987,UZB,18930068.0,128382920000.0,97.685,5.16
Uzbekistan,1988,UZB,19460634.0,139357125000.0,101.107,5.195
Uzbekistan,1989,UZB,19977192.0,142094069000.0,104.127,5.212
Uzbekistan,1990,UZB,20464963.0,139398700000.0,103.123,5.039
Uzbekistan,1991,UZB,20962908.0,136577628581.0,102.324,4.881
Uzbekistan,1992,UZB,21485095.0,119510821474.0,110.991,5.166
Uzbekistan,1993,UZB,21987960.0,114918068077.0,115.619,5.258
Uzbekistan,1994,UZB,22463295.0,107242116434.0,109.787,4.887
Uzbekistan,1995,UZB,22917588.0,104615642206.0,104.804,4.573
Uzbekistan,1996,UZB,23351981.0,104748209480.0,108.189,4.633
Uzbekistan,1997,UZB,23758961.0,108486849294.0,109.029,4.589
Uzbekistan,1998,UZB,24134930.0,111389403957.0,120.976,5.012
Uzbekistan,1999,UZB,24476013.0,114383428782.0,123.588,5.049
Uzbekistan,2000,UZB,24787052.0,116875841754.0,123.478,4.982
Uzbekistan,2001,UZB,25090289.0,119890046302.0,126.223,5.031
Uzbekistan,2002,UZB,25399987.0,122757832356.0,132.577,5.22
Uzbekistan,2003,UZB,25711261.0,125924032405.0,130.296,5.068
Uzbekistan,2004,UZB,26029350.0,133132057133.0,129.099,4.96
Uzbekistan,2005,UZB,26356977.0,140239285325.0,121.602,4.614
Uzbekistan,2006,UZB,26699046.0,148405074458.0,124.899,4.678
Uzbekistan,2007,UZB,27076013.0,159993748436.0,123.823,4.573
Uzbekistan,2008,UZB,27494780.0,171692630381.0,128.387,4.669
Uzbekistan,2009,UZB,27939333.0,182715813772.0,109.23,3.91
Uzbekistan,2010,UZB,28385509.0,195160171269.0,107.668,3.793
Uzbekistan,2011,UZB,28823194.0,208063390835.0,116.755,4.051
Uzbekistan,2012,UZB,29261908.0,222840047403.0,118.86,4.062
Uzbekistan,2013,UZB,29724065.0,239100684823.0,112.395,3.781
Uzbekistan,2014,UZB,30222994.0,255536474727.0,107.496,3.557
Uzbekistan,2015,UZB,30749349.0,273983640646.0,103.374,3.362
Uzbekistan,2016,UZB,31284565.0,290236358613.0,109.837,3.511
Uzbekistan,2017,UZB,31819172.0,302992216928.0,108.883,3.422
Uzbekistan,2018,UZB,32373489.0,320808179800.0,102.33,3.161
Uzbekistan,2019,UZB,32964700.0,339998944961.0,107.947,3.275
Uzbekistan,2020,UZB,33586373.0,346785285756.0,108.139,3.22
Uzbekistan,2021,UZB,34243696.0,372457828275.0,123.162,3.597
Uzbekistan,2022,UZB,34938953.0,393572464308.0,119.105,3.409
Uzbekistan,2023,UZB,35652311.0,,122.872,3.446
Uzbekistan,2024,UZB,36361859.0,,139.234,3.829
Vanuatu,1950,VUT,51557.0,,,
Vanuatu,1951,VUT,52378.0,,,
Vanuatu,1952,VUT,53285.0,,,
Vanuatu,1953,VUT,54316.0,,,
Vanuatu,1954,VUT,55435.0,,,
Vanuatu,1955,VUT,56650.0,,,
Vanuatu,1956,VUT,57941.0,,,
Vanuatu,1957,VUT,59391.0,,,
Vanuatu,1958,VUT,60999.0,,,
Vanuatu,1959,VUT,62683.0,,,
Vanuatu,1960,VUT,64446.0,,,
Vanuatu,1961,VUT,66279.0,,,
Vanuatu,1962,VUT,68188.0,,0.04,0.591
Vanuatu,1963,VUT,70171.0,,0.033,0.47
Vanuatu,1964,VUT,72232.0,,0.062,0.862
Vanuatu,1965,VUT,74375.0,,0.048,0.64
Vanuatu,1966,VUT,76605.0,,0.077,1.004
Vanuatu,1967,VUT,78935.0,,0.084,1.068
Vanuatu,1968,VUT,81334.0,,0.062,0.766
Vanuatu,1969,VUT,83770.0,,0.044,0.525
Vanuatu,1970,VUT,86283.0,,0.04,0.467
Vanuatu,1971,VUT,88881.0,,0.059,0.66
Vanuatu,1972,VUT,91578.0,,0.062,0.68
Vanuatu,1973,VUT,94379.0,,0.055,0.582
Vanuatu,1974,VUT,97273.0,,0.062,0.64
Vanuatu,1975,VUT,100288.0,,0.055,0.548
Vanuatu,1976,VUT,103402.0,,0.044,0.425
Vanuatu,1977,VUT,106634.0,,0.051,0.481
Vanuatu,1978,VUT,109980.0,,0.059,0.533
Vanuatu,1979,VUT,113061.0,,0.062,0.551
Vanuatu,1980,VUT,115683.0,,0.062,0.538
Vanuatu,1981,VUT,118268.0,,0.051,0.434
Vanuatu,1982,VUT,121051.0,,0.051,0.424
Vanuatu,1983,VUT,124013.0,,0.055,0.443
Vanuatu,1984,VUT,127125.0,,0.055,0.432
Vanuatu,1985,VUT,130375.0,,0.121,0.927
Vanuatu,1986,VUT,133737.0,,0.059,0.438
Vanuatu,1987,VUT,137206.0,,0.048,0.347
Vanuatu,1988,VUT,140769.0,,0.066,0.469
Vanuatu,1989,VUT,144410.0,,0.062,0.431
Vanuatu,1990,VUT,148073.0,,0.066,0.445
Vanuatu,1991,VUT,151807.0,,0.066,0.434
Vanuatu,1992,VUT,155619.0,,0.062,0.4
Vanuatu,1993,VUT,159475.0,,0.062,0.391
Vanuatu,1994,VUT,163328.0,,0.062,0.381
Vanuatu,1995,VUT,167155.0,,0.066,0.395
Vanuatu,1996,VUT,170926.0,,0.073,0.429
Vanuatu,1997,VUT,174638.0,,0.077,0.441
Vanuatu,1998,VUT,178322.0,,0.077,0.431
Vanuatu,1999,VUT,182056.0,,0.081,0.443
Vanuatu,2000,VUT,186290.0,,0.084,0.452
Vanuatu,2001,VUT,191047.0,,0.081,0.422
Vanuatu,2002,VUT,195871.0,,0.077,0.393
Vanuatu,2003,VUT,200760.0,,0.077,0.383
Vanuatu,2004,VUT,205720.0,,0.073,0.356
Vanuatu,2005,VUT,210772.0,,0.073,0.348
Vanuatu,2006,VUT,215939.0,,0.073,0.339
Vanuatu,2007,VUT,221291.0,,0.077,0.348
Vanuatu,2008,VUT,226908.0,,0.088,0.388
Vanuatu,2009,VUT,232740.0,,0.121,0.52
Vanuatu,2010,VUT,238256.0,,0.125,0.523
Vanuatu,2011,VUT,243483.0,,0.132,0.542
Vanuatu,2012,VUT,248894.0,,0.117,0.471
Vanuatu,2013,VUT,254495.0,,0.11,0.432
Vanuatu,2014,VUT,260247.0,,0.158,0.605
Vanuatu,2015,VUT,266115.0,,0.132,0.496
Vanuatu,2016,VUT,272097.0,,0.15,0.552
Vanuatu,2017,VUT,278518.0,,0.139,0.5
Vanuatu,2018,VUT,285273.0,,0.176,0.617
Vanuatu,2019,VUT,291995.0,,0.165,0.565
Vanuatu,2020,VUT,298867.0,,0.205,0.687
Vanuatu,2021,VUT,305882.0,,0.216,0.707
Vanuatu,2022,VUT,313061.0,,0.189,0.605
Vanuatu,2023,VUT,320422.0,,0.188,0.588
Vanuatu,2024,VUT,327786.0,,0.197,0.601
Vatican,1950,VAT,889.0,,,
Vatican,1951,VAT,895.0,,,
Vatican,1952,VAT,901.0,,,
Vatican,1953,VAT,907.0,,,
Vatican,1954,VAT,914.0,,,
Vatican,1955,VAT,921.0,,,
Vatican,1956,VAT,926.0,,,
Vatican,1957,VAT,928.0,,,
Vatican,1958,VAT,930.0,,,
Vatican,1959,VAT,931.0,,,
Vatican,1960,VAT,929.0,,,
Vatican,1961,VAT,926.0,,,
Vatican,1962,VAT,928.0,,,
Vatican,1963,VAT,929.0,,,
Vatican,1964,VAT,931.0,,,
Vatican,1965,VAT,901.0,,,
Vatican,1966,VAT,854.0,,,
Vatican,1967,VAT,816.0,,,
Vatican,1968,VAT,785.0,,,
Vatican,1969,VAT,769.0,,,
Vatican,1970,VAT,758.0,,,
Vatican,1971,VAT,750.0,,,
Vatican,1972,VAT,746.0,,,
Vatican,1973,VAT,745.0,,,
Vatican,1974,VAT,743.0,,,
Vatican,1975,VAT,742.0,,,
Vatican,1976,VAT,746.0,,,
Vatican,1977,VAT,749.0,,,
Vatican,1978,VAT,752.0,,,
Vatican,1979,VAT,755.0,,,
Vatican,1980,VAT,754.0,,,
Vatican,1981,VAT,753.0,,,
Vatican,1982,VAT,750.0,,,
Vatican,1983,VAT,747.0,,,
Vatican,1984,VAT,744.0,,,
Vatican,1985,VAT,741.0,,,
Vatican,1986,VAT,740.0,,,
Vatican,1987,VAT,740.0,,,
Vatican,1988,VAT,737.0,,,
Vatican,1989,VAT,737.0,,,
Vatican,1990,VAT,736.0,,,
Vatican,1991,VAT,737.0,,,
Vatican,1992,VAT,736.0,,,
Vatican,1993,VAT,729.0,,,
Vatican,1994,VAT,720.0,,,
Vatican,1995,VAT,714.0,,,
Vatican,1996,VAT,709.0,,,
Vatican,1997,VAT,706.0,,,
Vatican,1998,VAT,707.0,,,
Vatican,1999,VAT,706.0,,,
Vatican,2000,VAT,701.0,,,
Vatican,2001,VAT,691.0,,,
Vatican,2002,VAT,684.0,,,
Vatican,2003,VAT,674.0,,,
Vatican,2004,VAT,667.0,,,
Vatican,2005,VAT,667.0,,,
Vatican,2006,VAT,664.0,,,
Vatican,2007,VAT,657.0,,,
Vatican,2008,VAT,648.0,,,
Vatican,2009,VAT,637.0,,,
Vatican,2010,VAT,629.0,,,
Vatican,2011,VAT,624.0,,,
Vatican,2012,VAT,612.0,,,
Vatican,2013,VAT,598.0,,,
Vatican,2014,VAT,587.0,,,
Vatican,2015,VAT,579.0,,,
Vatican,2016,VAT,571.0,,,
Vatican,2017,VAT,563.0,,,
Vatican,2018,VAT,552.0,,,
Vatican,2019,VAT,543.0,,,
Vatican,2020,VAT,536.0,,,
Vatican,2021,VAT,527.0,,,
Vatican,2022,VAT,513.0,,,
Vatican,2023,VAT,501.0,,,
Vatican,2024,VAT,507.0,,,
Venezuela,1950,VEN,5488858.0,42386207582.0,38.341,6.985
Venezuela,1951,VEN,5732604.0,47156643956.0,47.38,8.265
Venezuela,1952,VEN,5981378.0,50636937312.0,50.743,8.483
Venezuela,1953,VEN,6234772.0,53905458496.0,47.855,7.676
Venezuela,1954,VEN,6492813.0,59305395527.0,51.199,7.886
Venezuela,1955,VEN,6755819.0,64796389735.0,59.751,8.844
Venezuela,1956,VEN,7024324.0,71618666437.0,65.008,9.255
Venezuela,1957,VEN,7299445.0,79915910191.0,69.583,9.533
Venezuela,1958,VEN,7581981.0,81099134333.0,54.455,7.182
Venezuela,1959,VEN,7869228.0,87779123727.0,65.149,8.279
Venezuela,1960,VEN,8160087.0,91554346939.0,57.017,6.987
Venezuela,1961,VEN,8455921.0,95986881351.0,51.88,6.135
Venezuela,1962,VEN,8756880.0,104626082000.0,54.056,6.173
Venezuela,1963,VEN,9064019.0,111735789093.0,56.152,6.195
Venezuela,1964,VEN,9377715.0,122695095735.0,56.55,6.03
Venezuela,1965,VEN,9697793.0,130094799088.0,60.73,6.262
Venezuela,1966,VEN,10024858.0,133053829523.0,56.974,5.683
Venezuela,1967,VEN,10358514.0,138361112548.0,65.752,6.348
Venezuela,1968,VEN,10697538.0,145798581328.0,65.572,6.13
Venezuela,1969,VEN,11040279.0,152244641044.0,68.933,6.244
Venezuela,1970,VEN,11387795.0,164479315821.0,74.489,6.541
Venezuela,1971,VEN,11741013.0,169416525515.0,62.5,5.323
Venezuela,1972,VEN,12099184.0,174289353881.0,62.514,5.167
Venezuela,1973,VEN,12463539.0,184817766328.0,66.433,5.33
Venezuela,1974,VEN,12835356.0,195788992368.0,75.058,5.848
Venezuela,1975,VEN,13215889.0,207679666987.0,63.754,4.824
Venezuela,1976,VEN,13606286.0,224670553115.0,57.278,4.21
Venezuela,1977,VEN,14006819.0,238918548590.0,63.658,4.545
Venezuela,1978,VEN,14416680.0,243524738167.0,68.605,4.759
Venezuela,1979,VEN,14834551.0,245974933007.0,76.468,5.155
Venezuela,1980,VEN,15258225.0,240273564580.0,90.671,5.942
Venezuela,1981,VEN,15687305.0,238868514404.0,91.829,5.854
Venezuela,1982,VEN,16121876.0,240919068234.0,93.249,5.784
Venezuela,1983,VEN,16562202.0,227674922524.0,92.953,5.612
Venezuela,1984,VEN,17008838.0,224955885179.0,93.058,5.471
Venezuela,1985,VEN,17461433.0,225556954589.0,101.094,5.79
Venezuela,1986,VEN,17923542.0,239957152308.0,109.32,6.099
Venezuela,1987,VEN,18394970.0,248342578628.0,110.754,6.021
Venezuela,1988,VEN,18871021.0,262960053070.0,115.854,6.139
Venezuela,1989,VEN,19348925.0,240346713867.0,108.651,5.615
Venezuela,1990,VEN,19827005.0,256078525417.0,120.864,6.096
Venezuela,1991,VEN,20304898.0,282132286314.0,114.221,5.625
Venezuela,1992,VEN,20780946.0,301055402293.0,104.739,5.04
Venezuela,1993,VEN,21254525.0,303263920492.0,123.052,5.789
Venezuela,1994,VEN,21725186.0,297728620446.0,119.06,5.48
Venezuela,1995,VEN,22193822.0,310657285215.0,124.83,5.625
Venezuela,1996,VEN,22662117.0,311633007305.0,118.347,5.222
Venezuela,1997,VEN,23131691.0,332907949755.0,129.755,5.609
Venezuela,1998,VEN,23601341.0,335631906948.0,134.993,5.72
Venezuela,1999,VEN,24066595.0,316971287567.0,143.126,5.947
Venezuela,2000,VEN,24526707.0,330236189305.0,142.902,5.826
Venezuela,2001,VEN,24979934.0,343312598582.0,130.618,5.229
Venezuela,2002,VEN,25435674.0,314003719638.0,164.233,6.457
Venezuela,2003,VEN,25892710.0,291333920302.0,154.364,5.962
Venezuela,2004,VEN,26340843.0,346317458927.0,142.842,5.423
Venezuela,2005,VEN,26785797.0,383570387195.0,148.408,5.541
Venezuela,2006,VEN,27224691.0,423878563812.0,155.841,5.724
Venezuela,2007,VEN,27649369.0,462276737389.0,154.167,5.576
Venezuela,2008,VEN,28053694.0,488287068325.0,155.758,5.552
Venezuela,2009,VEN,28438296.0,474358611901.0,152.176,5.351
Venezuela,2010,VEN,28813101.0,477591738082.0,189.582,6.58
Venezuela,2011,VEN,29185220.0,502688619769.0,168.713,5.781
Venezuela,2012,VEN,29553829.0,530969916373.0,175.845,5.95
Venezuela,2013,VEN,29912195.0,538100828642.0,198.452,6.634
Venezuela,2014,VEN,30254080.0,517147151484.0,175.992,5.817
Venezuela,2015,VEN,30573968.0,484975458402.0,166.328,5.44
Venezuela,2016,VEN,30765719.0,402335647692.0,152.733,4.964
Venezuela,2017,VEN,30565331.0,339285602968.0,139.093,4.551
Venezuela,2018,VEN,29807591.0,272599019803.0,111.24,3.732
Venezuela,2019,VEN,28938096.0,197170883456.0,105.43,3.643
Venezuela,2020,VEN,28444080.0,138029481377.0,80.901,2.844
Venezuela,2021,VEN,28237830.0,138656126606.0,94.902,3.361
Venezuela,2022,VEN,28213015.0,149682062815.0,108.424,3.843
Venezuela,2023,VEN,28300861.0,,119.588,4.226
Venezuela,2024,VEN,28405544.0,,116.042,4.085
Vietnam,1950,VNM,25100732.0,26590203613.0,1.48,0.059
Vietnam,1951,VNM,25600271.0,27805475113.0,1.285,0.05
Vietnam,1952,VNM,26143915.0,29029004867.0,1.864,0.071
Vietnam,1953,VNM,26757963.0,30331846406.0,1.75,0.065
Vietnam,1954,VNM,27427907.0,31754101910.0,2.67,0.097
Vietnam,1955,VNM,28166451.0,33146984687.0,3.524,0.125
Vietnam,1956,VNM,28922317.0,34502635699.0,2.908,0.101
Vietnam,1957,VNM,29754431.0,35813200566.0,2.876,0.097
Vietnam,1958,VNM,30658455.0,37248764449.0,5.015,0.164
Vietnam,1959,VNM,31585551.0,38721822757.0,6.605,0.209
Vietnam,1960,VNM,32531929.0,40330102312.0,7.484,0.23
Vietnam,1961,VNM,33409060.0,42315556503.0,7.978,0.239
Vietnam,1962,VNM,34288562.0,47686354421.0,9.338,0.272
Vietnam,1963,VNM,35249107.0,49115045570.0,9.11,0.258
Vietnam,1964,VNM,36201568.0,51513345464.0,11.788,0.326
Vietnam,1965,VNM,37129660.0,52087197328.0,13.15,0.354
Vietnam,1966,VNM,38024835.0,52540123718.0,19.181,0.504
Vietnam,1967,VNM,38895083.0,45975455332.0,22.962,0.59
Vietnam,1968,VNM,39734609.0,45129841460.0,23.601,0.594
Vietnam,1969,VNM,40582097.0,48936554226.0,27.056,0.667
Vietnam,1970,VNM,41475227.0,49899864015.0,28.173,0.679
Vietnam,1971,VNM,42449281.0,52424469359.0,24.504,0.577
Vietnam,1972,VNM,43429169.0,57069109968.0,23.035,0.53
Vietnam,1973,VNM,44409864.0,60966749292.0,25.068,0.564
Vietnam,1974,VNM,45413538.0,58534066500.0,19.058,0.42
Vietnam,1975,VNM,46482905.0,54421134359.0,21.771,0.468
Vietnam,1976,VNM,47684927.0,63562190156.0,13.899,0.291
Vietnam,1977,VNM,48954875.0,65895694187.0,15.247,0.311
Vietnam,1978,VNM,50249551.0,66386603632.0,15.388,0.306
Vietnam,1979,VNM,51378214.0,66730920210.0,16.25,0.316
Vietnam,1980,VNM,52490098.0,64834250171.0,16.789,0.32
Vietnam,1981,VNM,53738141.0,67145972480.0,17.695,0.329
Vietnam,1982,VNM,55011292.0,72591838335.0,18.342,0.333
Vietnam,1983,VNM,56337918.0,76562651425.0,19.27,0.342
Vietnam,1984,VNM,57706071.0,83442095468.0,17.495,0.303
Vietnam,1985,VNM,59060622.0,88396900683.0,21.097,0.357
Vietnam,1986,VNM,60347044.0,90992379667.0,20.585,0.341
Vietnam,1987,VNM,61584645.0,94239738281.0,23.297,0.378
Vietnam,1988,VNM,62843234.0,99912856953.0,23.073,0.367
Vietnam,1989,VNM,64147354.0,104599153187.0,17.398,0.271
Vietnam,1990,VNM,65504551.0,109939936906.0,21.299,0.325
Vietnam,1991,VNM,66891778.0,115933551072.0,21.376,0.32
Vietnam,1992,VNM,68260336.0,125543633553.0,21.466,0.314
Vietnam,1993,VNM,69586394.0,135210628764.0,22.853,0.328
Vietnam,1994,VNM,70854393.0,146640889667.0,27.362,0.386
Vietnam,1995,VNM,72049945.0,160152275679.0,30.088,0.418
Vietnam,1996,VNM,73156456.0,174450838100.0,35.482,0.485
Vietnam,1997,VNM,74226890.0,188059193812.0,45.502,0.613
Vietnam,1998,VNM,75299665.0,198278284704.0,47.866,0.636
Vietnam,1999,VNM,76287454.0,207067165620.0,48.548,0.636
Vietnam,2000,VNM,77154016.0,220383060780.0,53.935,0.699
Vietnam,2001,VNM,77969357.0,234846323475.0,60.983,0.782
Vietnam,2002,VNM,78772227.0,250683369279.0,69.531,0.883
Vietnam,2003,VNM,79563778.0,268202912195.0,77.261,0.971
Vietnam,2004,VNM,80338977.0,288148996981.0,88.939,1.107
Vietnam,2005,VNM,81088309.0,308988652738.0,95.842,1.182
Vietnam,2006,VNM,82167901.0,329425429734.0,99.656,1.213
Vietnam,2007,VNM,83633374.0,351786434406.0,101.433,1.213
Vietnam,2008,VNM,85175789.0,370681828207.0,114.3,1.342
Vietnam,2009,VNM,86460023.0,389670892896.0,124.493,1.44
Vietnam,2010,VNM,87455148.0,413666257649.0,139.564,1.596
Vietnam,2011,VNM,88468315.0,438354712953.0,152.564,1.725
Vietnam,2012,VNM,89510355.0,462486159336.0,144.288,1.612
Vietnam,2013,VNM,90573103.0,488172621311.0,151.459,1.672
Vietnam,2014,VNM,91679582.0,519523061605.0,180.048,1.964
Vietnam,2015,VNM,92823254.0,555822142751.0,213.391,2.299
Vietnam,2016,VNM,94000115.0,593006635951.0,221.027,2.351
Vietnam,2017,VNM,95176978.0,634161327073.0,227.694,2.392
Vietnam,2018,VNM,96237319.0,681501440291.0,255.468,2.655
Vietnam,2019,VNM,97173778.0,731653148132.0,339.312,3.492
Vietnam,2020,VNM,98079196.0,752629620043.0,362.599,3.697
Vietnam,2021,VNM,98935101.0,771912038182.0,314.197,3.176
Vietnam,2022,VNM,99680656.0,833803909046.0,322.653,3.237
Vietnam,2023,VNM,100352189.0,,347.399,3.462
Vietnam,2024,VNM,100987685.0,,370.931,3.673
Wallis and Futuna,1950,WLF,8557.0,,,
Wallis and Futuna,1951,WLF,8836.0,,,
Wallis and Futuna,1952,WLF,9201.0,,,
Wallis and Futuna,1953,WLF,9572.0,,,
Wallis and Futuna,1954,WLF,9739.0,,,
Wallis and Futuna,1955,WLF,9665.0,,,
Wallis and Futuna,1956,WLF,9538.0,,,
Wallis and Futuna,1957,WLF,9359.0,,,
Wallis and Futuna,1958,WLF,9155.0,,,
Wallis and Futuna,1959,WLF,8921.0,,,
Wallis and Futuna,1960,WLF,8646.0,,,
Wallis and Futuna,1961,WLF,8326.0,,,
Wallis and Futuna,1962,WLF,8173.0,,,
Wallis and Futuna,1963,WLF,8217.0,,,
Wallis and Futuna,1964,WLF,8277.0,,,
Wallis and Futuna,1965,WLF,8300.0,,,
Wallis and Futuna,1966,WLF,8324.0,,,
Wallis and Futuna,1967,WLF,8409.0,,,
Wallis and Futuna,1968,WLF,8521.0,,,
Wallis and Futuna,1969,WLF,8675.0,,,
Wallis and Futuna,1970,WLF,8857.0,,,
Wallis and Futuna,1971,WLF,9014.0,,,
Wallis and Futuna,1972,WLF,9160.0,,,
Wallis and Futuna,1973,WLF,9285.0,,,
Wallis and Futuna,1974,WLF,9383.0,,,
Wallis and Futuna,1975,WLF,9357.0,,,
Wallis and Futuna,1976,WLF,9426.0,,,
Wallis and Futuna,1977,WLF,9770.0,,,
Wallis and Futuna,1978,WLF,10201.0,,,
Wallis and Futuna,1979,WLF,10660.0,,,
Wallis and Futuna,1980,WLF,11139.0,,,
Wallis and Futuna,1981,WLF,11642.0,,,
Wallis and Futuna,1982,WLF,12163.0,,,
Wallis and Futuna,1983,WLF,12525.0,,,
Wallis and Futuna,1984,WLF,12688.0,,,
Wallis and Futuna,1985,WLF,12822.0,,,
Wallis and Futuna,1986,WLF,12956.0,,,
Wallis and Futuna,1987,WLF,13085.0,,,
Wallis and Futuna,1988,WLF,13224.0,,,
Wallis and Futuna,1989,WLF,13364.0,,,
Wallis and Futuna,1990,WLF,13503.0,,0.018,1.357
Wallis and Futuna,1991,WLF,13654.0,,0.018,1.342
Wallis and Futuna,1992,WLF,13799.0,,0.018,1.328
Wallis and Futuna,1993,WLF,13949.0,,0.022,1.576
Wallis and Futuna,1994,WLF,14084.0,,0.022,1.561
Wallis and Futuna,1995,WLF,14222.0,,0.022,1.546
Wallis and Futuna,1996,WLF,14340.0,,0.022,1.533
Wallis and Futuna,1997,WLF,14438.0,,0.022,1.523
Wallis and Futuna,1998,WLF,14553.0,,0.022,1.511
Wallis and Futuna,1999,WLF,14675.0,,0.022,1.498
Wallis and Futuna,2000,WLF,14804.0,,0.022,1.485
Wallis and Futuna,2001,WLF,14931.0,,0.026,1.718
Wallis and Futuna,2002,WLF,15048.0,,0.026,1.704
Wallis and Futuna,2003,WLF,15071.0,,0.026,1.702
Wallis and Futuna,2004,WLF,14916.0,,0.026,1.719
Wallis and Futuna,2005,WLF,14635.0,,0.026,1.753
Wallis and Futuna,2006,WLF,14333.0,,0.026,1.789
Wallis and Futuna,2007,WLF,14020.0,,0.026,1.829
Wallis and Futuna,2008,WLF,13706.0,,0.026,1.871
Wallis and Futuna,2009,WLF,13436.0,,0.026,1.909
Wallis and Futuna,2010,WLF,13189.0,,0.026,1.945
Wallis and Futuna,2011,WLF,12942.0,,0.026,1.982
Wallis and Futuna,2012,WLF,12709.0,,0.026,2.018
Wallis and Futuna,2013,WLF,12500.0,,0.026,2.052
Wallis and Futuna,2014,WLF,12328.0,,0.026,2.08
Wallis and Futuna,2015,WLF,12185.0,,0.026,2.105
Wallis and Futuna,2016,WLF,12057.0,,0.026,2.127
Wallis and Futuna,2017,WLF,11945.0,,0.026,2.147
Wallis and Futuna,2018,WLF,11827.0,,0.026,2.169
Wallis and Futuna,2019,WLF,11711.0,,0.026,2.19
Wallis and Futuna,2020,WLF,11640.0,,0.029,2.518
Wallis and Futuna,2021,WLF,11590.0,,0.029,2.529
Wallis and Futuna,2022,WLF,11501.0,,0.029,2.549
Wallis and Futuna,2023,WLF,11394.0,,0.029,2.56
Wallis and Futuna,2024,WLF,11303.0,,0.031,2.699
World,1950,,2493092852.0,8461551701531.0,5930.406,2.379
World,1951,,2536927034.0,,6381.651,2.516
World,1952,,2584086340.0,,6467.7,2.503
World,1953,,2634106241.0,,6651.039,2.525
World,1954,,2685894857.0,,6789.734,2.528
World,1955,,2740213796.0,,7444.103,2.717
World,1956,,2795409991.0,,7926.275,2.835
World,1957,,2852618331.0,,8185.976,2.87
World,1958,,2911249671.0,,8417.517,2.891
World,1959,,2965950350.0,,8855.112,2.986
World,1960,,3015470889.0,13338076573731.0,9386.951,3.113
World,1961,,3064869675.0,,9414.99,3.072
World,1962,,3123374312.0,,9747.241,3.121
World,1963,,3192807826.0,,10266.777,3.216
World,1964,,3264487343.0,,10824.47,3.316
World,1965,,3334533710.0,,11310.603,3.392
World,1966,,3404041131.0,,11862.625,3.485
World,1967,,3473412877.0,,12237.371,3.523
World,1968,,3545187246.0,,12905.273,3.64
World,1969,,3619491581.0,,13761.798,3.802
World,1970,,3694683794.0,21941934246399.0,14899.139,4.033
World,1971,,3769847867.0,,15503.862,4.113
World,1972,,3844917684.0,,16224.579,4.22
World,1973,,3920805041.0,,17077.285,4.356
World,1974,,3996416100.0,,16997.912,4.253
World,1975,,4070735279.0,,16988.477,4.173
World,1976,,4144246382.0,,17862.492,4.31
World,1977,,4217863796.0,,18358.039,4.352
World,1978,,4292097499.0,,19024.742,4.433
World,1979,,4368539520.0,,19508.59,4.466
World,1980,,4447606240.0,31982615792285.0,19409.793,4.364
World,1981,,4528777306.0,,18879.756,4.169
World,1982,,4612673415.0,,18729.742,4.06
World,1983,,4697327573.0,,18901.775,4.024
World,1984,,4782175518.0,,19457.25,4.069
World,1985,,4868943457.0,,20144.863,4.137
World,1986,,4958072839.0,,20438.045,4.122
World,1987,,5049746390.0,,21106.189,4.18
World,1988,,5141992540.0,,21918.756,4.263
World,1989,,5234431736.0,,22200.213,4.241
World,1990,,5327803106.0,43033605109062.0,22732.145,4.267
World,1991,,5418735886.0,,23205.592,4.282
World,1992,,5505989815.0,,22520.424,4.09
World,1993,,5591544802.0,,22749.873,4.069
World,1994,,5675551258.0,,22974.598,4.048
World,1995,,5758878977.0,,23516.639,4.084
World,1996,,5842055730.0,,24233.477,4.148
World,1997,,5924787819.0,,24380.322,4.115
World,1998,,6007066691.0,,24295.713,4.045
World,1999,,6089006328.0,,24837.771,4.079
World,2000,,6171702992.0,59897670914608.0,25511.482,4.134
World,2001,,6254936464.0,,25692.994,4.108
World,2002,,6337730343.0,,26265.332,4.144
World,2003,,6420361633.0,,27652.691,4.307
World,2004,,6503377774.0,,28610.023,4.399
World,2005,,6586970132.0,,29598.951,4.494
World,2006,,6671452019.0,,30594.152,4.586
World,2007,,6757308776.0,,31499.256,4.662
World,2008,,6844457659.0,,32049.66,4.683
World,2009,,6932766416.0,,31513.014,4.546
World,2010,,7021732143.0,89807710403740.0,33317.672,4.745
World,2011,,7110923773.0,,34479.988,4.849
World,2012,,7201202478.0,,34954.734,4.854
World,2013,,7291793585.0,,35275.82,4.838
World,2014,,7381616239.0,,35465.695,4.805
World,2015,,7470491876.0,106871829405667.0,35403.527,4.739
World,2016,,7558554527.0,110407200853028.0,35392.832,4.682
World,2017,,7645617952.0,114529588369027.0,35974.609,4.705
World,2018,,7729902779.0,118765812557841.0,36734.004,4.752
World,2019,,7811293699.0,122149370355621.0,37086.566,4.748
World,2020,,7887001289.0,118590021803593.0,35158.23,4.458
World,2021,,7954448387.0,126004793520756.0,36866.863,4.635
World,2022,,8021407196.0,130112562171125.0,37527.773,4.678
World,2023,,8091734933.0,,38094.039,4.708
World,2024,,8161972574.0,,38598.578,4.729
Yemen,1950,YEM,4616782.0,6936333035.0,0.059,0.013
Yemen,1951,YEM,4684151.0,7123529875.0,0.04,0.009
Yemen,1952,YEM,4758168.0,7311720266.0,0.059,0.012
Yemen,1953,YEM,4837297.0,7500628497.0,0.07,0.014
Yemen,1954,YEM,4921135.0,7702441257.0,4.455,0.905
Yemen,1955,YEM,5009669.0,7908521376.0,2.484,0.496
Yemen,1956,YEM,5103102.0,8113199783.0,2.33,0.457
Yemen,1957,YEM,5201614.0,8335104203.0,2.957,0.568
Yemen,1958,YEM,5305739.0,8552691722.0,1.883,0.355
Yemen,1959,YEM,5415917.0,8782462519.0,2.601,0.48
Yemen,1960,YEM,5532299.0,9025004331.0,3.631,0.656
Yemen,1961,YEM,5655237.0,9260464453.0,2.664,0.471
Yemen,1962,YEM,5782227.0,9510605958.0,3.884,0.672
Yemen,1963,YEM,5911141.0,9797187093.0,2.917,0.493
Yemen,1964,YEM,6048014.0,10052052742.0,3.631,0.6
Yemen,1965,YEM,6195597.0,10338008714.0,3.928,0.634
Yemen,1966,YEM,6351492.0,10632731586.0,3.462,0.545
Yemen,1967,YEM,6516449.0,10947035093.0,3.052,0.468
Yemen,1968,YEM,6690524.0,11242570044.0,11.637,1.739
Yemen,1969,YEM,6875859.0,11569780633.0,4.675,0.68
Yemen,1970,YEM,7065279.0,13919646227.0,2.51,0.355
Yemen,1971,YEM,7257468.0,16344616859.0,1.971,0.272
Yemen,1972,YEM,7460068.0,17651060190.0,1.495,0.2
Yemen,1973,YEM,7672798.0,19812815552.0,2.73,0.356
Yemen,1974,YEM,7896789.0,20961816473.0,2.246,0.284
Yemen,1975,YEM,8133602.0,22565709667.0,2.169,0.267
Yemen,1976,YEM,8384119.0,26088473540.0,2.565,0.306
Yemen,1977,YEM,8648223.0,28960150347.0,2.978,0.344
Yemen,1978,YEM,8926592.0,31418807378.0,3.103,0.348
Yemen,1979,YEM,9224198.0,33161660748.0,3.22,0.349
Yemen,1980,YEM,9543358.0,33333788964.0,3.315,0.347
Yemen,1981,YEM,9882368.0,35372648698.0,4.227,0.428
Yemen,1982,YEM,10241006.0,35964970042.0,5.94,0.58
Yemen,1983,YEM,10621498.0,38026058648.0,6.314,0.594
Yemen,1984,YEM,11025596.0,39495220971.0,7.149,0.648
Yemen,1985,YEM,11453825.0,39176911388.0,8.632,0.754
Yemen,1986,YEM,11901045.0,40043533007.0,8.245,0.693
Yemen,1987,YEM,12369914.0,41646189500.0,8.665,0.7
Yemen,1988,YEM,12859720.0,43431736801.0,9.585,0.745
Yemen,1989,YEM,13364180.0,44960954897.0,9.976,0.746
Yemen,1990,YEM,13887863.0,44971042042.0,9.572,0.689
Yemen,1991,YEM,14430205.0,47174437330.0,9.182,0.636
Yemen,1992,YEM,14989497.0,50259913722.0,9.926,0.662
Yemen,1993,YEM,15563919.0,51548676189.0,8.679,0.558
Yemen,1994,YEM,16149147.0,54341182837.0,9.964,0.617
Yemen,1995,YEM,16740057.0,56705822316.0,11.138,0.665
Yemen,1996,YEM,17313181.0,58927869978.0,11.375,0.657
Yemen,1997,YEM,17873943.0,61826323245.0,12.26,0.686
Yemen,1998,YEM,18446015.0,65613152856.0,12.931,0.701
Yemen,1999,YEM,19029421.0,68255122419.0,14.796,0.778
Yemen,2000,YEM,19624139.0,72599512561.0,15.832,0.807
Yemen,2001,YEM,20226146.0,75472904917.0,17.194,0.85
Yemen,2002,YEM,20835092.0,78586481705.0,16.707,0.802
Yemen,2003,YEM,21456379.0,81575438214.0,18.609,0.867
Yemen,2004,YEM,22095161.0,84847429283.0,20.109,0.91
Yemen,2005,YEM,22790082.0,89711703960.0,21.797,0.956
Yemen,2006,YEM,23543090.0,92691658274.0,23.906,1.015
Yemen,2007,YEM,24318090.0,95906720954.0,23.676,0.974
Yemen,2008,YEM,25111941.0,99520984206.0,24.537,0.977
Yemen,2009,YEM,25927723.0,103506292712.0,26.897,1.037
Yemen,2010,YEM,26754383.0,111622920604.0,25.818,0.965
Yemen,2011,YEM,27582902.0,97623324312.0,22.625,0.82
Yemen,2012,YEM,28433655.0,99959450246.0,20.467,0.72
Yemen,2013,YEM,29312955.0,104781489392.0,27.281,0.931
Yemen,2014,YEM,30226311.0,104583458743.0,26.592,0.88
Yemen,2015,YEM,31159378.0,75305316956.0,14.123,0.453
Yemen,2016,YEM,32109023.0,68245442015.0,10.044,0.313
Yemen,2017,YEM,33090923.0,64784033932.0,9.214,0.278
Yemen,2018,YEM,34085181.0,65271212493.0,11.504,0.338
Yemen,2019,YEM,35111416.0,66185009341.0,11.788,0.336
Yemen,2020,YEM,36134867.0,60559285911.0,10.757,0.298
Yemen,2021,YEM,37140234.0,59953691816.0,10.608,0.286
Yemen,2022,YEM,38222878.0,60852995288.0,10.404,0.272
Yemen,2023,YEM,39390800.0,,10.141,0.257
Yemen,2024,YEM,40583173.0,,10.123,0.249
Zambia,1950,ZMB,2321310.0,2690862000.0,2.33,1.004
Zambia,1951,ZMB,2393306.0,2864267000.0,2.569,1.074
Zambia,1952,ZMB,2467263.0,3046080000.0,2.89,1.171
Zambia,1953,ZMB,2543546.0,3237056000.0,3.15,1.239
Zambia,1954,ZMB,2622276.0,3446800000.0,3.464,1.321
Zambia,1955,ZMB,2703549.0,3365337000.0,4.085,1.511
Zambia,1956,ZMB,2787416.0,3764480000.0,4.453,1.598
Zambia,1957,ZMB,2874074.0,3926832000.0,4.584,1.595
Zambia,1958,ZMB,2963872.0,3827278000.0,4.095,1.382
Zambia,1959,ZMB,3057056.0,4626234000.0,4.568,1.494
Zambia,1960,ZMB,3153730.0,4978620000.0,4.355,1.381
Zambia,1961,ZMB,3254085.0,4988815000.0,3.709,1.14
Zambia,1962,ZMB,3358098.0,4936503000.0,3.583,1.067
Zambia,1963,ZMB,3465914.0,5044504000.0,3.444,0.994
Zambia,1964,ZMB,3577015.0,5715212000.0,3.275,0.916
Zambia,1965,ZMB,3692088.0,6752632000.0,3.912,1.06
Zambia,1966,ZMB,3812003.0,6385302000.0,3.498,0.918
Zambia,1967,ZMB,3936350.0,6883500000.0,4.788,1.216
Zambia,1968,ZMB,4065601.0,6979669000.0,4.568,1.123
Zambia,1969,ZMB,4197117.0,6939009000.0,4.271,1.018
Zambia,1970,ZMB,4321726.0,7270256206.0,3.766,0.871
Zambia,1971,ZMB,4442528.0,7269152386.0,3.79,0.853
Zambia,1972,ZMB,4569311.0,7935941340.0,4.061,0.889
Zambia,1973,ZMB,4702694.0,7860498974.0,4.586,0.975
Zambia,1974,ZMB,4842750.0,8497570312.0,4.197,0.867
Zambia,1975,ZMB,4990087.0,8168468037.0,4.076,0.817
Zambia,1976,ZMB,5143847.0,8649445681.0,4.019,0.781
Zambia,1977,ZMB,5302477.0,8231715591.0,3.735,0.704
Zambia,1978,ZMB,5465379.0,8277046588.0,3.471,0.635
Zambia,1979,ZMB,5631734.0,8026917830.0,3.596,0.639
Zambia,1980,ZMB,5802841.0,8276075994.0,3.523,0.607
Zambia,1981,ZMB,5983299.0,8781335744.0,3.358,0.561
Zambia,1982,ZMB,6178638.0,8531077245.0,3.511,0.568
Zambia,1983,ZMB,6381045.0,8369124843.0,3.261,0.511
Zambia,1984,ZMB,6580497.0,8333785722.0,2.804,0.426
Zambia,1985,ZMB,6780953.0,8480831298.0,2.733,0.403
Zambia,1986,ZMB,6986475.0,8540712575.0,2.866,0.41
Zambia,1987,ZMB,7191285.0,8760604315.0,2.674,0.372
Zambia,1988,ZMB,7391450.0,9313933248.0,3.109,0.421
Zambia,1989,ZMB,7589226.0,9411492041.0,2.57,0.339
Zambia,1990,ZMB,7786163.0,10251342241.0,2.407,0.309
Zambia,1991,ZMB,7981653.0,10509127569.0,2.382,0.298
Zambia,1992,ZMB,8176677.0,11062309627.0,2.425,0.297
Zambia,1993,ZMB,8373920.0,11412962029.0,2.466,0.294
Zambia,1994,ZMB,8576270.0,10221106422.0,2.393,0.279
Zambia,1995,ZMB,8785768.0,10865557573.0,2.142,0.244
Zambia,1996,ZMB,9004059.0,11923229356.0,1.838,0.204
Zambia,1997,ZMB,9237064.0,12774990714.0,2.354,0.255
Zambia,1998,ZMB,9482414.0,13130968549.0,2.278,0.24
Zambia,1999,ZMB,9740013.0,14188405377.0,1.778,0.183
Zambia,2000,ZMB,10017633.0,15211406947.0,1.784,0.178
Zambia,2001,ZMB,10325186.0,16519069217.0,1.886,0.183
Zambia,2002,ZMB,10647955.0,17827940431.0,1.961,0.184
Zambia,2003,ZMB,10983604.0,19691239689.0,2.074,0.189
Zambia,2004,ZMB,11338201.0,21770250951.0,2.104,0.186
Zambia,2005,ZMB,11718819.0,24119806314.0,2.243,0.191
Zambia,2006,ZMB,12129560.0,26908652008.0,2.231,0.184
Zambia,2007,ZMB,12565093.0,30152606854.0,2.298,0.183
Zambia,2008,ZMB,13021327.0,33594604263.0,2.553,0.196
Zambia,2009,ZMB,13490395.0,37919541851.0,2.94,0.218
Zambia,2010,ZMB,13965592.0,43221855090.0,3.121,0.223
Zambia,2011,ZMB,14437796.0,47143916201.0,3.379,0.234
Zambia,2012,ZMB,14913631.0,50725916750.0,4.177,0.28
Zambia,2013,ZMB,15399000.0,53291123090.0,4.427,0.287
Zambia,2014,ZMB,15895320.0,55794746119.0,5.283,0.332
Zambia,2015,ZMB,16399092.0,57423952993.0,5.522,0.337
Zambia,2016,ZMB,16914428.0,59592851316.0,5.978,0.353
Zambia,2017,ZMB,17441328.0,61680980857.0,7.459,0.428
Zambia,2018,ZMB,17973574.0,64169815579.0,8.658,0.482
Zambia,2019,ZMB,18513839.0,65094496543.0,8.846,0.478
Zambia,2020,ZMB,19059394.0,63281615083.0,9.991,0.524
Zambia,2021,ZMB,19603610.0,66191936884.0,9.35,0.477
Zambia,2022,ZMB,20152935.0,68469600029.0,10.939,0.543
Zambia,2023,ZMB,20723967.0,,11.831,0.571
Zambia,2024,ZMB,21314962.0,,12.043,0.565
Zimbabwe,1950,ZWE,2790908.0,3186969531.0,3.18,1.139
Zimbabwe,1951,ZWE,2880901.0,3396532996.0,3.506,1.217
Zimbabwe,1952,ZWE,2972913.0,3555366657.0,3.944,1.327
Zimbabwe,1953,ZWE,3067172.0,3864261086.0,4.299,1.402
Zimbabwe,1954,ZWE,3163884.0,4071253000.0,4.727,1.494
Zimbabwe,1955,ZWE,3263221.0,4390814011.0,5.574,1.708
Zimbabwe,1956,ZWE,3365533.0,5019288877.0,6.077,1.806
Zimbabwe,1957,ZWE,3471158.0,5371058949.0,6.255,1.802
Zimbabwe,1958,ZWE,3580185.0,5435442682.0,5.588,1.561
Zimbabwe,1959,ZWE,3692810.0,5729359909.0,6.233,1.688
Zimbabwe,1960,ZWE,3809392.0,5996344992.0,5.943,1.56
Zimbabwe,1961,ZWE,3930402.0,6309538593.0,5.061,1.288
Zimbabwe,1962,ZWE,4055968.0,6403770552.0,4.889,1.205
Zimbabwe,1963,ZWE,4185875.0,6336239214.0,4.7,1.123
Zimbabwe,1964,ZWE,4320004.0,6892102775.0,4.469,1.035
Zimbabwe,1965,ZWE,4458457.0,7346506453.0,5.209,1.168
Zimbabwe,1966,ZWE,4601223.0,7451799704.0,6.041,1.313
Zimbabwe,1967,ZWE,4748309.0,8082609184.0,5.294,1.115
Zimbabwe,1968,ZWE,4900440.0,8233532496.0,6.378,1.301
Zimbabwe,1969,ZWE,5058185.0,9265699842.0,6.744,1.333
Zimbabwe,1970,ZWE,5215919.0,11266197319.0,8.154,1.563
Zimbabwe,1971,ZWE,5374719.0,12260791384.0,8.733,1.625
Zimbabwe,1972,ZWE,5542444.0,13293053648.0,8.216,1.482
Zimbabwe,1973,ZWE,5720413.0,13702450066.0,9.271,1.621
Zimbabwe,1974,ZWE,5908337.0,14042517480.0,9.047,1.531
Zimbabwe,1975,ZWE,6098653.0,14173916015.0,8.311,1.363
Zimbabwe,1976,ZWE,6287107.0,14051752066.0,10.855,1.727
Zimbabwe,1977,ZWE,6449517.0,12925540092.0,9.284,1.44
Zimbabwe,1978,ZWE,6543573.0,13290826255.0,9.28,1.418
Zimbabwe,1979,ZWE,6647557.0,13292164443.0,9.432,1.419
Zimbabwe,1980,ZWE,7041304.0,14798813484.0,9.614,1.365
Zimbabwe,1981,ZWE,7498641.0,16663747513.0,9.405,1.254
Zimbabwe,1982,ZWE,7796503.0,17105813593.0,8.78,1.126
Zimbabwe,1983,ZWE,8098408.0,17363073881.0,10.425,1.287
Zimbabwe,1984,ZWE,8391494.0,17034589063.0,9.88,1.177
Zimbabwe,1985,ZWE,8686815.0,18216719062.0,10.214,1.176
Zimbabwe,1986,ZWE,8982579.0,18703382208.0,13.068,1.455
Zimbabwe,1987,ZWE,9284649.0,18469822945.0,15.17,1.634
Zimbabwe,1988,ZWE,9583099.0,20209939093.0,16.029,1.673
Zimbabwe,1989,ZWE,9864797.0,21522544625.0,16.114,1.633
Zimbabwe,1990,ZWE,10137287.0,21937054921.0,15.537,1.533
Zimbabwe,1991,ZWE,10404820.0,23189857636.0,15.491,1.489
Zimbabwe,1992,ZWE,10702697.0,21133778927.0,16.702,1.561
Zimbabwe,1993,ZWE,10860285.0,21406462048.0,16.032,1.476
Zimbabwe,1994,ZWE,10873146.0,23447496711.0,17.383,1.599
Zimbabwe,1995,ZWE,10974607.0,23569800045.0,15.017,1.368
Zimbabwe,1996,ZWE,11158364.0,26145775719.0,14.894,1.335
Zimbabwe,1997,ZWE,11369833.0,27012558407.0,13.901,1.223
Zimbabwe,1998,ZWE,11594299.0,27984298870.0,14.127,1.218
Zimbabwe,1999,ZWE,11783454.0,27841288874.0,15.724,1.334
Zimbabwe,2000,ZWE,11892055.0,26765004403.0,13.815,1.162
Zimbabwe,2001,ZWE,11971904.0,26781181341.0,12.509,1.045
Zimbabwe,2002,ZWE,12087661.0,24872482259.0,11.896,0.984
Zimbabwe,2003,ZWE,12232324.0,20952016540.0,10.61,0.867
Zimbabwe,2004,ZWE,12365901.0,19792844101.0,9.429,0.762
Zimbabwe,2005,ZWE,12483433.0,18444472497.0,10.698,0.857
Zimbabwe,2006,ZWE,12636442.0,18043000167.0,10.365,0.82
Zimbabwe,2007,ZWE,12804062.0,17769105175.0,9.835,0.768
Zimbabwe,2008,ZWE,12959154.0,15050245186.0,7.72,0.596
Zimbabwe,2009,ZWE,13142791.0,16275797005.0,8.25,0.628
Zimbabwe,2010,ZWE,13356551.0,17918418386.0,8.754,0.655
Zimbabwe,2011,ZWE,13595421.0,19554105000.0,10.363,0.762
Zimbabwe,2012,ZWE,13817887.0,22811427551.0,11.257,0.815
Zimbabwe,2013,ZWE,14013811.0,23261956135.0,11.671,0.833
Zimbabwe,2014,ZWE,14207367.0,23818844326.0,11.946,0.841
Zimbabwe,2015,ZWE,14399008.0,24246158745.0,12.017,0.835
Zimbabwe,2016,ZWE,14600297.0,24362052665.0,10.588,0.725
Zimbabwe,2017,ZWE,14812484.0,25576014023.0,9.831,0.664
Zimbabwe,2018,ZWE,15034457.0,26786271482.0,11.209,0.746
Zimbabwe,2019,ZWE,15271377.0,25146416205.0,10.267,0.672
Zimbabwe,2020,ZWE,15526887.0,23178707175.0,8.491,0.547
Zimbabwe,2021,ZWE,15797220.0,25140088767.0,10.223,0.647
Zimbabwe,2022,ZWE,16069061.0,25901585881.0,12.232,0.761
Zimbabwe,2023,ZWE,16340829.0,,13.443,0.823
Zimbabwe,2024,ZWE,16634366.0,,13.701,0.824
